run,noise,agent_1,agent_2,agent_3,agent_4,agent_5,agent_6,agent_7,agent_8,aggregate_welfare,ordinal_harm_blind,cardinal_harm,inequality,gini
1,1.0,87,66,41,120,114,191,205,128,-11.0,5.0,11.0,2.4285714285714284,0.12473739495798308
2,1.0,40,101,214,58,96,130,181,185,-11.946428571428571,7.0,11.946428571428571,2.607142857142857,0.14079601990049762
3,1.0,53,159,91,75,148,316,224,272,-17.892857142857142,5.0,17.892857142857142,4.196428571428571,0.17731689088191338
4,1.0,51,172,65,116,105,204,229,167,-13.803571428571429,6.0,13.803571428571429,2.6785714285714284,0.1221821460775474
5,1.0,86,53,85,125,118,112,168,194,-10.803571428571429,4.0,10.803571428571429,2.017857142857143,0.07757704569606805
