Starting simulations (main3 — LEVEL×DEPTH):
  level = 0
  depth = 2
  maps = 1
  runs per map = 1
  threads = 1
  output dir = /Users/lie-panis/Library/CloudStorage/Dropbox/1. Research projects/2. Ongoing/Cutting the line/line_modeling-worktrees/proj2-nerfed/src/../data/simulations/debug_main7_yesE_2026-04-27_090139/raw
  save trajectories = true

Starting map yes_line_E (thread 1)
[1] map=yes_line_E.pddl run=1
[DEBUG d>=2] k=7 (idx=1 in order) at (6, 10) — 3 candidates, lookahead=1
    wait(agent7)                                        value=-48.0000
  * up(agent7)                                          value=-46.0000
    down(agent7)                                        value=-46.0000
        chosen: up(agent7)  (best_value=-46.0000)
[DEBUG d>=2] k=4 (idx=2 in order) at (9, 10) — 3 candidates, lookahead=1
  * wait(agent4)                                        value=-43.0000
    up(agent4)                                          value=-43.0000
    down(agent4)                                        value=-43.0000
        chosen: wait(agent4)  (best_value=-43.0000)
[DEBUG d>=2] k=2 (idx=3 in order) at (11, 10) — 3 candidates, lookahead=1
  * wait(agent2)                                        value=-39.0000
    up(agent2)                                          value=-43.0000
    down(agent2)                                        value=-40.0000
        chosen: wait(agent2)  (best_value=-39.0000)
[DEBUG d>=2] k=3 (idx=4 in order) at (10, 10) — 5 candidates, lookahead=1
    left(agent3)                                        value=-43.0000
  * right(agent3)                                       value=-39.0000
    wait(agent3)                                        value=-40.0000
    up(agent3)                                          value=-42.0000
    down(agent3)                                        value=-43.0000
        chosen: right(agent3)  (best_value=-39.0000)
[DEBUG d>=2] k=1 (idx=5 in order) at (12, 10) — 4 candidates, lookahead=1
    left(agent1)                                        value=-33.0000
  * right(agent1)                                       value=-32.0000
    wait(agent1)                                        value=-32.0000
    down(agent1)                                        value=-35.0000
        chosen: right(agent1)  (best_value=-32.0000)
[DEBUG d>=2] k=8 (idx=6 in order) at (5, 10) — 5 candidates, lookahead=1
    left(agent8)                                        value=-49.0000
  * right(agent8)                                       value=-48.0000
    wait(agent8)                                        value=-48.0000
    up(agent8)                                          value=-50.0000
    down(agent8)                                        value=-48.0000
        chosen: right(agent8)  (best_value=-48.0000)
[DEBUG d>=2] k=5 (idx=7 in order) at (8, 10) — 4 candidates, lookahead=1
  * right(agent5)                                       value=-43.0000
    wait(agent5)                                        value=-43.0000
    up(agent5)                                          value=-44.0000
    down(agent5)                                        value=-44.0000
        chosen: right(agent5)  (best_value=-43.0000)
[DEBUG d>=2] k=6 (idx=8 in order) at (7, 10) — 4 candidates, lookahead=1
  * right(agent6)                                       value=-45.0000
    wait(agent6)                                        value=-46.0000
    up(agent6)                                          value=-46.0000
    down(agent6)                                        value=-45.0000
        chosen: right(agent6)  (best_value=-45.0000)
[DEBUG d>=2] k=7 (idx=1 in order) at (6, 9) — 4 candidates, lookahead=1
    left(agent7)                                        value=-50.0000
    right(agent7)                                       value=-48.0000
  * wait(agent7)                                        value=-46.0000
    up(agent7)                                          value=-50.0000
        chosen: wait(agent7)  (best_value=-46.0000)
[DEBUG d>=2] k=4 (idx=2 in order) at (9, 10) — 3 candidates, lookahead=1
    wait(agent4)                                        value=-45.0000
    up(agent4)                                          value=-46.0000
  * down(agent4)                                        value=-44.0000
        chosen: down(agent4)  (best_value=-44.0000)
[DEBUG d>=2] k=2 (idx=3 in order) at (11, 10) — 4 candidates, lookahead=1
    right(agent2)                                       value=-36.0000
  * wait(agent2)                                        value=-35.0000
    up(agent2)                                          value=-44.0000
    down(agent2)                                        value=-40.0000
        chosen: wait(agent2)  (best_value=-35.0000)
[DEBUG d>=2] k=3 (idx=4 in order) at (10, 10) — 5 candidates, lookahead=1
  * left(agent3)                                        value=-37.0000
    right(agent3)                                       value=-41.0000
    wait(agent3)                                        value=-38.0000
    up(agent3)                                          value=-39.0000
    down(agent3)                                        value=-41.0000
        chosen: left(agent3)  (best_value=-37.0000)
[DEBUG d>=2] k=1 (idx=5 in order) at (13, 10) — 4 candidates, lookahead=1
    right(agent1)                                       value=-36.0000
    wait(agent1)                                        value=-35.0000
  * up(agent1)                                          value=-34.0000
    down(agent1)                                        value=-36.0000
        chosen: up(agent1)  (best_value=-34.0000)
[DEBUG d>=2] k=8 (idx=6 in order) at (6, 10) — 4 candidates, lookahead=1
    left(agent8)                                        value=-49.0000
    wait(agent8)                                        value=-48.0000
    up(agent8)                                          value=-49.0000
  * down(agent8)                                        value=-47.0000
        chosen: down(agent8)  (best_value=-47.0000)
[DEBUG d>=2] k=5 (idx=7 in order) at (8, 10) — 4 candidates, lookahead=1
    right(agent5)                                       value=-45.0000
  * wait(agent5)                                        value=-42.0000
    up(agent5)                                          value=-47.0000
    down(agent5)                                        value=-45.0000
        chosen: wait(agent5)  (best_value=-42.0000)
[DEBUG d>=2] k=6 (idx=8 in order) at (7, 10) — 5 candidates, lookahead=1
    left(agent6)                                        value=-48.0000
  * right(agent6)                                       value=-46.0000
    wait(agent6)                                        value=-47.0000
    up(agent6)                                          value=-48.0000
    down(agent6)                                        value=-46.0000
        chosen: right(agent6)  (best_value=-46.0000)
[DEBUG d>=2] k=7 (idx=1 in order) at (6, 9) — 5 candidates, lookahead=1
    left(agent7)                                        value=-50.0000
  * right(agent7)                                       value=-48.0000
    wait(agent7)                                        value=-49.0000
    up(agent7)                                          value=-48.0000
    down(agent7)                                        value=-48.0000
        chosen: right(agent7)  (best_value=-48.0000)
[DEBUG d>=2] k=4 (idx=2 in order) at (9, 11) — 4 candidates, lookahead=1
    left(agent4)                                        value=-43.0000
    right(agent4)                                       value=-41.0000
  * wait(agent4)                                        value=-40.0000
    down(agent4)                                        value=-43.0000
        chosen: wait(agent4)  (best_value=-40.0000)
[DEBUG d>=2] k=2 (idx=3 in order) at (11, 10) — 5 candidates, lookahead=1
    left(agent2)                                        value=-38.0000
  * right(agent2)                                       value=-36.0000
    wait(agent2)                                        value=-37.0000
    up(agent2)                                          value=-38.0000
    down(agent2)                                        value=-38.0000
        chosen: right(agent2)  (best_value=-36.0000)
[DEBUG d>=2] k=3 (idx=4 in order) at (9, 10) — 4 candidates, lookahead=1
  * right(agent3)                                       value=-42.0000
    wait(agent3)                                        value=-43.0000
    up(agent3)                                          value=-44.0000
    down(agent3)                                        value=-44.0000
        chosen: right(agent3)  (best_value=-42.0000)
[DEBUG d>=2] k=1 (idx=5 in order) at (13, 9) — 4 candidates, lookahead=1
    right(agent1)                                       value=-35.0000
    wait(agent1)                                        value=-34.0000
  * up(agent1)                                          value=-33.0000
    down(agent1)                                        value=-35.0000
        chosen: up(agent1)  (best_value=-33.0000)
[DEBUG d>=2] k=8 (idx=6 in order) at (6, 11) — 5 candidates, lookahead=1
    left(agent8)                                        value=-48.0000
  * right(agent8)                                       value=-46.0000
    wait(agent8)                                        value=-47.0000
    up(agent8)                                          value=-48.0000
    down(agent8)                                        value=-46.0000
        chosen: right(agent8)  (best_value=-46.0000)
[DEBUG d>=2] k=5 (idx=7 in order) at (8, 10) — 4 candidates, lookahead=1
  * right(agent5)                                       value=-45.0000
    wait(agent5)                                        value=-46.0000
    up(agent5)                                          value=-45.0000
    down(agent5)                                        value=-45.0000
        chosen: right(agent5)  (best_value=-45.0000)
[DEBUG d>=2] k=6 (idx=8 in order) at (7, 10) — 3 candidates, lookahead=1
    left(agent6)                                        value=-48.0000
  * right(agent6)                                       value=-46.0000
    wait(agent6)                                        value=-47.0000
        chosen: right(agent6)  (best_value=-46.0000)
[DEBUG d>=2] k=7 (idx=1 in order) at (7, 9) — 5 candidates, lookahead=1
  * left(agent7)                                        value=-49.0000
    right(agent7)                                       value=-57.0000
    wait(agent7)                                        value=-56.0000
    up(agent7)                                          value=-53.0000
    down(agent7)                                        value=-53.0000
        chosen: left(agent7)  (best_value=-49.0000)
[DEBUG d>=2] k=4 (idx=2 in order) at (9, 11) — 4 candidates, lookahead=1
    left(agent4)                                        value=-45.0000
  * right(agent4)                                       value=-41.0000
    wait(agent4)                                        value=-42.0000
    down(agent4)                                        value=-43.0000
        chosen: right(agent4)  (best_value=-41.0000)
[DEBUG d>=2] k=2 (idx=3 in order) at (12, 10) — 4 candidates, lookahead=1
  * left(agent2)                                        value=-37.0000
    right(agent2)                                       value=-39.0000
    wait(agent2)                                        value=-40.0000
    down(agent2)                                        value=-39.0000
        chosen: left(agent2)  (best_value=-37.0000)
[DEBUG d>=2] k=3 (idx=4 in order) at (10, 10) — 3 candidates, lookahead=1
  * right(agent3)                                       value=-41.0000
    wait(agent3)                                        value=-42.0000
    up(agent3)                                          value=-45.0000
        chosen: right(agent3)  (best_value=-41.0000)
[DEBUG d>=2] k=1 (idx=5 in order) at (13, 8) — 4 candidates, lookahead=1
    right(agent1)                                       value=-36.0000
    wait(agent1)                                        value=-37.0000
  * up(agent1)                                          value=-34.0000
    down(agent1)                                        value=-38.0000
        chosen: up(agent1)  (best_value=-34.0000)
[DEBUG d>=2] k=8 (idx=6 in order) at (7, 11) — 5 candidates, lookahead=1
    left(agent8)                                        value=-49.0000
  * right(agent8)                                       value=-45.0000
    wait(agent8)                                        value=-46.0000
    up(agent8)                                          value=-47.0000
    down(agent8)                                        value=-47.0000
        chosen: right(agent8)  (best_value=-45.0000)
[DEBUG d>=2] k=5 (idx=7 in order) at (9, 10) — 4 candidates, lookahead=1
    right(agent5)                                       value=-54.0000
    wait(agent5)                                        value=-47.0000
  * up(agent5)                                          value=-46.0000
    down(agent5)                                        value=-46.0000
        chosen: up(agent5)  (best_value=-46.0000)
[DEBUG d>=2] k=6 (idx=8 in order) at (8, 10) — 4 candidates, lookahead=1
    left(agent6)                                        value=-49.0000
    right(agent6)                                       value=-51.0000
    wait(agent6)                                        value=-48.0000
  * down(agent6)                                        value=-45.0000
        chosen: down(agent6)  (best_value=-45.0000)
[DEBUG d>=2] k=7 (idx=1 in order) at (6, 9) — 5 candidates, lookahead=1
    left(agent7)                                        value=-50.0000
  * right(agent7)                                       value=-48.0000
    wait(agent7)                                        value=-49.0000
    up(agent7)                                          value=-54.0000
    down(agent7)                                        value=-48.0000
        chosen: right(agent7)  (best_value=-48.0000)
[DEBUG d>=2] k=4 (idx=2 in order) at (10, 11) — 4 candidates, lookahead=1
    left(agent4)                                        value=-44.0000
  * right(agent4)                                       value=-39.0000
    wait(agent4)                                        value=-40.0000
    down(agent4)                                        value=-42.0000
        chosen: right(agent4)  (best_value=-39.0000)
[DEBUG d>=2] k=2 (idx=3 in order) at (11, 10) — 3 candidates, lookahead=1
  * right(agent2)                                       value=-34.0000
    wait(agent2)                                        value=-37.0000
    up(agent2)                                          value=-51.0000
        chosen: right(agent2)  (best_value=-34.0000)
[DEBUG d>=2] k=3 (idx=4 in order) at (10, 10) — 5 candidates, lookahead=1
    left(agent3)                                        value=-45.0000
    right(agent3)                                       value=-47.0000
    wait(agent3)                                        value=-44.0000
    up(agent3)                                          value=-45.0000
  * down(agent3)                                        value=-43.0000
        chosen: down(agent3)  (best_value=-43.0000)
[DEBUG d>=2] k=1 (idx=5 in order) at (13, 7) — 4 candidates, lookahead=1
    right(agent1)                                       value=-35.0000
    wait(agent1)                                        value=-34.0000
  * up(agent1)                                          value=-33.0000
    down(agent1)                                        value=-35.0000
        chosen: up(agent1)  (best_value=-33.0000)
[DEBUG d>=2] k=8 (idx=6 in order) at (8, 11) — 4 candidates, lookahead=1
    left(agent8)                                        value=-46.0000
  * right(agent8)                                       value=-44.0000
    wait(agent8)                                        value=-45.0000
    down(agent8)                                        value=-44.0000
        chosen: right(agent8)  (best_value=-44.0000)
[DEBUG d>=2] k=5 (idx=7 in order) at (9, 9) — 5 candidates, lookahead=1
    left(agent5)                                        value=-49.0000
    right(agent5)                                       value=-49.0000
    wait(agent5)                                        value=-50.0000
    up(agent5)                                          value=-49.0000
  * down(agent5)                                        value=-46.0000
        chosen: down(agent5)  (best_value=-46.0000)
[DEBUG d>=2] k=6 (idx=8 in order) at (8, 10) — 4 candidates, lookahead=1
    left(agent6)                                        value=-47.0000
    right(agent6)                                       value=-47.0000
    wait(agent6)                                        value=-46.0000
  * down(agent6)                                        value=-45.0000
        chosen: down(agent6)  (best_value=-45.0000)
[DEBUG d>=2] k=7 (idx=1 in order) at (7, 9) — 5 candidates, lookahead=1
    left(agent7)                                        value=-55.0000
    right(agent7)                                       value=-50.0000
  * wait(agent7)                                        value=-49.0000
    up(agent7)                                          value=-53.0000
    down(agent7)                                        value=-53.0000
        chosen: wait(agent7)  (best_value=-49.0000)
[DEBUG d>=2] k=4 (idx=2 in order) at (11, 11) — 4 candidates, lookahead=1
    right(agent4)                                       value=-40.0000
  * wait(agent4)                                        value=-39.0000
    up(agent4)                                          value=-42.0000
    down(agent4)                                        value=-42.0000
        chosen: wait(agent4)  (best_value=-39.0000)
[DEBUG d>=2] k=2 (idx=3 in order) at (12, 10) — 3 candidates, lookahead=1
    left(agent2)                                        value=-36.0000
  * right(agent2)                                       value=-34.0000
    wait(agent2)                                        value=-35.0000
        chosen: right(agent2)  (best_value=-34.0000)
[DEBUG d>=2] k=3 (idx=4 in order) at (10, 11) — 4 candidates, lookahead=1
  * right(agent3)                                       value=-43.0000
    wait(agent3)                                        value=-43.0000
    up(agent3)                                          value=-45.0000
    down(agent3)                                        value=-44.0000
        chosen: right(agent3)  (best_value=-43.0000)
[DEBUG d>=2] k=1 (idx=5 in order) at (13, 6) — 4 candidates, lookahead=1
  * right(agent1)                                       value=-33.0000
    wait(agent1)                                        value=-35.0000
    up(agent1)                                          value=-33.0000
    down(agent1)                                        value=-35.0000
        chosen: right(agent1)  (best_value=-33.0000)
[DEBUG d>=2] k=8 (idx=6 in order) at (9, 11) — 3 candidates, lookahead=1
    right(agent8)                                       value=-46.0000
  * wait(agent8)                                        value=-44.0000
    down(agent8)                                        value=-46.0000
        chosen: wait(agent8)  (best_value=-44.0000)
[DEBUG d>=2] k=5 (idx=7 in order) at (9, 10) — 5 candidates, lookahead=1
    left(agent5)                                        value=-47.0000
    right(agent5)                                       value=-47.0000
    wait(agent5)                                        value=-47.0000
    up(agent5)                                          value=-47.0000
  * down(agent5)                                        value=-46.0000
        chosen: down(agent5)  (best_value=-46.0000)
[DEBUG d>=2] k=6 (idx=8 in order) at (8, 11) — 5 candidates, lookahead=1
    left(agent6)                                        value=-48.0000
    right(agent6)                                       value=-47.0000
    wait(agent6)                                        value=-45.0000
    up(agent6)                                          value=-48.0000
  * down(agent6)                                        value=-44.0000
        chosen: down(agent6)  (best_value=-44.0000)
[DEBUG d>=2] k=7 (idx=1 in order) at (7, 9) — 5 candidates, lookahead=1
    left(agent7)                                        value=-47.0000
    right(agent7)                                       value=-45.0000
    wait(agent7)                                        value=-46.0000
    up(agent7)                                          value=-45.0000
  * down(agent7)                                        value=-44.0000
        chosen: down(agent7)  (best_value=-44.0000)
[DEBUG d>=2] k=4 (idx=2 in order) at (11, 11) — 4 candidates, lookahead=1
    right(agent4)                                       value=-39.0000
    wait(agent4)                                        value=-40.0000
  * up(agent4)                                          value=-37.0000
    down(agent4)                                        value=-41.0000
        chosen: up(agent4)  (best_value=-37.0000)
[DEBUG d>=2] k=2 (idx=3 in order) at (13, 10) — 5 candidates, lookahead=1
  * left(agent2)                                        value=-32.0000
    right(agent2)                                       value=-34.0000
    wait(agent2)                                        value=-33.0000
    up(agent2)                                          value=-32.0000
    down(agent2)                                        value=-34.0000
        chosen: left(agent2)  (best_value=-32.0000)
[DEBUG d>=2] k=3 (idx=4 in order) at (10, 11) — 4 candidates, lookahead=1
    right(agent3)                                       value=-40.0000
    wait(agent3)                                        value=-41.0000
  * up(agent3)                                          value=-38.0000
    down(agent3)                                        value=-42.0000
        chosen: up(agent3)  (best_value=-38.0000)
[DEBUG d>=2] k=1 (idx=5 in order) at (14, 6) — 4 candidates, lookahead=1
    left(agent1)                                        value=-31.0000
    wait(agent1)                                        value=-30.0000
  * up(agent1)                                          value=-29.0000
    down(agent1)                                        value=-31.0000
        chosen: up(agent1)  (best_value=-29.0000)
[DEBUG d>=2] k=8 (idx=6 in order) at (9, 11) — 4 candidates, lookahead=1
    left(agent8)                                        value=-45.0000
  * right(agent8)                                       value=-43.0000
    wait(agent8)                                        value=-44.0000
    down(agent8)                                        value=-43.0000
        chosen: right(agent8)  (best_value=-43.0000)
[DEBUG d>=2] k=5 (idx=7 in order) at (9, 10) — 4 candidates, lookahead=1
    left(agent5)                                        value=-44.0000
    wait(agent5)                                        value=-43.0000
  * up(agent5)                                          value=-42.0000
    down(agent5)                                        value=-44.0000
        chosen: up(agent5)  (best_value=-42.0000)
[DEBUG d>=2] k=6 (idx=8 in order) at (8, 12) — 5 candidates, lookahead=1
    left(agent6)                                        value=-45.0000
  * right(agent6)                                       value=-43.0000
    wait(agent6)                                        value=-44.0000
    up(agent6)                                          value=-45.0000
    down(agent6)                                        value=-45.0000
        chosen: right(agent6)  (best_value=-43.0000)
[DEBUG d>=2] k=7 (idx=1 in order) at (7, 10) — 5 candidates, lookahead=1
    left(agent7)                                        value=-58.0000
  * right(agent7)                                       value=-56.0000
    wait(agent7)                                        value=-57.0000
    up(agent7)                                          value=-58.0000
    down(agent7)                                        value=-56.0000
        chosen: right(agent7)  (best_value=-56.0000)
[DEBUG d>=2] k=4 (idx=2 in order) at (11, 10) — 3 candidates, lookahead=1
    wait(agent4)                                        value=-43.0000
    up(agent4)                                          value=-54.0000
  * down(agent4)                                        value=-40.0000
        chosen: down(agent4)  (best_value=-40.0000)
[DEBUG d>=2] k=2 (idx=3 in order) at (12, 10) — 4 candidates, lookahead=1
  * left(agent2)                                        value=-35.0000
    right(agent2)                                       value=-39.0000
    wait(agent2)                                        value=-36.0000
    down(agent2)                                        value=-43.0000
        chosen: left(agent2)  (best_value=-35.0000)
[DEBUG d>=2] k=3 (idx=4 in order) at (10, 10) — 4 candidates, lookahead=1
    left(agent3)                                        value=-44.0000
  * right(agent3)                                       value=-41.0000
    wait(agent3)                                        value=-43.0000
    up(agent3)                                          value=-44.0000
        chosen: right(agent3)  (best_value=-41.0000)
[DEBUG d>=2] k=1 (idx=5 in order) at (14, 5) — 4 candidates, lookahead=1
    left(agent1)                                        value=-36.0000
    wait(agent1)                                        value=-35.0000
  * up(agent1)                                          value=-34.0000
    down(agent1)                                        value=-36.0000
        chosen: up(agent1)  (best_value=-34.0000)
[DEBUG d>=2] k=8 (idx=6 in order) at (10, 11) — 4 candidates, lookahead=1
    left(agent8)                                        value=-50.0000
    wait(agent8)                                        value=-51.0000
    up(agent8)                                          value=-52.0000
  * down(agent8)                                        value=-44.0000
        chosen: down(agent8)  (best_value=-44.0000)
[DEBUG d>=2] k=5 (idx=7 in order) at (9, 9) — 5 candidates, lookahead=1
  * left(agent5)                                        value=-57.0000
    right(agent5)                                       value=-59.0000
    wait(agent5)                                        value=-58.0000
    up(agent5)                                          value=-59.0000
    down(agent5)                                        value=-57.0000
        chosen: left(agent5)  (best_value=-57.0000)
[DEBUG d>=2] k=6 (idx=8 in order) at (9, 12) — 4 candidates, lookahead=1
    left(agent6)                                        value=-50.0000
    wait(agent6)                                        value=-49.0000
    up(agent6)                                          value=-50.0000
  * down(agent6)                                        value=-48.0000
        chosen: down(agent6)  (best_value=-48.0000)
[DEBUG d>=2] k=7 (idx=1 in order) at (8, 10) — 4 candidates, lookahead=1
    left(agent7)                                        value=-55.0000
  * right(agent7)                                       value=-51.0000
    wait(agent7)                                        value=-52.0000
    down(agent7)                                        value=-53.0000
        chosen: right(agent7)  (best_value=-51.0000)
[DEBUG d>=2] k=4 (idx=2 in order) at (11, 11) — 4 candidates, lookahead=1
    left(agent4)                                        value=-40.0000
    right(agent4)                                       value=-38.0000
  * wait(agent4)                                        value=-37.0000
    down(agent4)                                        value=-41.0000
        chosen: wait(agent4)  (best_value=-37.0000)
[DEBUG d>=2] k=2 (idx=3 in order) at (11, 10) — 4 candidates, lookahead=1
  * right(agent2)                                       value=-34.0000
    wait(agent2)                                        value=-34.0000
    up(agent2)                                          value=-56.0000
    down(agent2)                                        value=-52.0000
        chosen: right(agent2)  (best_value=-34.0000)
[DEBUG d>=2] k=3 (idx=4 in order) at (10, 10) — 5 candidates, lookahead=1
    left(agent3)                                        value=-53.0000
    right(agent3)                                       value=-53.0000
  * wait(agent3)                                        value=-52.0000
    up(agent3)                                          value=-55.0000
    down(agent3)                                        value=-53.0000
        chosen: wait(agent3)  (best_value=-52.0000)
[DEBUG d>=2] k=1 (idx=5 in order) at (14, 4) — 4 candidates, lookahead=1
  * left(agent1)                                        value=-33.0000
    wait(agent1)                                        value=-34.0000
    up(agent1)                                          value=-33.0000
    down(agent1)                                        value=-35.0000
        chosen: left(agent1)  (best_value=-33.0000)
[DEBUG d>=2] k=8 (idx=6 in order) at (10, 12) — 5 candidates, lookahead=1
    left(agent8)                                        value=-41.0000
  * right(agent8)                                       value=-39.0000
    wait(agent8)                                        value=-40.0000
    up(agent8)                                          value=-40.0000
    down(agent8)                                        value=-42.0000
        chosen: right(agent8)  (best_value=-39.0000)
[DEBUG d>=2] k=5 (idx=7 in order) at (8, 9) — 5 candidates, lookahead=1
    left(agent5)                                        value=-54.0000
    right(agent5)                                       value=-54.0000
    wait(agent5)                                        value=-53.0000
    up(agent5)                                          value=-56.0000
  * down(agent5)                                        value=-52.0000
        chosen: down(agent5)  (best_value=-52.0000)
[DEBUG d>=2] k=6 (idx=8 in order) at (9, 13) — 5 candidates, lookahead=1
    left(agent6)                                        value=-45.0000
  * right(agent6)                                       value=-43.0000
    wait(agent6)                                        value=-44.0000
    up(agent6)                                          value=-47.0000
    down(agent6)                                        value=-47.0000
        chosen: right(agent6)  (best_value=-43.0000)
[DEBUG d>=2] k=7 (idx=1 in order) at (9, 10) — 3 candidates, lookahead=1
    wait(agent7)                                        value=-53.0000
    up(agent7)                                          value=-56.0000
  * down(agent7)                                        value=-52.0000
        chosen: down(agent7)  (best_value=-52.0000)
[DEBUG d>=2] k=4 (idx=2 in order) at (11, 11) — 4 candidates, lookahead=1
    left(agent4)                                        value=-39.0000
  * right(agent4)                                       value=-38.0000
    wait(agent4)                                        value=-41.0000
    up(agent4)                                          value=-39.0000
        chosen: right(agent4)  (best_value=-38.0000)
[DEBUG d>=2] k=2 (idx=3 in order) at (12, 10) — 3 candidates, lookahead=1
    left(agent2)                                        value=-35.0000
  * right(agent2)                                       value=-32.0000
    wait(agent2)                                        value=-34.0000
        chosen: right(agent2)  (best_value=-32.0000)
[DEBUG d>=2] k=3 (idx=4 in order) at (10, 10) — 5 candidates, lookahead=1
    left(agent3)                                        value=-55.0000
    right(agent3)                                       value=-55.0000
  * wait(agent3)                                        value=-52.0000
    up(agent3)                                          value=-53.0000
    down(agent3)                                        value=-53.0000
        chosen: wait(agent3)  (best_value=-52.0000)
[DEBUG d>=2] k=1 (idx=5 in order) at (13, 4) — 4 candidates, lookahead=1
  * right(agent1)                                       value=-34.0000
    wait(agent1)                                        value=-35.0000
    up(agent1)                                          value=-34.0000
    down(agent1)                                        value=-36.0000
        chosen: right(agent1)  (best_value=-34.0000)
[DEBUG d>=2] k=8 (idx=6 in order) at (11, 12) — 5 candidates, lookahead=1
    left(agent8)                                        value=-42.0000
    right(agent8)                                       value=-42.0000
  * wait(agent8)                                        value=-41.0000
    up(agent8)                                          value=-44.0000
    down(agent8)                                        value=-44.0000
        chosen: wait(agent8)  (best_value=-41.0000)
[DEBUG d>=2] k=5 (idx=7 in order) at (8, 10) — 5 candidates, lookahead=1
    left(agent5)                                        value=-57.0000
    right(agent5)                                       value=-57.0000
    wait(agent5)                                        value=-56.0000
    up(agent5)                                          value=-57.0000
  * down(agent5)                                        value=-53.0000
        chosen: down(agent5)  (best_value=-53.0000)
[DEBUG d>=2] k=6 (idx=8 in order) at (10, 13) — 5 candidates, lookahead=1
    left(agent6)                                        value=-48.0000
  * right(agent6)                                       value=-44.0000
    wait(agent6)                                        value=-45.0000
    up(agent6)                                          value=-46.0000
    down(agent6)                                        value=-46.0000
        chosen: right(agent6)  (best_value=-44.0000)
[DEBUG d>=2] k=7 (idx=1 in order) at (9, 11) — 4 candidates, lookahead=1
    right(agent7)                                       value=-49.0000
    wait(agent7)                                        value=-46.0000
    up(agent7)                                          value=-51.0000
  * down(agent7)                                        value=-45.0000
        chosen: down(agent7)  (best_value=-45.0000)
[DEBUG d>=2] k=4 (idx=2 in order) at (12, 11) — 5 candidates, lookahead=1
    left(agent4)                                        value=-40.0000
    right(agent4)                                       value=-42.0000
    wait(agent4)                                        value=-39.0000
  * up(agent4)                                          value=-37.0000
    down(agent4)                                        value=-42.0000
        chosen: up(agent4)  (best_value=-37.0000)
[DEBUG d>=2] k=2 (idx=3 in order) at (13, 10) — 4 candidates, lookahead=1
    left(agent2)                                        value=-36.0000
    right(agent2)                                       value=-34.0000
  * wait(agent2)                                        value=-31.0000
    up(agent2)                                          value=-32.0000
        chosen: wait(agent2)  (best_value=-31.0000)
[DEBUG d>=2] k=3 (idx=4 in order) at (10, 10) — 4 candidates, lookahead=1
    left(agent3)                                        value=-39.0000
  * right(agent3)                                       value=-37.0000
    wait(agent3)                                        value=-38.0000
    up(agent3)                                          value=-40.0000
        chosen: right(agent3)  (best_value=-37.0000)
[DEBUG d>=2] k=1 (idx=5 in order) at (14, 4) — 4 candidates, lookahead=1
    left(agent1)                                        value=-31.0000
    wait(agent1)                                        value=-28.0000
  * up(agent1)                                          value=-27.0000
    down(agent1)                                        value=-29.0000
        chosen: up(agent1)  (best_value=-27.0000)
[DEBUG d>=2] k=8 (idx=6 in order) at (11, 12) — 4 candidates, lookahead=1
    left(agent8)                                        value=-48.0000
  * right(agent8)                                       value=-40.0000
    wait(agent8)                                        value=-43.0000
    up(agent8)                                          value=-42.0000
        chosen: right(agent8)  (best_value=-40.0000)
[DEBUG d>=2] k=5 (idx=7 in order) at (8, 11) — 5 candidates, lookahead=1
    left(agent5)                                        value=-48.0000
  * right(agent5)                                       value=-42.0000
    wait(agent5)                                        value=-51.0000
    up(agent5)                                          value=-48.0000
    down(agent5)                                        value=-50.0000
        chosen: right(agent5)  (best_value=-42.0000)
[DEBUG d>=2] k=6 (idx=8 in order) at (11, 13) — 5 candidates, lookahead=1
  * left(agent6)                                        value=-43.0000
    right(agent6)                                       value=-43.0000
    wait(agent6)                                        value=-44.0000
    up(agent6)                                          value=-43.0000
    down(agent6)                                        value=-45.0000
        chosen: left(agent6)  (best_value=-43.0000)
[DEBUG d>=2] k=7 (idx=1 in order) at (9, 12) — 4 candidates, lookahead=1
    left(agent7)                                        value=-52.0000
  * right(agent7)                                       value=-48.0000
    wait(agent7)                                        value=-49.0000
    down(agent7)                                        value=-50.0000
        chosen: right(agent7)  (best_value=-48.0000)
[DEBUG d>=2] k=4 (idx=2 in order) at (12, 10) — 2 candidates, lookahead=1
  * wait(agent4)                                        value=-36.0000
    down(agent4)                                        value=-39.0000
        chosen: wait(agent4)  (best_value=-36.0000)
[DEBUG d>=2] k=2 (idx=3 in order) at (13, 10) — 5 candidates, lookahead=1
    left(agent2)                                        value=-32.0000
    right(agent2)                                       value=-40.0000
  * wait(agent2)                                        value=-31.0000
    up(agent2)                                          value=-38.0000
    down(agent2)                                        value=-40.0000
        chosen: wait(agent2)  (best_value=-31.0000)
[DEBUG d>=2] k=3 (idx=4 in order) at (11, 10) — 5 candidates, lookahead=1
    left(agent3)                                        value=-38.0000
  * right(agent3)                                       value=-36.0000
    wait(agent3)                                        value=-37.0000
    up(agent3)                                          value=-39.0000
    down(agent3)                                        value=-39.0000
        chosen: right(agent3)  (best_value=-36.0000)
[DEBUG d>=2] k=1 (idx=5 in order) at (14, 3) — 4 candidates, lookahead=1
    left(agent1)                                        value=-32.0000
    wait(agent1)                                        value=-31.0000
  * up(agent1)                                          value=-30.0000
    down(agent1)                                        value=-32.0000
        chosen: up(agent1)  (best_value=-30.0000)
[DEBUG d>=2] k=8 (idx=6 in order) at (12, 12) — 4 candidates, lookahead=1
    left(agent8)                                        value=-43.0000
  * right(agent8)                                       value=-41.0000
    wait(agent8)                                        value=-42.0000
    down(agent8)                                        value=-43.0000
        chosen: right(agent8)  (best_value=-41.0000)
[DEBUG d>=2] k=5 (idx=7 in order) at (9, 11) — 5 candidates, lookahead=1
    left(agent5)                                        value=-51.0000
  * right(agent5)                                       value=-49.0000
    wait(agent5)                                        value=-50.0000
    up(agent5)                                          value=-51.0000
    down(agent5)                                        value=-51.0000
        chosen: right(agent5)  (best_value=-49.0000)
[DEBUG d>=2] k=6 (idx=8 in order) at (10, 13) — 4 candidates, lookahead=1
    left(agent6)                                        value=-48.0000
  * right(agent6)                                       value=-46.0000
    wait(agent6)                                        value=-47.0000
    down(agent6)                                        value=-48.0000
        chosen: right(agent6)  (best_value=-46.0000)
[DEBUG d>=2] k=7 (idx=1 in order) at (10, 12) — 4 candidates, lookahead=1
    left(agent7)                                        value=-49.0000
  * right(agent7)                                       value=-43.0000
    wait(agent7)                                        value=-48.0000
    down(agent7)                                        value=-47.0000
        chosen: right(agent7)  (best_value=-43.0000)
[DEBUG d>=2] k=4 (idx=2 in order) at (12, 10) — 2 candidates, lookahead=1
  * wait(agent4)                                        value=-36.0000
    down(agent4)                                        value=-39.0000
        chosen: wait(agent4)  (best_value=-36.0000)
[DEBUG d>=2] k=2 (idx=3 in order) at (13, 10) — 5 candidates, lookahead=1
    left(agent2)                                        value=-33.0000
    right(agent2)                                       value=-40.0000
  * wait(agent2)                                        value=-32.0000
    up(agent2)                                          value=-38.0000
    down(agent2)                                        value=-38.0000
        chosen: wait(agent2)  (best_value=-32.0000)
[DEBUG d>=2] k=3 (idx=4 in order) at (11, 10) — 5 candidates, lookahead=1
    left(agent3)                                        value=-38.0000
  * right(agent3)                                       value=-36.0000
    wait(agent3)                                        value=-37.0000
    up(agent3)                                          value=-38.0000
    down(agent3)                                        value=-39.0000
        chosen: right(agent3)  (best_value=-36.0000)
[DEBUG d>=2] k=1 (idx=5 in order) at (14, 2) — 4 candidates, lookahead=1
    left(agent1)                                        value=-33.0000
  * collect1(agent1, well1)                             value=-31.0000
    wait(agent1)                                        value=-32.0000
    down(agent1)                                        value=-33.0000
        chosen: collect1(agent1, well1)  (best_value=-31.0000)
[DEBUG d>=2] k=8 (idx=6 in order) at (13, 12) — 5 candidates, lookahead=1
    left(agent8)                                        value=-46.0000
  * right(agent8)                                       value=-44.0000
    wait(agent8)                                        value=-45.0000
    up(agent8)                                          value=-44.0000
    down(agent8)                                        value=-46.0000
        chosen: right(agent8)  (best_value=-44.0000)
[DEBUG d>=2] k=5 (idx=7 in order) at (10, 11) — 5 candidates, lookahead=1
    left(agent5)                                        value=-54.0000
    right(agent5)                                       value=-54.0000
    wait(agent5)                                        value=-53.0000
    up(agent5)                                          value=-54.0000
  * down(agent5)                                        value=-52.0000
        chosen: down(agent5)  (best_value=-52.0000)
[DEBUG d>=2] k=6 (idx=8 in order) at (11, 13) — 4 candidates, lookahead=1
    left(agent6)                                        value=-47.0000
  * right(agent6)                                       value=-45.0000
    wait(agent6)                                        value=-46.0000
    down(agent6)                                        value=-47.0000
        chosen: right(agent6)  (best_value=-45.0000)
[DEBUG d>=2] k=7 (idx=1 in order) at (11, 12) — 4 candidates, lookahead=1
  * right(agent7)                                       value=-42.0000
    wait(agent7)                                        value=-43.0000
    up(agent7)                                          value=-50.0000
    down(agent7)                                        value=-46.0000
        chosen: right(agent7)  (best_value=-42.0000)
[DEBUG d>=2] k=4 (idx=2 in order) at (12, 10) — 2 candidates, lookahead=1
  * wait(agent4)                                        value=-36.0000
    down(agent4)                                        value=-39.0000
        chosen: wait(agent4)  (best_value=-36.0000)
[DEBUG d>=2] k=2 (idx=3 in order) at (13, 10) — 5 candidates, lookahead=1
    left(agent2)                                        value=-32.0000
    right(agent2)                                       value=-42.0000
  * wait(agent2)                                        value=-31.0000
    up(agent2)                                          value=-40.0000
    down(agent2)                                        value=-40.0000
        chosen: wait(agent2)  (best_value=-31.0000)
[DEBUG d>=2] k=3 (idx=4 in order) at (11, 10) — 5 candidates, lookahead=1
    left(agent3)                                        value=-38.0000
  * right(agent3)                                       value=-36.0000
    wait(agent3)                                        value=-37.0000
    up(agent3)                                          value=-38.0000
    down(agent3)                                        value=-37.0000
        chosen: right(agent3)  (best_value=-36.0000)
[DEBUG d>=2] k=8 (idx=6 in order) at (14, 12) — 4 candidates, lookahead=1
  * left(agent8)                                        value=-41.0000
    wait(agent8)                                        value=-44.0000
    up(agent8)                                          value=-43.0000
    down(agent8)                                        value=-45.0000
        chosen: left(agent8)  (best_value=-41.0000)
[DEBUG d>=2] k=5 (idx=7 in order) at (10, 12) — 5 candidates, lookahead=1
    left(agent5)                                        value=-49.0000
    right(agent5)                                       value=-55.0000
    wait(agent5)                                        value=-56.0000
    up(agent5)                                          value=-57.0000
  * down(agent5)                                        value=-45.0000
        chosen: down(agent5)  (best_value=-45.0000)
[DEBUG d>=2] k=6 (idx=8 in order) at (12, 13) — 5 candidates, lookahead=1
    left(agent6)                                        value=-46.0000
  * right(agent6)                                       value=-44.0000
    wait(agent6)                                        value=-45.0000
    up(agent6)                                          value=-44.0000
    down(agent6)                                        value=-46.0000
        chosen: right(agent6)  (best_value=-44.0000)
[DEBUG d>=2] k=7 (idx=1 in order) at (12, 12) — 4 candidates, lookahead=1
    left(agent7)                                        value=-Inf
  * wait(agent7)                                        value=-42.0000
    up(agent7)                                          value=-43.0000
    down(agent7)                                        value=-Inf
        chosen: wait(agent7)  (best_value=-42.0000)
[DEBUG d>=2] k=2 (idx=3 in order) at (13, 10) — 4 candidates, lookahead=1
    right(agent2)                                       value=-38.0000
    wait(agent2)                                        value=-37.0000
  * up(agent2)                                          value=-36.0000
    down(agent2)                                        value=-36.0000
        chosen: up(agent2)  (best_value=-36.0000)
[DEBUG d>=2] k=3 (idx=4 in order) at (11, 10) — 4 candidates, lookahead=1
    left(agent3)                                        value=-46.0000
    wait(agent3)                                        value=-Inf
    up(agent3)                                          value=-50.0000
  * down(agent3)                                        value=-44.0000
        chosen: down(agent3)  (best_value=-44.0000)
[DEBUG d>=2] k=8 (idx=6 in order) at (13, 12) — 4 candidates, lookahead=1
    left(agent8)                                        value=-42.0000
    right(agent8)                                       value=-42.0000
  * wait(agent8)                                        value=-41.0000
    up(agent8)                                          value=-42.0000
        chosen: wait(agent8)  (best_value=-41.0000)
[DEBUG d>=2] k=5 (idx=7 in order) at (10, 13) — 5 candidates, lookahead=1
    left(agent5)                                        value=-Inf
  * right(agent5)                                       value=-46.0000
    wait(agent5)                                        value=-47.0000
    up(agent5)                                          value=-Inf
    down(agent5)                                        value=-46.0000
        chosen: right(agent5)  (best_value=-46.0000)
[DEBUG d>=2] k=6 (idx=8 in order) at (13, 13) — 5 candidates, lookahead=1
    left(agent6)                                        value=-43.0000
    right(agent6)                                       value=-43.0000
    wait(agent6)                                        value=-44.0000
  * up(agent6)                                          value=-41.0000
    down(agent6)                                        value=-43.0000
        chosen: up(agent6)  (best_value=-41.0000)
[DEBUG d>=2] k=7 (idx=1 in order) at (12, 12) — 4 candidates, lookahead=1
  * left(agent7)                                        value=-43.0000
    wait(agent7)                                        value=-52.0000
    up(agent7)                                          value=-43.0000
    down(agent7)                                        value=-45.0000
        chosen: left(agent7)  (best_value=-43.0000)
[DEBUG d>=2] k=4 (idx=2 in order) at (12, 10) — 3 candidates, lookahead=1
    left(agent4)                                        value=-37.0000
  * right(agent4)                                       value=-35.0000
    wait(agent4)                                        value=-36.0000
        chosen: right(agent4)  (best_value=-35.0000)
[DEBUG d>=2] k=2 (idx=3 in order) at (13, 9) — 3 candidates, lookahead=1
    right(agent2)                                       value=-Inf
  * wait(agent2)                                        value=-40.0000
    up(agent2)                                          value=-Inf
        chosen: wait(agent2)  (best_value=-40.0000)
[DEBUG d>=2] k=3 (idx=4 in order) at (11, 11) — 4 candidates, lookahead=1
  * left(agent3)                                        value=-49.0000
    wait(agent3)                                        value=-50.0000
    up(agent3)                                          value=-Inf
    down(agent3)                                        value=-51.0000
        chosen: left(agent3)  (best_value=-49.0000)
[DEBUG d>=2] k=1 (idx=5 in order) at (14, 2) — 3 candidates, lookahead=1
    left(agent1)                                        value=-30.0000
  * wait(agent1)                                        value=-29.0000
    down(agent1)                                        value=-Inf
        chosen: wait(agent1)  (best_value=-29.0000)
[DEBUG d>=2] k=8 (idx=6 in order) at (13, 12) — 4 candidates, lookahead=1
    left(agent8)                                        value=-46.0000
    right(agent8)                                       value=-44.0000
  * wait(agent8)                                        value=-43.0000
    up(agent8)                                          value=-44.0000
        chosen: wait(agent8)  (best_value=-43.0000)
[DEBUG d>=2] k=5 (idx=7 in order) at (11, 13) — 4 candidates, lookahead=1
    left(agent5)                                        value=-Inf
  * right(agent5)                                       value=-45.0000
    wait(agent5)                                        value=-Inf
    down(agent5)                                        value=-Inf
        chosen: right(agent5)  (best_value=-45.0000)
[DEBUG d>=2] k=6 (idx=8 in order) at (13, 13) — 4 candidates, lookahead=1
  * right(agent6)                                       value=-45.0000
    wait(agent6)                                        value=-46.0000
    up(agent6)                                          value=-45.0000
    down(agent6)                                        value=-47.0000
        chosen: right(agent6)  (best_value=-45.0000)
[DEBUG d>=2] k=7 (idx=1 in order) at (11, 12) — 5 candidates, lookahead=1
    left(agent7)                                        value=-40.0000
  * right(agent7)                                       value=-38.0000
    wait(agent7)                                        value=-41.0000
    up(agent7)                                          value=-39.0000
    down(agent7)                                        value=-42.0000
        chosen: right(agent7)  (best_value=-38.0000)
[DEBUG d>=2] k=4 (idx=2 in order) at (13, 10) — 4 candidates, lookahead=1
    left(agent4)                                        value=-36.0000
  * right(agent4)                                       value=-35.0000
    wait(agent4)                                        value=-35.0000
    down(agent4)                                        value=-37.0000
        chosen: right(agent4)  (best_value=-35.0000)
[DEBUG d>=2] k=2 (idx=3 in order) at (13, 9) — 4 candidates, lookahead=1
    right(agent2)                                       value=-31.0000
    wait(agent2)                                        value=-33.0000
  * up(agent2)                                          value=-30.0000
    down(agent2)                                        value=-32.0000
        chosen: up(agent2)  (best_value=-30.0000)
[DEBUG d>=2] k=3 (idx=4 in order) at (10, 11) — 4 candidates, lookahead=1
    left(agent3)                                        value=-40.0000
    wait(agent3)                                        value=-39.0000
  * up(agent3)                                          value=-38.0000
    down(agent3)                                        value=-40.0000
        chosen: up(agent3)  (best_value=-38.0000)
[DEBUG d>=2] k=1 (idx=5 in order) at (14, 2) — 3 candidates, lookahead=1
    left(agent1)                                        value=-22.0000
    wait(agent1)                                        value=-22.0000
  * down(agent1)                                        value=-20.0000
        chosen: down(agent1)  (best_value=-20.0000)
[DEBUG d>=2] k=8 (idx=6 in order) at (13, 12) — 5 candidates, lookahead=1
    left(agent8)                                        value=-37.0000
    right(agent8)                                       value=-39.0000
    wait(agent8)                                        value=-37.0000
  * up(agent8)                                          value=-36.0000
    down(agent8)                                        value=-39.0000
        chosen: up(agent8)  (best_value=-36.0000)
[DEBUG d>=2] k=5 (idx=7 in order) at (12, 13) — 5 candidates, lookahead=1
  * left(agent5)                                        value=-41.0000
    right(agent5)                                       value=-44.0000
    wait(agent5)                                        value=-43.0000
    up(agent5)                                          value=-43.0000
    down(agent5)                                        value=-43.0000
        chosen: left(agent5)  (best_value=-41.0000)
[DEBUG d>=2] k=6 (idx=8 in order) at (14, 13) — 4 candidates, lookahead=1
    left(agent6)                                        value=-49.0000
  * wait(agent6)                                        value=-47.0000
    up(agent6)                                          value=-51.0000
    down(agent6)                                        value=-47.0000
        chosen: wait(agent6)  (best_value=-47.0000)
[DEBUG d>=2] k=7 (idx=1 in order) at (12, 12) — 5 candidates, lookahead=1
    left(agent7)                                        value=-Inf
    right(agent7)                                       value=-Inf
    wait(agent7)                                        value=-Inf
    up(agent7)                                          value=-Inf
    down(agent7)                                        value=-Inf
        chosen: FALLBACK  (best_value=-Inf)
[DEBUG d>=2] k=4 (idx=2 in order) at (14, 10) — 4 candidates, lookahead=1
  * left(agent4)                                        value=-35.0000
    wait(agent4)                                        value=-36.0000
    up(agent4)                                          value=-37.0000
    down(agent4)                                        value=-39.0000
        chosen: left(agent4)  (best_value=-35.0000)
[DEBUG d>=2] k=2 (idx=3 in order) at (13, 8) — 4 candidates, lookahead=1
    right(agent2)                                       value=-Inf
  * wait(agent2)                                        value=-30.0000
    up(agent2)                                          value=-Inf
    down(agent2)                                        value=-31.0000
        chosen: wait(agent2)  (best_value=-30.0000)
[DEBUG d>=2] k=3 (idx=4 in order) at (10, 10) — 5 candidates, lookahead=1
    left(agent3)                                        value=-Inf
    right(agent3)                                       value=-Inf
    wait(agent3)                                        value=-Inf
    up(agent3)                                          value=-Inf
    down(agent3)                                        value=-Inf
        chosen: FALLBACK  (best_value=-Inf)
[DEBUG d>=2] k=1 (idx=5 in order) at (14, 3) — 4 candidates, lookahead=1
    left(agent1)                                        value=-Inf
    wait(agent1)                                        value=-Inf
    up(agent1)                                          value=-Inf
    down(agent1)                                        value=-Inf
        chosen: FALLBACK  (best_value=-Inf)
[DEBUG d>=2] k=8 (idx=6 in order) at (13, 11) — 4 candidates, lookahead=1
    right(agent8)                                       value=-43.0000
    wait(agent8)                                        value=-42.0000
  * up(agent8)                                          value=-41.0000
    down(agent8)                                        value=-41.0000
        chosen: up(agent8)  (best_value=-41.0000)
[DEBUG d>=2] k=5 (idx=7 in order) at (11, 13) — 5 candidates, lookahead=1
    left(agent5)                                        value=-Inf
    right(agent5)                                       value=-Inf
    wait(agent5)                                        value=-Inf
    up(agent5)                                          value=-Inf
    down(agent5)                                        value=-Inf
        chosen: FALLBACK  (best_value=-Inf)
[DEBUG d>=2] k=6 (idx=8 in order) at (14, 13) — 4 candidates, lookahead=1
    left(agent6)                                        value=-Inf
    wait(agent6)                                        value=-Inf
    up(agent6)                                          value=-Inf
    down(agent6)                                        value=-Inf
        chosen: FALLBACK  (best_value=-Inf)
[DEBUG d>=2] k=7 (idx=1 in order) at (12, 11) — 4 candidates, lookahead=1
  * left(agent7)                                        value=-40.0000
    wait(agent7)                                        value=-Inf
    up(agent7)                                          value=-Inf
    down(agent7)                                        value=-40.0000
        chosen: left(agent7)  (best_value=-40.0000)
[DEBUG d>=2] k=4 (idx=2 in order) at (13, 10) — 4 candidates, lookahead=1
    left(agent4)                                        value=-36.0000
    right(agent4)                                       value=-36.0000
  * wait(agent4)                                        value=-35.0000
    up(agent4)                                          value=-36.0000
        chosen: wait(agent4)  (best_value=-35.0000)
[DEBUG d>=2] k=2 (idx=3 in order) at (13, 8) — 4 candidates, lookahead=1
  * right(agent2)                                       value=-30.0000
    wait(agent2)                                        value=-33.0000
    up(agent2)                                          value=-32.0000
    down(agent2)                                        value=-33.0000
        chosen: right(agent2)  (best_value=-30.0000)
[DEBUG d>=2] k=3 (idx=4 in order) at (11, 10) — 5 candidates, lookahead=1
    left(agent3)                                        value=-38.0000
  * right(agent3)                                       value=-36.0000
    wait(agent3)                                        value=-Inf
    up(agent3)                                          value=-Inf
    down(agent3)                                        value=-Inf
        chosen: right(agent3)  (best_value=-36.0000)
[DEBUG d>=2] k=1 (idx=5 in order) at (14, 4) — 4 candidates, lookahead=1
    left(agent1)                                        value=-22.0000
  * wait(agent1)                                        value=-21.0000
    up(agent1)                                          value=-Inf
    down(agent1)                                        value=-Inf
        chosen: wait(agent1)  (best_value=-21.0000)
[DEBUG d>=2] k=8 (idx=6 in order) at (13, 11) — 5 candidates, lookahead=1
    left(agent8)                                        value=-39.0000
  * right(agent8)                                       value=-37.0000
    wait(agent8)                                        value=-38.0000
    up(agent8)                                          value=-37.0000
    down(agent8)                                        value=-39.0000
        chosen: right(agent8)  (best_value=-37.0000)
[DEBUG d>=2] k=5 (idx=7 in order) at (11, 14) — 4 candidates, lookahead=1
    left(agent5)                                        value=-Inf
    right(agent5)                                       value=-44.0000
  * wait(agent5)                                        value=-43.0000
    up(agent5)                                          value=-Inf
        chosen: wait(agent5)  (best_value=-43.0000)
[DEBUG d>=2] k=6 (idx=8 in order) at (13, 13) — 5 candidates, lookahead=1
    left(agent6)                                        value=-41.0000
    right(agent6)                                       value=-41.0000
    wait(agent6)                                        value=-Inf
  * up(agent6)                                          value=-39.0000
    down(agent6)                                        value=-Inf
        chosen: up(agent6)  (best_value=-39.0000)
[DEBUG d>=2] k=7 (idx=1 in order) at (11, 11) — 5 candidates, lookahead=1
    left(agent7)                                        value=-Inf
    right(agent7)                                       value=-Inf
    wait(agent7)                                        value=-Inf
    up(agent7)                                          value=-Inf
    down(agent7)                                        value=-Inf
        chosen: FALLBACK  (best_value=-Inf)
[DEBUG d>=2] k=4 (idx=2 in order) at (13, 10) — 4 candidates, lookahead=1
    right(agent4)                                       value=-36.0000
  * wait(agent4)                                        value=-33.0000
    up(agent4)                                          value=-Inf
    down(agent4)                                        value=-Inf
        chosen: wait(agent4)  (best_value=-33.0000)
[DEBUG d>=2] k=2 (idx=3 in order) at (14, 8) — 4 candidates, lookahead=1
    left(agent2)                                        value=-Inf
    wait(agent2)                                        value=-34.0000
    up(agent2)                                          value=-Inf
  * down(agent2)                                        value=-33.0000
        chosen: down(agent2)  (best_value=-33.0000)
[DEBUG d>=2] k=3 (idx=4 in order) at (12, 10) — 3 candidates, lookahead=1
  * left(agent3)                                        value=-33.0000
    right(agent3)                                       value=-Inf
    wait(agent3)                                        value=-Inf
        chosen: left(agent3)  (best_value=-33.0000)
[DEBUG d>=2] k=1 (idx=5 in order) at (14, 4) — 4 candidates, lookahead=1
    left(agent1)                                        value=-Inf
    wait(agent1)                                        value=-Inf
    up(agent1)                                          value=-Inf
    down(agent1)                                        value=-Inf
        chosen: FALLBACK  (best_value=-Inf)
[DEBUG d>=2] k=8 (idx=6 in order) at (14, 11) — 4 candidates, lookahead=1
    left(agent8)                                        value=-Inf
  * wait(agent8)                                        value=-37.0000
    up(agent8)                                          value=-Inf
    down(agent8)                                        value=-40.0000
        chosen: wait(agent8)  (best_value=-37.0000)
[DEBUG d>=2] k=5 (idx=7 in order) at (11, 14) — 4 candidates, lookahead=1
    left(agent5)                                        value=-Inf
    right(agent5)                                       value=-Inf
    wait(agent5)                                        value=-Inf
    up(agent5)                                          value=-Inf
        chosen: FALLBACK  (best_value=-Inf)
[DEBUG d>=2] k=6 (idx=8 in order) at (13, 12) — 5 candidates, lookahead=1
    left(agent6)                                        value=-Inf
    right(agent6)                                       value=-Inf
    wait(agent6)                                        value=-Inf
    up(agent6)                                          value=-Inf
    down(agent6)                                        value=-Inf
        chosen: FALLBACK  (best_value=-Inf)
[DEBUG d>=2] k=7 (idx=1 in order) at (11, 12) — 5 candidates, lookahead=1
    left(agent7)                                        value=-Inf
    right(agent7)                                       value=-Inf
    wait(agent7)                                        value=-Inf
    up(agent7)                                          value=-Inf
    down(agent7)                                        value=-Inf
        chosen: FALLBACK  (best_value=-Inf)
[DEBUG d>=2] k=4 (idx=2 in order) at (13, 10) — 4 candidates, lookahead=1
    left(agent4)                                        value=-Inf
    right(agent4)                                       value=-38.0000
    wait(agent4)                                        value=-34.0000
  * up(agent4)                                          value=-32.0000
        chosen: up(agent4)  (best_value=-32.0000)
[DEBUG d>=2] k=2 (idx=3 in order) at (14, 9) — 3 candidates, lookahead=1
    wait(agent2)                                        value=-34.0000
  * up(agent2)                                          value=-33.0000
    down(agent2)                                        value=-38.0000
        chosen: up(agent2)  (best_value=-33.0000)
[DEBUG d>=2] k=3 (idx=4 in order) at (11, 10) — 5 candidates, lookahead=1
    left(agent3)                                        value=-Inf
    right(agent3)                                       value=-Inf
    wait(agent3)                                        value=-Inf
    up(agent3)                                          value=-Inf
    down(agent3)                                        value=-Inf
        chosen: FALLBACK  (best_value=-Inf)
[DEBUG d>=2] k=1 (idx=5 in order) at (14, 5) — 4 candidates, lookahead=1
    left(agent1)                                        value=-Inf
    wait(agent1)                                        value=-Inf
    up(agent1)                                          value=-Inf
    down(agent1)                                        value=-Inf
        chosen: FALLBACK  (best_value=-Inf)
[DEBUG d>=2] k=8 (idx=6 in order) at (14, 11) — 3 candidates, lookahead=1
    wait(agent8)                                        value=-Inf
    up(agent8)                                          value=-Inf
    down(agent8)                                        value=-Inf
        chosen: FALLBACK  (best_value=-Inf)
[DEBUG d>=2] k=5 (idx=7 in order) at (10, 14) — 4 candidates, lookahead=1
    left(agent5)                                        value=-Inf
    right(agent5)                                       value=-Inf
    wait(agent5)                                        value=-Inf
    up(agent5)                                          value=-Inf
        chosen: FALLBACK  (best_value=-Inf)
[DEBUG d>=2] k=6 (idx=8 in order) at (13, 11) — 5 candidates, lookahead=1
    left(agent6)                                        value=-Inf
    right(agent6)                                       value=-Inf
    wait(agent6)                                        value=-Inf
    up(agent6)                                          value=-Inf
    down(agent6)                                        value=-Inf
        chosen: FALLBACK  (best_value=-Inf)
[DEBUG d>=2] k=7 (idx=1 in order) at (11, 12) — 5 candidates, lookahead=1
    left(agent7)                                        value=-Inf
    right(agent7)                                       value=-Inf
    wait(agent7)                                        value=-Inf
    up(agent7)                                          value=-Inf
    down(agent7)                                        value=-Inf
        chosen: FALLBACK  (best_value=-Inf)
[DEBUG d>=2] k=4 (idx=2 in order) at (13, 9) — 4 candidates, lookahead=1
    right(agent4)                                       value=-Inf
    wait(agent4)                                        value=-Inf
  * up(agent4)                                          value=-31.0000
    down(agent4)                                        value=-37.0000
        chosen: up(agent4)  (best_value=-31.0000)
[DEBUG d>=2] k=2 (idx=3 in order) at (14, 8) — 3 candidates, lookahead=1
    wait(agent2)                                        value=-32.0000
  * up(agent2)                                          value=-29.0000
    down(agent2)                                        value=-31.0000
        chosen: up(agent2)  (best_value=-29.0000)
[DEBUG d>=2] k=3 (idx=4 in order) at (11, 9) — 4 candidates, lookahead=1
    left(agent3)                                        value=-Inf
    wait(agent3)                                        value=-Inf
    up(agent3)                                          value=-Inf
    down(agent3)                                        value=-Inf
        chosen: FALLBACK  (best_value=-Inf)
[DEBUG d>=2] k=1 (idx=5 in order) at (13, 5) — 4 candidates, lookahead=1
    right(agent1)                                       value=-Inf
    wait(agent1)                                        value=-Inf
    up(agent1)                                          value=-Inf
    down(agent1)                                        value=-Inf
        chosen: FALLBACK  (best_value=-Inf)
[DEBUG d>=2] k=8 (idx=6 in order) at (14, 12) — 4 candidates, lookahead=1
    left(agent8)                                        value=-Inf
    wait(agent8)                                        value=-Inf
    up(agent8)                                          value=-Inf
    down(agent8)                                        value=-Inf
        chosen: FALLBACK  (best_value=-Inf)
[DEBUG d>=2] k=5 (idx=7 in order) at (10, 14) — 4 candidates, lookahead=1
    left(agent5)                                        value=-Inf
    right(agent5)                                       value=-Inf
    wait(agent5)                                        value=-Inf
    up(agent5)                                          value=-Inf
        chosen: FALLBACK  (best_value=-Inf)
[DEBUG d>=2] k=6 (idx=8 in order) at (13, 11) — 4 candidates, lookahead=1
    left(agent6)                                        value=-Inf
    right(agent6)                                       value=-Inf
    wait(agent6)                                        value=-Inf
    up(agent6)                                          value=-Inf
        chosen: FALLBACK  (best_value=-Inf)
[DEBUG d>=2] k=7 (idx=1 in order) at (11, 12) — 5 candidates, lookahead=1
    left(agent7)                                        value=-Inf
    right(agent7)                                       value=-Inf
    wait(agent7)                                        value=-Inf
    up(agent7)                                          value=-Inf
    down(agent7)                                        value=-Inf
        chosen: FALLBACK  (best_value=-Inf)
[DEBUG d>=2] k=4 (idx=2 in order) at (13, 8) — 4 candidates, lookahead=1
    right(agent4)                                       value=-Inf
    wait(agent4)                                        value=-Inf
  * up(agent4)                                          value=-30.0000
    down(agent4)                                        value=-Inf
        chosen: up(agent4)  (best_value=-30.0000)
[DEBUG d>=2] k=2 (idx=3 in order) at (14, 7) — 3 candidates, lookahead=1
    wait(agent2)                                        value=-35.0000
  * up(agent2)                                          value=-32.0000
    down(agent2)                                        value=-32.0000
        chosen: up(agent2)  (best_value=-32.0000)
[DEBUG d>=2] k=3 (idx=4 in order) at (11, 9) — 4 candidates, lookahead=1
    left(agent3)                                        value=-Inf
    wait(agent3)                                        value=-Inf
    up(agent3)                                          value=-Inf
    down(agent3)                                        value=-Inf
        chosen: FALLBACK  (best_value=-Inf)
[DEBUG d>=2] k=1 (idx=5 in order) at (13, 5) — 4 candidates, lookahead=1
    right(agent1)                                       value=-Inf
    wait(agent1)                                        value=-Inf
    up(agent1)                                          value=-Inf
    down(agent1)                                        value=-Inf
        chosen: FALLBACK  (best_value=-Inf)
[DEBUG d>=2] k=8 (idx=6 in order) at (14, 12) — 4 candidates, lookahead=1
    left(agent8)                                        value=-Inf
    wait(agent8)                                        value=-Inf
    up(agent8)                                          value=-Inf
    down(agent8)                                        value=-Inf
        chosen: FALLBACK  (best_value=-Inf)
[DEBUG d>=2] k=5 (idx=7 in order) at (11, 14) — 4 candidates, lookahead=1
    left(agent5)                                        value=-Inf
    right(agent5)                                       value=-Inf
    wait(agent5)                                        value=-Inf
    up(agent5)                                          value=-Inf
        chosen: FALLBACK  (best_value=-Inf)
[DEBUG d>=2] k=6 (idx=8 in order) at (13, 11) — 5 candidates, lookahead=1
    left(agent6)                                        value=-Inf
    right(agent6)                                       value=-Inf
    wait(agent6)                                        value=-Inf
    up(agent6)                                          value=-Inf
    down(agent6)                                        value=-Inf
        chosen: FALLBACK  (best_value=-Inf)
[DEBUG d>=2] k=7 (idx=1 in order) at (11, 13) — 5 candidates, lookahead=1
    left(agent7)                                        value=-Inf
    right(agent7)                                       value=-Inf
    wait(agent7)                                        value=-Inf
    up(agent7)                                          value=-Inf
    down(agent7)                                        value=-Inf
        chosen: FALLBACK  (best_value=-Inf)
[DEBUG d>=2] k=4 (idx=2 in order) at (13, 7) — 4 candidates, lookahead=1
    right(agent4)                                       value=-Inf
    wait(agent4)                                        value=-Inf
  * up(agent4)                                          value=-31.0000
    down(agent4)                                        value=-Inf
        chosen: up(agent4)  (best_value=-31.0000)
[DEBUG d>=2] k=2 (idx=3 in order) at (14, 6) — 4 candidates, lookahead=1
    left(agent2)                                        value=-Inf
  * wait(agent2)                                        value=-28.0000
    up(agent2)                                          value=-Inf
    down(agent2)                                        value=-Inf
        chosen: wait(agent2)  (best_value=-28.0000)
[DEBUG d>=2] k=3 (idx=4 in order) at (11, 9) — 4 candidates, lookahead=1
    left(agent3)                                        value=-Inf
    wait(agent3)                                        value=-Inf
    up(agent3)                                          value=-Inf
    down(agent3)                                        value=-Inf
        chosen: FALLBACK  (best_value=-Inf)
[DEBUG d>=2] k=1 (idx=5 in order) at (13, 5) — 4 candidates, lookahead=1
    right(agent1)                                       value=-Inf
  * wait(agent1)                                        value=-23.0000
    up(agent1)                                          value=-Inf
    down(agent1)                                        value=-Inf
        chosen: wait(agent1)  (best_value=-23.0000)
[DEBUG d>=2] k=8 (idx=6 in order) at (14, 11) — 4 candidates, lookahead=1
    left(agent8)                                        value=-Inf
    wait(agent8)                                        value=-Inf
    up(agent8)                                          value=-Inf
  * down(agent8)                                        value=-38.0000
        chosen: down(agent8)  (best_value=-38.0000)
[DEBUG d>=2] k=5 (idx=7 in order) at (12, 14) — 4 candidates, lookahead=1
    left(agent5)                                        value=-Inf
    right(agent5)                                       value=-Inf
    wait(agent5)                                        value=-Inf
    up(agent5)                                          value=-Inf
        chosen: FALLBACK  (best_value=-Inf)
[DEBUG d>=2] k=6 (idx=8 in order) at (13, 10) — 5 candidates, lookahead=1
    left(agent6)                                        value=-Inf
  * right(agent6)                                       value=-33.0000
    wait(agent6)                                        value=-Inf
    up(agent6)                                          value=-Inf
    down(agent6)                                        value=-Inf
        chosen: right(agent6)  (best_value=-33.0000)
[DEBUG d>=2] k=7 (idx=1 in order) at (11, 13) — 5 candidates, lookahead=1
    left(agent7)                                        value=-Inf
    right(agent7)                                       value=-Inf
    wait(agent7)                                        value=-Inf
    up(agent7)                                          value=-Inf
    down(agent7)                                        value=-Inf
        chosen: FALLBACK  (best_value=-Inf)
[DEBUG d>=2] k=4 (idx=2 in order) at (13, 6) — 2 candidates, lookahead=1
    wait(agent4)                                        value=-Inf
    down(agent4)                                        value=-Inf
        chosen: FALLBACK  (best_value=-Inf)
[DEBUG d>=2] k=2 (idx=3 in order) at (14, 6) — 4 candidates, lookahead=1
    left(agent2)                                        value=-28.0000
    wait(agent2)                                        value=-28.0000
  * up(agent2)                                          value=-27.0000
    down(agent2)                                        value=-Inf
        chosen: up(agent2)  (best_value=-27.0000)
[DEBUG d>=2] k=3 (idx=4 in order) at (11, 8) — 4 candidates, lookahead=1
    left(agent3)                                        value=-Inf
    wait(agent3)                                        value=-Inf
    up(agent3)                                          value=-Inf
    down(agent3)                                        value=-Inf
        chosen: FALLBACK  (best_value=-Inf)
[DEBUG d>=2] k=1 (idx=5 in order) at (13, 5) — 3 candidates, lookahead=1
    wait(agent1)                                        value=-Inf
    up(agent1)                                          value=-Inf
    down(agent1)                                        value=-Inf
        chosen: FALLBACK  (best_value=-Inf)
[DEBUG d>=2] k=8 (idx=6 in order) at (14, 12) — 4 candidates, lookahead=1
    left(agent8)                                        value=-Inf
    wait(agent8)                                        value=-Inf
    up(agent8)                                          value=-Inf
    down(agent8)                                        value=-Inf
        chosen: FALLBACK  (best_value=-Inf)
[DEBUG d>=2] k=5 (idx=7 in order) at (12, 14) — 4 candidates, lookahead=1
    left(agent5)                                        value=-Inf
    right(agent5)                                       value=-Inf
    wait(agent5)                                        value=-Inf
    up(agent5)                                          value=-Inf
        chosen: FALLBACK  (best_value=-Inf)
[DEBUG d>=2] k=6 (idx=8 in order) at (14, 10) — 4 candidates, lookahead=1
    left(agent6)                                        value=-Inf
    wait(agent6)                                        value=-Inf
    up(agent6)                                          value=-Inf
    down(agent6)                                        value=-Inf
        chosen: FALLBACK  (best_value=-Inf)
[DEBUG d>=2] k=7 (idx=1 in order) at (11, 14) — 4 candidates, lookahead=1
    left(agent7)                                        value=-Inf
  * right(agent7)                                       value=-40.0000
    wait(agent7)                                        value=-Inf
    up(agent7)                                          value=-Inf
        chosen: right(agent7)  (best_value=-40.0000)
[DEBUG d>=2] k=4 (idx=2 in order) at (13, 6) — 3 candidates, lookahead=1
    right(agent4)                                       value=-32.0000
  * wait(agent4)                                        value=-31.0000
    down(agent4)                                        value=-32.0000
        chosen: wait(agent4)  (best_value=-31.0000)
[DEBUG d>=2] k=2 (idx=3 in order) at (14, 5) — 3 candidates, lookahead=1
  * wait(agent2)                                        value=-29.0000
    up(agent2)                                          value=-Inf
    down(agent2)                                        value=-32.0000
        chosen: wait(agent2)  (best_value=-29.0000)
[DEBUG d>=2] k=3 (idx=4 in order) at (11, 9) — 4 candidates, lookahead=1
    left(agent3)                                        value=-Inf
  * wait(agent3)                                        value=-38.0000
    up(agent3)                                          value=-Inf
    down(agent3)                                        value=-Inf
        chosen: wait(agent3)  (best_value=-38.0000)
[DEBUG d>=2] k=1 (idx=5 in order) at (13, 5) — 3 candidates, lookahead=1
  * wait(agent1)                                        value=-19.0000
    up(agent1)                                          value=-20.0000
    down(agent1)                                        value=-21.0000
        chosen: wait(agent1)  (best_value=-19.0000)
[DEBUG d>=2] k=8 (idx=6 in order) at (13, 12) — 5 candidates, lookahead=1
    left(agent8)                                        value=-Inf
    right(agent8)                                       value=-Inf
    wait(agent8)                                        value=-Inf
  * up(agent8)                                          value=-36.0000
    down(agent8)                                        value=-Inf
        chosen: up(agent8)  (best_value=-36.0000)
[DEBUG d>=2] k=5 (idx=7 in order) at (12, 13) — 4 candidates, lookahead=1
    right(agent5)                                       value=-Inf
    wait(agent5)                                        value=-Inf
    up(agent5)                                          value=-Inf
    down(agent5)                                        value=-Inf
        chosen: FALLBACK  (best_value=-Inf)
[DEBUG d>=2] k=6 (idx=8 in order) at (13, 10) — 4 candidates, lookahead=1
    left(agent6)                                        value=-Inf
  * right(agent6)                                       value=-34.0000
    wait(agent6)                                        value=-Inf
    up(agent6)                                          value=-34.0000
        chosen: right(agent6)  (best_value=-34.0000)
[DEBUG d>=2] k=7 (idx=1 in order) at (12, 14) — 3 candidates, lookahead=1
    left(agent7)                                        value=-Inf
    right(agent7)                                       value=-Inf
    wait(agent7)                                        value=-Inf
        chosen: FALLBACK  (best_value=-Inf)
[DEBUG d>=2] k=4 (idx=2 in order) at (13, 6) — 3 candidates, lookahead=1
    right(agent4)                                       value=-Inf
  * wait(agent4)                                        value=-31.0000
    down(agent4)                                        value=-Inf
        chosen: wait(agent4)  (best_value=-31.0000)
[DEBUG d>=2] k=2 (idx=3 in order) at (14, 5) — 3 candidates, lookahead=1
    wait(agent2)                                        value=-Inf
    up(agent2)                                          value=-Inf
    down(agent2)                                        value=-Inf
        chosen: FALLBACK  (best_value=-Inf)
[DEBUG d>=2] k=3 (idx=4 in order) at (11, 9) — 4 candidates, lookahead=1
    left(agent3)                                        value=-Inf
    wait(agent3)                                        value=-Inf
    up(agent3)                                          value=-Inf
    down(agent3)                                        value=-Inf
        chosen: FALLBACK  (best_value=-Inf)
[DEBUG d>=2] k=1 (idx=5 in order) at (13, 5) — 3 candidates, lookahead=1
    right(agent1)                                       value=-Inf
    wait(agent1)                                        value=-Inf
  * up(agent1)                                          value=-18.0000
        chosen: up(agent1)  (best_value=-18.0000)
[DEBUG d>=2] k=8 (idx=6 in order) at (13, 11) — 5 candidates, lookahead=1
    left(agent8)                                        value=-Inf
    right(agent8)                                       value=-Inf
    wait(agent8)                                        value=-Inf
  * up(agent8)                                          value=-35.0000
    down(agent8)                                        value=-Inf
        chosen: up(agent8)  (best_value=-35.0000)
[DEBUG d>=2] k=5 (idx=7 in order) at (12, 13) — 5 candidates, lookahead=1
    left(agent5)                                        value=-Inf
    right(agent5)                                       value=-Inf
    wait(agent5)                                        value=-Inf
    up(agent5)                                          value=-Inf
    down(agent5)                                        value=-Inf
        chosen: FALLBACK  (best_value=-Inf)
[DEBUG d>=2] k=6 (idx=8 in order) at (14, 10) — 3 candidates, lookahead=1
    left(agent6)                                        value=-Inf
    wait(agent6)                                        value=-Inf
    up(agent6)                                          value=-Inf
        chosen: FALLBACK  (best_value=-Inf)
[DEBUG d>=2] k=7 (idx=1 in order) at (11, 14) — 4 candidates, lookahead=1
    left(agent7)                                        value=-Inf
    right(agent7)                                       value=-Inf
    wait(agent7)                                        value=-Inf
    up(agent7)                                          value=-Inf
        chosen: FALLBACK  (best_value=-Inf)
[DEBUG d>=2] k=4 (idx=2 in order) at (13, 6) — 4 candidates, lookahead=1
    right(agent4)                                       value=-Inf
    wait(agent4)                                        value=-Inf
    up(agent4)                                          value=-Inf
    down(agent4)                                        value=-Inf
        chosen: FALLBACK  (best_value=-Inf)
[DEBUG d>=2] k=2 (idx=3 in order) at (14, 4) — 3 candidates, lookahead=1
    wait(agent2)                                        value=-Inf
  * up(agent2)                                          value=-27.0000
    down(agent2)                                        value=-Inf
        chosen: up(agent2)  (best_value=-27.0000)
[DEBUG d>=2] k=3 (idx=4 in order) at (11, 8) — 4 candidates, lookahead=1
    left(agent3)                                        value=-Inf
    wait(agent3)                                        value=-Inf
    up(agent3)                                          value=-Inf
    down(agent3)                                        value=-Inf
        chosen: FALLBACK  (best_value=-Inf)
[DEBUG d>=2] k=1 (idx=5 in order) at (13, 4) — 3 candidates, lookahead=1
    right(agent1)                                       value=-Inf
    wait(agent1)                                        value=-Inf
    up(agent1)                                          value=-Inf
        chosen: FALLBACK  (best_value=-Inf)
[DEBUG d>=2] k=8 (idx=6 in order) at (13, 10) — 4 candidates, lookahead=1
    left(agent8)                                        value=-Inf
    wait(agent8)                                        value=-Inf
    up(agent8)                                          value=-Inf
    down(agent8)                                        value=-Inf
        chosen: FALLBACK  (best_value=-Inf)
[DEBUG d>=2] k=5 (idx=7 in order) at (12, 13) — 5 candidates, lookahead=1
    left(agent5)                                        value=-Inf
    right(agent5)                                       value=-Inf
    wait(agent5)                                        value=-Inf
    up(agent5)                                          value=-Inf
    down(agent5)                                        value=-Inf
        chosen: FALLBACK  (best_value=-Inf)
[DEBUG d>=2] k=6 (idx=8 in order) at (14, 10) — 4 candidates, lookahead=1
    left(agent6)                                        value=-Inf
    wait(agent6)                                        value=-Inf
    up(agent6)                                          value=-Inf
    down(agent6)                                        value=-Inf
        chosen: FALLBACK  (best_value=-Inf)
[DEBUG d>=2] k=7 (idx=1 in order) at (12, 14) — 3 candidates, lookahead=1
    left(agent7)                                        value=-Inf
    right(agent7)                                       value=-Inf
    wait(agent7)                                        value=-Inf
        chosen: FALLBACK  (best_value=-Inf)
[DEBUG d>=2] k=4 (idx=2 in order) at (13, 5) — 4 candidates, lookahead=1
    right(agent4)                                       value=-Inf
  * wait(agent4)                                        value=-26.0000
    up(agent4)                                          value=-Inf
    down(agent4)                                        value=-Inf
        chosen: wait(agent4)  (best_value=-26.0000)
[DEBUG d>=2] k=2 (idx=3 in order) at (14, 3) — 3 candidates, lookahead=1
    left(agent2)                                        value=-Inf
  * wait(agent2)                                        value=-27.0000
    up(agent2)                                          value=-Inf
        chosen: wait(agent2)  (best_value=-27.0000)
[DEBUG d>=2] k=3 (idx=4 in order) at (10, 8) — 5 candidates, lookahead=1
    left(agent3)                                        value=-Inf
    right(agent3)                                       value=-Inf
    wait(agent3)                                        value=-Inf
    up(agent3)                                          value=-Inf
    down(agent3)                                        value=-Inf
        chosen: FALLBACK  (best_value=-Inf)
[DEBUG d>=2] k=1 (idx=5 in order) at (14, 4) — 3 candidates, lookahead=1
  * wait(agent1)                                        value=-21.0000
    up(agent1)                                          value=-Inf
    down(agent1)                                        value=-Inf
        chosen: wait(agent1)  (best_value=-21.0000)
[DEBUG d>=2] k=8 (idx=6 in order) at (13, 10) — 5 candidates, lookahead=1
    left(agent8)                                        value=-Inf
    right(agent8)                                       value=-Inf
    wait(agent8)                                        value=-Inf
    up(agent8)                                          value=-Inf
    down(agent8)                                        value=-Inf
        chosen: FALLBACK  (best_value=-Inf)
[DEBUG d>=2] k=5 (idx=7 in order) at (12, 13) — 4 candidates, lookahead=1
    left(agent5)                                        value=-40.0000
    right(agent5)                                       value=-Inf
  * wait(agent5)                                        value=-39.0000
    up(agent5)                                          value=-Inf
        chosen: wait(agent5)  (best_value=-39.0000)
[DEBUG d>=2] k=6 (idx=8 in order) at (14, 11) — 4 candidates, lookahead=1
    left(agent6)                                        value=-Inf
    wait(agent6)                                        value=-Inf
    up(agent6)                                          value=-Inf
    down(agent6)                                        value=-Inf
        chosen: FALLBACK  (best_value=-Inf)
[DEBUG d>=2] k=7 (idx=1 in order) at (11, 14) — 4 candidates, lookahead=1
    left(agent7)                                        value=-Inf
    right(agent7)                                       value=-Inf
    wait(agent7)                                        value=-Inf
    up(agent7)                                          value=-Inf
        chosen: FALLBACK  (best_value=-Inf)
[DEBUG d>=2] k=4 (idx=2 in order) at (13, 5) — 4 candidates, lookahead=1
    right(agent4)                                       value=-29.0000
    wait(agent4)                                        value=-26.0000
  * up(agent4)                                          value=-25.0000
    down(agent4)                                        value=-29.0000
        chosen: up(agent4)  (best_value=-25.0000)
[DEBUG d>=2] k=2 (idx=3 in order) at (14, 3) — 3 candidates, lookahead=1
    left(agent2)                                        value=-Inf
    wait(agent2)                                        value=-Inf
    up(agent2)                                          value=-Inf
        chosen: FALLBACK  (best_value=-Inf)
[DEBUG d>=2] k=3 (idx=4 in order) at (11, 8) — 4 candidates, lookahead=1
    left(agent3)                                        value=-Inf
    wait(agent3)                                        value=-Inf
    up(agent3)                                          value=-Inf
    down(agent3)                                        value=-Inf
        chosen: FALLBACK  (best_value=-Inf)
[DEBUG d>=2] k=1 (idx=5 in order) at (14, 4) — 2 candidates, lookahead=1
    wait(agent1)                                        value=-19.0000
  * down(agent1)                                        value=-18.0000
        chosen: down(agent1)  (best_value=-18.0000)
[DEBUG d>=2] k=8 (idx=6 in order) at (14, 10) — 3 candidates, lookahead=1
    left(agent8)                                        value=-Inf
    wait(agent8)                                        value=-Inf
    up(agent8)                                          value=-Inf
        chosen: FALLBACK  (best_value=-Inf)
[DEBUG d>=2] k=5 (idx=7 in order) at (12, 13) — 5 candidates, lookahead=1
    left(agent5)                                        value=-Inf
    right(agent5)                                       value=-Inf
    wait(agent5)                                        value=-Inf
    up(agent5)                                          value=-Inf
    down(agent5)                                        value=-Inf
        chosen: FALLBACK  (best_value=-Inf)
[DEBUG d>=2] k=6 (idx=8 in order) at (14, 11) — 4 candidates, lookahead=1
    left(agent6)                                        value=-Inf
    wait(agent6)                                        value=-Inf
    up(agent6)                                          value=-Inf
    down(agent6)                                        value=-Inf
        chosen: FALLBACK  (best_value=-Inf)
[DEBUG d>=2] k=7 (idx=1 in order) at (10, 14) — 4 candidates, lookahead=1
    left(agent7)                                        value=-Inf
    right(agent7)                                       value=-Inf
    wait(agent7)                                        value=-Inf
    up(agent7)                                          value=-Inf
        chosen: FALLBACK  (best_value=-Inf)
[DEBUG d>=2] k=4 (idx=2 in order) at (13, 4) — 4 candidates, lookahead=1
    right(agent4)                                       value=-32.0000
  * wait(agent4)                                        value=-25.0000
    up(agent4)                                          value=-28.0000
    down(agent4)                                        value=-26.0000
        chosen: wait(agent4)  (best_value=-25.0000)
[DEBUG d>=2] k=2 (idx=3 in order) at (14, 3) — 3 candidates, lookahead=1
  * wait(agent2)                                        value=-25.0000
    up(agent2)                                          value=-32.0000
    down(agent2)                                        value=-30.0000
        chosen: wait(agent2)  (best_value=-25.0000)
[DEBUG d>=2] k=3 (idx=4 in order) at (11, 8) — 4 candidates, lookahead=1
    left(agent3)                                        value=-Inf
    wait(agent3)                                        value=-Inf
    up(agent3)                                          value=-Inf
    down(agent3)                                        value=-Inf
        chosen: FALLBACK  (best_value=-Inf)
[DEBUG d>=2] k=1 (idx=5 in order) at (14, 5) — 4 candidates, lookahead=1
  * left(agent1)                                        value=-17.0000
    wait(agent1)                                        value=-18.0000
    up(agent1)                                          value=-21.0000
    down(agent1)                                        value=-17.0000
        chosen: left(agent1)  (best_value=-17.0000)
[DEBUG d>=2] k=8 (idx=6 in order) at (14, 10) — 3 candidates, lookahead=1
    left(agent8)                                        value=-Inf
    wait(agent8)                                        value=-Inf
    up(agent8)                                          value=-Inf
        chosen: FALLBACK  (best_value=-Inf)
[DEBUG d>=2] k=5 (idx=7 in order) at (12, 13) — 5 candidates, lookahead=1
    left(agent5)                                        value=-Inf
    right(agent5)                                       value=-Inf
    wait(agent5)                                        value=-Inf
    up(agent5)                                          value=-Inf
    down(agent5)                                        value=-Inf
        chosen: FALLBACK  (best_value=-Inf)
[DEBUG d>=2] k=6 (idx=8 in order) at (14, 11) — 4 candidates, lookahead=1
    left(agent6)                                        value=-Inf
    wait(agent6)                                        value=-Inf
    up(agent6)                                          value=-Inf
    down(agent6)                                        value=-Inf
        chosen: FALLBACK  (best_value=-Inf)
[DEBUG d>=2] k=7 (idx=1 in order) at (10, 14) — 4 candidates, lookahead=1
    left(agent7)                                        value=-Inf
    right(agent7)                                       value=-Inf
    wait(agent7)                                        value=-Inf
    up(agent7)                                          value=-Inf
        chosen: FALLBACK  (best_value=-Inf)
[DEBUG d>=2] k=4 (idx=2 in order) at (13, 4) — 3 candidates, lookahead=1
    right(agent4)                                       value=-28.0000
  * wait(agent4)                                        value=-27.0000
    up(agent4)                                          value=-28.0000
        chosen: wait(agent4)  (best_value=-27.0000)
[DEBUG d>=2] k=2 (idx=3 in order) at (14, 3) — 3 candidates, lookahead=1
    wait(agent2)                                        value=-27.0000
    up(agent2)                                          value=-28.0000
  * down(agent2)                                        value=-26.0000
        chosen: down(agent2)  (best_value=-26.0000)
[DEBUG d>=2] k=3 (idx=4 in order) at (11, 8) — 4 candidates, lookahead=1
    left(agent3)                                        value=-Inf
    wait(agent3)                                        value=-Inf
    up(agent3)                                          value=-Inf
    down(agent3)                                        value=-Inf
        chosen: FALLBACK  (best_value=-Inf)
[DEBUG d>=2] k=1 (idx=5 in order) at (13, 5) — 4 candidates, lookahead=1
  * right(agent1)                                       value=-18.0000
    wait(agent1)                                        value=-21.0000
    up(agent1)                                          value=-18.0000
    down(agent1)                                        value=-22.0000
        chosen: right(agent1)  (best_value=-18.0000)
[DEBUG d>=2] k=8 (idx=6 in order) at (14, 10) — 3 candidates, lookahead=1
    left(agent8)                                        value=-Inf
    wait(agent8)                                        value=-Inf
    up(agent8)                                          value=-Inf
        chosen: FALLBACK  (best_value=-Inf)
[DEBUG d>=2] k=5 (idx=7 in order) at (13, 13) — 5 candidates, lookahead=1
    left(agent5)                                        value=-Inf
    right(agent5)                                       value=-Inf
    wait(agent5)                                        value=-Inf
    up(agent5)                                          value=-Inf
    down(agent5)                                        value=-Inf
        chosen: FALLBACK  (best_value=-Inf)
[DEBUG d>=2] k=6 (idx=8 in order) at (14, 11) — 3 candidates, lookahead=1
    left(agent6)                                        value=-Inf
    wait(agent6)                                        value=-Inf
    down(agent6)                                        value=-Inf
        chosen: FALLBACK  (best_value=-Inf)
[DEBUG d>=2] k=7 (idx=1 in order) at (10, 14) — 4 candidates, lookahead=1
    left(agent7)                                        value=-Inf
    right(agent7)                                       value=-Inf
    wait(agent7)                                        value=-Inf
    up(agent7)                                          value=-Inf
        chosen: FALLBACK  (best_value=-Inf)
[DEBUG d>=2] k=4 (idx=2 in order) at (13, 4) — 3 candidates, lookahead=1
    wait(agent4)                                        value=-Inf
    up(agent4)                                          value=-Inf
  * down(agent4)                                        value=-28.0000
        chosen: down(agent4)  (best_value=-28.0000)
[DEBUG d>=2] k=2 (idx=3 in order) at (14, 4) — 3 candidates, lookahead=1
    left(agent2)                                        value=-Inf
    wait(agent2)                                        value=-26.0000
  * up(agent2)                                          value=-25.0000
        chosen: up(agent2)  (best_value=-25.0000)
[DEBUG d>=2] k=3 (idx=4 in order) at (11, 7) — 4 candidates, lookahead=1
    left(agent3)                                        value=-Inf
    wait(agent3)                                        value=-Inf
    up(agent3)                                          value=-Inf
    down(agent3)                                        value=-Inf
        chosen: FALLBACK  (best_value=-Inf)
[DEBUG d>=2] k=1 (idx=5 in order) at (14, 5) — 4 candidates, lookahead=1
  * left(agent1)                                        value=-17.0000
    wait(agent1)                                        value=-18.0000
    up(agent1)                                          value=-19.0000
    down(agent1)                                        value=-17.0000
        chosen: left(agent1)  (best_value=-17.0000)
[DEBUG d>=2] k=8 (idx=6 in order) at (14, 9) — 4 candidates, lookahead=1
    left(agent8)                                        value=-Inf
    wait(agent8)                                        value=-Inf
    up(agent8)                                          value=-Inf
    down(agent8)                                        value=-Inf
        chosen: FALLBACK  (best_value=-Inf)
[DEBUG d>=2] k=5 (idx=7 in order) at (12, 13) — 5 candidates, lookahead=1
    left(agent5)                                        value=-Inf
    right(agent5)                                       value=-Inf
    wait(agent5)                                        value=-Inf
    up(agent5)                                          value=-Inf
    down(agent5)                                        value=-Inf
        chosen: FALLBACK  (best_value=-Inf)
[DEBUG d>=2] k=6 (idx=8 in order) at (14, 11) — 4 candidates, lookahead=1
    left(agent6)                                        value=-Inf
    wait(agent6)                                        value=-Inf
    up(agent6)                                          value=-Inf
    down(agent6)                                        value=-Inf
        chosen: FALLBACK  (best_value=-Inf)
[DEBUG d>=2] k=7 (idx=1 in order) at (10, 13) — 5 candidates, lookahead=1
  * left(agent7)                                        value=-46.0000
    right(agent7)                                       value=-Inf
    wait(agent7)                                        value=-Inf
    up(agent7)                                          value=-Inf
    down(agent7)                                        value=-Inf
        chosen: left(agent7)  (best_value=-46.0000)
[DEBUG d>=2] k=4 (idx=2 in order) at (13, 5) — 3 candidates, lookahead=1
  * wait(agent4)                                        value=-26.0000
    up(agent4)                                          value=-27.0000
    down(agent4)                                        value=-Inf
        chosen: wait(agent4)  (best_value=-26.0000)
[DEBUG d>=2] k=2 (idx=3 in order) at (14, 3) — 4 candidates, lookahead=1
    left(agent2)                                        value=-Inf
  * wait(agent2)                                        value=-27.0000
    up(agent2)                                          value=-28.0000
    down(agent2)                                        value=-Inf
        chosen: wait(agent2)  (best_value=-27.0000)
[DEBUG d>=2] k=3 (idx=4 in order) at (11, 7) — 4 candidates, lookahead=1
    left(agent3)                                        value=-Inf
    wait(agent3)                                        value=-Inf
    up(agent3)                                          value=-Inf
    down(agent3)                                        value=-Inf
        chosen: FALLBACK  (best_value=-Inf)
[DEBUG d>=2] k=1 (idx=5 in order) at (14, 5) — 4 candidates, lookahead=1
    left(agent1)                                        value=-21.0000
    wait(agent1)                                        value=-22.0000
  * up(agent1)                                          value=-19.0000
    down(agent1)                                        value=-21.0000
        chosen: up(agent1)  (best_value=-19.0000)
[DEBUG d>=2] k=8 (idx=6 in order) at (14, 9) — 3 candidates, lookahead=1
  * left(agent8)                                        value=-32.0000
    wait(agent8)                                        value=-39.0000
    up(agent8)                                          value=-Inf
        chosen: left(agent8)  (best_value=-32.0000)
[DEBUG d>=2] k=5 (idx=7 in order) at (12, 13) — 5 candidates, lookahead=1
    left(agent5)                                        value=-Inf
    right(agent5)                                       value=-Inf
    wait(agent5)                                        value=-Inf
    up(agent5)                                          value=-Inf
    down(agent5)                                        value=-Inf
        chosen: FALLBACK  (best_value=-Inf)
[DEBUG d>=2] k=6 (idx=8 in order) at (14, 10) — 4 candidates, lookahead=1
  * left(agent6)                                        value=-33.0000
    wait(agent6)                                        value=-36.0000
    up(agent6)                                          value=-37.0000
    down(agent6)                                        value=-Inf
        chosen: left(agent6)  (best_value=-33.0000)
[DEBUG d>=2] k=7 (idx=1 in order) at (9, 13) — 5 candidates, lookahead=1
    left(agent7)                                        value=-Inf
    right(agent7)                                       value=-Inf
    wait(agent7)                                        value=-Inf
    up(agent7)                                          value=-Inf
    down(agent7)                                        value=-Inf
        chosen: FALLBACK  (best_value=-Inf)
[DEBUG d>=2] k=4 (idx=2 in order) at (13, 5) — 4 candidates, lookahead=1
  * right(agent4)                                       value=-29.0000
    wait(agent4)                                        value=-Inf
    up(agent4)                                          value=-29.0000
    down(agent4)                                        value=-29.0000
        chosen: right(agent4)  (best_value=-29.0000)
[DEBUG d>=2] k=2 (idx=3 in order) at (14, 3) — 3 candidates, lookahead=1
    left(agent2)                                        value=-Inf
    wait(agent2)                                        value=-Inf
    up(agent2)                                          value=-Inf
        chosen: FALLBACK  (best_value=-Inf)
[DEBUG d>=2] k=3 (idx=4 in order) at (11, 6) — 4 candidates, lookahead=1
    left(agent3)                                        value=-Inf
    wait(agent3)                                        value=-Inf
    up(agent3)                                          value=-Inf
    down(agent3)                                        value=-Inf
        chosen: FALLBACK  (best_value=-Inf)
[DEBUG d>=2] k=1 (idx=5 in order) at (14, 4) — 3 candidates, lookahead=1
    wait(agent1)                                        value=-21.0000
    up(agent1)                                          value=-Inf
  * down(agent1)                                        value=-18.0000
        chosen: down(agent1)  (best_value=-18.0000)
[DEBUG d>=2] k=8 (idx=6 in order) at (13, 9) — 3 candidates, lookahead=1
    right(agent8)                                       value=-Inf
    wait(agent8)                                        value=-Inf
    up(agent8)                                          value=-Inf
        chosen: FALLBACK  (best_value=-Inf)
[DEBUG d>=2] k=5 (idx=7 in order) at (12, 13) — 5 candidates, lookahead=1
    left(agent5)                                        value=-Inf
    right(agent5)                                       value=-Inf
    wait(agent5)                                        value=-Inf
    up(agent5)                                          value=-Inf
    down(agent5)                                        value=-Inf
        chosen: FALLBACK  (best_value=-Inf)
[DEBUG d>=2] k=6 (idx=8 in order) at (13, 10) — 5 candidates, lookahead=1
    left(agent6)                                        value=-Inf
    right(agent6)                                       value=-Inf
    wait(agent6)                                        value=-Inf
    up(agent6)                                          value=-Inf
    down(agent6)                                        value=-Inf
        chosen: FALLBACK  (best_value=-Inf)
[DEBUG d>=2] k=7 (idx=1 in order) at (10, 13) — 5 candidates, lookahead=1
    left(agent7)                                        value=-Inf
    right(agent7)                                       value=-Inf
    wait(agent7)                                        value=-Inf
    up(agent7)                                          value=-Inf
    down(agent7)                                        value=-Inf
        chosen: FALLBACK  (best_value=-Inf)
[DEBUG d>=2] k=4 (idx=2 in order) at (14, 5) — 3 candidates, lookahead=1
    left(agent4)                                        value=-30.0000
  * wait(agent4)                                        value=-29.0000
    down(agent4)                                        value=-30.0000
        chosen: wait(agent4)  (best_value=-29.0000)
[DEBUG d>=2] k=2 (idx=3 in order) at (14, 2) — 4 candidates, lookahead=1
    left(agent2)                                        value=-Inf
    collect1(agent2, well1)                             value=-Inf
    wait(agent2)                                        value=-Inf
    down(agent2)                                        value=-Inf
        chosen: FALLBACK  (best_value=-Inf)
[DEBUG d>=2] k=3 (idx=4 in order) at (11, 6) — 4 candidates, lookahead=1
    left(agent3)                                        value=-Inf
    wait(agent3)                                        value=-Inf
    up(agent3)                                          value=-Inf
    down(agent3)                                        value=-Inf
        chosen: FALLBACK  (best_value=-Inf)
[DEBUG d>=2] k=1 (idx=5 in order) at (14, 4) — 3 candidates, lookahead=1
    left(agent1)                                        value=-20.0000
    wait(agent1)                                        value=-23.0000
  * down(agent1)                                        value=-18.0000
        chosen: down(agent1)  (best_value=-18.0000)
[DEBUG d>=2] k=8 (idx=6 in order) at (13, 8) — 4 candidates, lookahead=1
    right(agent8)                                       value=-Inf
    wait(agent8)                                        value=-Inf
    up(agent8)                                          value=-Inf
    down(agent8)                                        value=-Inf
        chosen: FALLBACK  (best_value=-Inf)
[DEBUG d>=2] k=5 (idx=7 in order) at (12, 12) — 5 candidates, lookahead=1
    left(agent5)                                        value=-Inf
    right(agent5)                                       value=-Inf
    wait(agent5)                                        value=-Inf
    up(agent5)                                          value=-Inf
    down(agent5)                                        value=-Inf
        chosen: FALLBACK  (best_value=-Inf)
[DEBUG d>=2] k=6 (idx=8 in order) at (13, 11) — 4 candidates, lookahead=1
    right(agent6)                                       value=-Inf
    wait(agent6)                                        value=-Inf
    up(agent6)                                          value=-Inf
    down(agent6)                                        value=-Inf
        chosen: FALLBACK  (best_value=-Inf)
[DEBUG d>=2] k=7 (idx=1 in order) at (10, 12) — 5 candidates, lookahead=1
    left(agent7)                                        value=-Inf
    right(agent7)                                       value=-Inf
    wait(agent7)                                        value=-Inf
    up(agent7)                                          value=-Inf
    down(agent7)                                        value=-Inf
        chosen: FALLBACK  (best_value=-Inf)
[DEBUG d>=2] k=4 (idx=2 in order) at (14, 5) — 3 candidates, lookahead=1
    left(agent4)                                        value=-Inf
  * wait(agent4)                                        value=-29.0000
    down(agent4)                                        value=-Inf
        chosen: wait(agent4)  (best_value=-29.0000)
[DEBUG d>=2] k=2 (idx=3 in order) at (14, 3) — 3 candidates, lookahead=1
    left(agent2)                                        value=-Inf
    wait(agent2)                                        value=-Inf
    up(agent2)                                          value=-Inf
        chosen: FALLBACK  (best_value=-Inf)
[DEBUG d>=2] k=3 (idx=4 in order) at (11, 6) — 4 candidates, lookahead=1
    left(agent3)                                        value=-Inf
    wait(agent3)                                        value=-Inf
    up(agent3)                                          value=-Inf
    down(agent3)                                        value=-Inf
        chosen: FALLBACK  (best_value=-Inf)
[DEBUG d>=2] k=1 (idx=5 in order) at (14, 4) — 4 candidates, lookahead=1
    left(agent1)                                        value=-20.0000
    wait(agent1)                                        value=-19.0000
    up(agent1)                                          value=-19.0000
  * down(agent1)                                        value=-18.0000
        chosen: down(agent1)  (best_value=-18.0000)
[DEBUG d>=2] k=8 (idx=6 in order) at (13, 7) — 4 candidates, lookahead=1
    right(agent8)                                       value=-Inf
    wait(agent8)                                        value=-Inf
    up(agent8)                                          value=-Inf
    down(agent8)                                        value=-Inf
        chosen: FALLBACK  (best_value=-Inf)
[DEBUG d>=2] k=5 (idx=7 in order) at (12, 13) — 5 candidates, lookahead=1
    left(agent5)                                        value=-Inf
    right(agent5)                                       value=-Inf
    wait(agent5)                                        value=-Inf
    up(agent5)                                          value=-Inf
    down(agent5)                                        value=-Inf
        chosen: FALLBACK  (best_value=-Inf)
[DEBUG d>=2] k=6 (idx=8 in order) at (14, 11) — 4 candidates, lookahead=1
    left(agent6)                                        value=-Inf
    wait(agent6)                                        value=-Inf
    up(agent6)                                          value=-Inf
    down(agent6)                                        value=-Inf
        chosen: FALLBACK  (best_value=-Inf)
[DEBUG d>=2] k=7 (idx=1 in order) at (10, 11) — 5 candidates, lookahead=1
    left(agent7)                                        value=-Inf
    right(agent7)                                       value=-Inf
    wait(agent7)                                        value=-Inf
    up(agent7)                                          value=-Inf
    down(agent7)                                        value=-Inf
        chosen: FALLBACK  (best_value=-Inf)
[DEBUG d>=2] k=4 (idx=2 in order) at (14, 5) — 3 candidates, lookahead=1
    left(agent4)                                        value=-Inf
  * wait(agent4)                                        value=-27.0000
    down(agent4)                                        value=-32.0000
        chosen: wait(agent4)  (best_value=-27.0000)
[DEBUG d>=2] k=2 (idx=3 in order) at (13, 3) — 4 candidates, lookahead=1
    right(agent2)                                       value=-Inf
    wait(agent2)                                        value=-Inf
    up(agent2)                                          value=-Inf
  * down(agent2)                                        value=-28.0000
        chosen: down(agent2)  (best_value=-28.0000)
[DEBUG d>=2] k=3 (idx=4 in order) at (10, 6) — 5 candidates, lookahead=1
    left(agent3)                                        value=-Inf
    right(agent3)                                       value=-Inf
    wait(agent3)                                        value=-Inf
    up(agent3)                                          value=-Inf
    down(agent3)                                        value=-Inf
        chosen: FALLBACK  (best_value=-Inf)
[DEBUG d>=2] k=1 (idx=5 in order) at (14, 4) — 3 candidates, lookahead=1
    left(agent1)                                        value=-Inf
  * wait(agent1)                                        value=-19.0000
    up(agent1)                                          value=-22.0000
        chosen: wait(agent1)  (best_value=-19.0000)
[DEBUG d>=2] k=8 (idx=6 in order) at (13, 8) — 4 candidates, lookahead=1
    right(agent8)                                       value=-Inf
  * wait(agent8)                                        value=-31.0000
    up(agent8)                                          value=-Inf
    down(agent8)                                        value=-Inf
        chosen: wait(agent8)  (best_value=-31.0000)
[DEBUG d>=2] k=5 (idx=7 in order) at (13, 13) — 5 candidates, lookahead=1
    left(agent5)                                        value=-Inf
    right(agent5)                                       value=-Inf
    wait(agent5)                                        value=-Inf
    up(agent5)                                          value=-Inf
    down(agent5)                                        value=-Inf
        chosen: FALLBACK  (best_value=-Inf)
[DEBUG d>=2] k=6 (idx=8 in order) at (14, 12) — 4 candidates, lookahead=1
    left(agent6)                                        value=-Inf
    wait(agent6)                                        value=-Inf
    up(agent6)                                          value=-Inf
    down(agent6)                                        value=-Inf
        chosen: FALLBACK  (best_value=-Inf)
[DEBUG d>=2] k=7 (idx=1 in order) at (9, 11) — 5 candidates, lookahead=1
    left(agent7)                                        value=-Inf
    right(agent7)                                       value=-Inf
    wait(agent7)                                        value=-Inf
    up(agent7)                                          value=-Inf
    down(agent7)                                        value=-Inf
        chosen: FALLBACK  (best_value=-Inf)
[DEBUG d>=2] k=4 (idx=2 in order) at (14, 5) — 3 candidates, lookahead=1
    left(agent4)                                        value=-30.0000
  * wait(agent4)                                        value=-27.0000
    down(agent4)                                        value=-32.0000
        chosen: wait(agent4)  (best_value=-27.0000)
[DEBUG d>=2] k=2 (idx=3 in order) at (13, 4) — 3 candidates, lookahead=1
  * wait(agent2)                                        value=-25.0000
    up(agent2)                                          value=-Inf
    down(agent2)                                        value=-28.0000
        chosen: wait(agent2)  (best_value=-25.0000)
[DEBUG d>=2] k=3 (idx=4 in order) at (11, 6) — 4 candidates, lookahead=1
    left(agent3)                                        value=-Inf
    wait(agent3)                                        value=-Inf
    up(agent3)                                          value=-Inf
    down(agent3)                                        value=-Inf
        chosen: FALLBACK  (best_value=-Inf)
[DEBUG d>=2] k=1 (idx=5 in order) at (14, 4) — 3 candidates, lookahead=1
    wait(agent1)                                        value=-21.0000
  * up(agent1)                                          value=-20.0000
    down(agent1)                                        value=-21.0000
        chosen: up(agent1)  (best_value=-20.0000)
[DEBUG d>=2] k=8 (idx=6 in order) at (13, 8) — 4 candidates, lookahead=1
    right(agent8)                                       value=-Inf
    wait(agent8)                                        value=-Inf
  * up(agent8)                                          value=-30.0000
    down(agent8)                                        value=-32.0000
        chosen: up(agent8)  (best_value=-30.0000)
[DEBUG d>=2] k=5 (idx=7 in order) at (14, 13) — 3 candidates, lookahead=1
    left(agent5)                                        value=-Inf
    wait(agent5)                                        value=-Inf
    down(agent5)                                        value=-Inf
        chosen: FALLBACK  (best_value=-Inf)
[DEBUG d>=2] k=6 (idx=8 in order) at (14, 12) — 4 candidates, lookahead=1
    left(agent6)                                        value=-Inf
    wait(agent6)                                        value=-Inf
    up(agent6)                                          value=-Inf
    down(agent6)                                        value=-Inf
        chosen: FALLBACK  (best_value=-Inf)
[DEBUG d>=2] k=7 (idx=1 in order) at (9, 10) — 5 candidates, lookahead=1
    left(agent7)                                        value=-Inf
    right(agent7)                                       value=-Inf
    wait(agent7)                                        value=-Inf
    up(agent7)                                          value=-Inf
    down(agent7)                                        value=-Inf
        chosen: FALLBACK  (best_value=-Inf)
[DEBUG d>=2] k=4 (idx=2 in order) at (14, 5) — 4 candidates, lookahead=1
    left(agent4)                                        value=-Inf
    wait(agent4)                                        value=-Inf
    up(agent4)                                          value=-Inf
  * down(agent4)                                        value=-31.0000
        chosen: down(agent4)  (best_value=-31.0000)
[DEBUG d>=2] k=2 (idx=3 in order) at (13, 4) — 3 candidates, lookahead=1
    right(agent2)                                       value=-28.0000
    wait(agent2)                                        value=-27.0000
  * up(agent2)                                          value=-24.0000
        chosen: up(agent2)  (best_value=-24.0000)
[DEBUG d>=2] k=3 (idx=4 in order) at (11, 5) — 4 candidates, lookahead=1
    left(agent3)                                        value=-Inf
    wait(agent3)                                        value=-Inf
    up(agent3)                                          value=-Inf
    down(agent3)                                        value=-Inf
        chosen: FALLBACK  (best_value=-Inf)
[DEBUG d>=2] k=1 (idx=5 in order) at (14, 3) — 3 candidates, lookahead=1
    wait(agent1)                                        value=-Inf
    up(agent1)                                          value=-Inf
  * down(agent1)                                        value=-20.0000
        chosen: down(agent1)  (best_value=-20.0000)
[DEBUG d>=2] k=8 (idx=6 in order) at (13, 7) — 4 candidates, lookahead=1
    right(agent8)                                       value=-Inf
    wait(agent8)                                        value=-Inf
    up(agent8)                                          value=-Inf
    down(agent8)                                        value=-Inf
        chosen: FALLBACK  (best_value=-Inf)
[DEBUG d>=2] k=5 (idx=7 in order) at (14, 13) — 3 candidates, lookahead=1
    left(agent5)                                        value=-Inf
    wait(agent5)                                        value=-Inf
    down(agent5)                                        value=-Inf
        chosen: FALLBACK  (best_value=-Inf)
[DEBUG d>=2] k=6 (idx=8 in order) at (14, 12) — 4 candidates, lookahead=1
    left(agent6)                                        value=-Inf
    wait(agent6)                                        value=-Inf
    up(agent6)                                          value=-Inf
    down(agent6)                                        value=-Inf
        chosen: FALLBACK  (best_value=-Inf)
[DEBUG d>=2] k=7 (idx=1 in order) at (9, 11) — 5 candidates, lookahead=1
    left(agent7)                                        value=-Inf
    right(agent7)                                       value=-Inf
    wait(agent7)                                        value=-Inf
    up(agent7)                                          value=-Inf
    down(agent7)                                        value=-Inf
        chosen: FALLBACK  (best_value=-Inf)
[DEBUG d>=2] k=4 (idx=2 in order) at (14, 6) — 3 candidates, lookahead=1
    left(agent4)                                        value=-29.0000
    wait(agent4)                                        value=-32.0000
  * up(agent4)                                          value=-27.0000
        chosen: up(agent4)  (best_value=-27.0000)
[DEBUG d>=2] k=2 (idx=3 in order) at (13, 3) — 4 candidates, lookahead=1
    right(agent2)                                       value=-Inf
    wait(agent2)                                        value=-Inf
    up(agent2)                                          value=-Inf
  * down(agent2)                                        value=-25.0000
        chosen: down(agent2)  (best_value=-25.0000)
[DEBUG d>=2] k=3 (idx=4 in order) at (10, 5) — 5 candidates, lookahead=1
    left(agent3)                                        value=-Inf
    right(agent3)                                       value=-Inf
    wait(agent3)                                        value=-Inf
    up(agent3)                                          value=-Inf
    down(agent3)                                        value=-Inf
        chosen: FALLBACK  (best_value=-Inf)
[DEBUG d>=2] k=1 (idx=5 in order) at (14, 4) — 3 candidates, lookahead=1
  * left(agent1)                                        value=-19.0000
    wait(agent1)                                        value=-Inf
    up(agent1)                                          value=-Inf
        chosen: left(agent1)  (best_value=-19.0000)
[DEBUG d>=2] k=8 (idx=6 in order) at (14, 7) — 4 candidates, lookahead=1
    left(agent8)                                        value=-Inf
    wait(agent8)                                        value=-Inf
    up(agent8)                                          value=-Inf
    down(agent8)                                        value=-Inf
        chosen: FALLBACK  (best_value=-Inf)
[DEBUG d>=2] k=5 (idx=7 in order) at (13, 13) — 5 candidates, lookahead=1
    left(agent5)                                        value=-Inf
    right(agent5)                                       value=-Inf
    wait(agent5)                                        value=-Inf
    up(agent5)                                          value=-Inf
    down(agent5)                                        value=-Inf
        chosen: FALLBACK  (best_value=-Inf)
[DEBUG d>=2] k=6 (idx=8 in order) at (14, 11) — 4 candidates, lookahead=1
    left(agent6)                                        value=-Inf
    wait(agent6)                                        value=-Inf
    up(agent6)                                          value=-Inf
    down(agent6)                                        value=-Inf
        chosen: FALLBACK  (best_value=-Inf)
[DEBUG d>=2] k=7 (idx=1 in order) at (9, 11) — 5 candidates, lookahead=1
    left(agent7)                                        value=-Inf
    right(agent7)                                       value=-Inf
    wait(agent7)                                        value=-Inf
    up(agent7)                                          value=-Inf
    down(agent7)                                        value=-Inf
        chosen: FALLBACK  (best_value=-Inf)
[DEBUG d>=2] k=4 (idx=2 in order) at (14, 5) — 3 candidates, lookahead=1
    left(agent4)                                        value=-28.0000
  * wait(agent4)                                        value=-27.0000
    down(agent4)                                        value=-Inf
        chosen: wait(agent4)  (best_value=-27.0000)
[DEBUG d>=2] k=2 (idx=3 in order) at (13, 4) — 2 candidates, lookahead=1
  * wait(agent2)                                        value=-25.0000
    up(agent2)                                          value=-Inf
        chosen: wait(agent2)  (best_value=-25.0000)
[DEBUG d>=2] k=3 (idx=4 in order) at (10, 5) — 5 candidates, lookahead=1
    left(agent3)                                        value=-Inf
    right(agent3)                                       value=-Inf
    wait(agent3)                                        value=-Inf
    up(agent3)                                          value=-Inf
    down(agent3)                                        value=-Inf
        chosen: FALLBACK  (best_value=-Inf)
[DEBUG d>=2] k=1 (idx=5 in order) at (14, 4) — 3 candidates, lookahead=1
    left(agent1)                                        value=-Inf
  * wait(agent1)                                        value=-20.0000
    up(agent1)                                          value=-22.0000
        chosen: wait(agent1)  (best_value=-20.0000)
[DEBUG d>=2] k=8 (idx=6 in order) at (13, 7) — 4 candidates, lookahead=1
    right(agent8)                                       value=-Inf
    wait(agent8)                                        value=-Inf
    up(agent8)                                          value=-Inf
    down(agent8)                                        value=-Inf
        chosen: FALLBACK  (best_value=-Inf)
[DEBUG d>=2] k=5 (idx=7 in order) at (13, 14) — 4 candidates, lookahead=1
    left(agent5)                                        value=-Inf
    right(agent5)                                       value=-Inf
    wait(agent5)                                        value=-Inf
    up(agent5)                                          value=-Inf
        chosen: FALLBACK  (best_value=-Inf)
[DEBUG d>=2] k=6 (idx=8 in order) at (13, 11) — 5 candidates, lookahead=1
    left(agent6)                                        value=-Inf
    right(agent6)                                       value=-Inf
    wait(agent6)                                        value=-Inf
    up(agent6)                                          value=-Inf
    down(agent6)                                        value=-Inf
        chosen: FALLBACK  (best_value=-Inf)
[DEBUG d>=2] k=7 (idx=1 in order) at (10, 11) — 5 candidates, lookahead=1
    left(agent7)                                        value=-Inf
    right(agent7)                                       value=-Inf
    wait(agent7)                                        value=-Inf
    up(agent7)                                          value=-Inf
    down(agent7)                                        value=-Inf
        chosen: FALLBACK  (best_value=-Inf)
[DEBUG d>=2] k=4 (idx=2 in order) at (14, 5) — 3 candidates, lookahead=1
    left(agent4)                                        value=-29.0000
  * wait(agent4)                                        value=-27.0000
    down(agent4)                                        value=-32.0000
        chosen: wait(agent4)  (best_value=-27.0000)
[DEBUG d>=2] k=2 (idx=3 in order) at (13, 4) — 3 candidates, lookahead=1
  * wait(agent2)                                        value=-25.0000
    up(agent2)                                          value=-Inf
    down(agent2)                                        value=-Inf
        chosen: wait(agent2)  (best_value=-25.0000)
[DEBUG d>=2] k=3 (idx=4 in order) at (10, 4) — 5 candidates, lookahead=1
    left(agent3)                                        value=-Inf
    right(agent3)                                       value=-Inf
    wait(agent3)                                        value=-Inf
    up(agent3)                                          value=-Inf
    down(agent3)                                        value=-Inf
        chosen: FALLBACK  (best_value=-Inf)
[DEBUG d>=2] k=1 (idx=5 in order) at (14, 4) — 4 candidates, lookahead=1
  * left(agent1)                                        value=-18.0000
    wait(agent1)                                        value=-Inf
    up(agent1)                                          value=-21.0000
    down(agent1)                                        value=-19.0000
        chosen: left(agent1)  (best_value=-18.0000)
[DEBUG d>=2] k=8 (idx=6 in order) at (14, 7) — 4 candidates, lookahead=1
    left(agent8)                                        value=-Inf
  * wait(agent8)                                        value=-32.0000
    up(agent8)                                          value=-Inf
    down(agent8)                                        value=-Inf
        chosen: wait(agent8)  (best_value=-32.0000)
[DEBUG d>=2] k=5 (idx=7 in order) at (14, 14) — 3 candidates, lookahead=1
    left(agent5)                                        value=-Inf
    wait(agent5)                                        value=-Inf
    up(agent5)                                          value=-Inf
        chosen: FALLBACK  (best_value=-Inf)
[DEBUG d>=2] k=6 (idx=8 in order) at (13, 12) — 5 candidates, lookahead=1
    left(agent6)                                        value=-Inf
    right(agent6)                                       value=-Inf
    wait(agent6)                                        value=-Inf
    up(agent6)                                          value=-Inf
    down(agent6)                                        value=-Inf
        chosen: FALLBACK  (best_value=-Inf)
[DEBUG d>=2] k=7 (idx=1 in order) at (11, 11) — 5 candidates, lookahead=1
    left(agent7)                                        value=-Inf
    right(agent7)                                       value=-Inf
    wait(agent7)                                        value=-Inf
    up(agent7)                                          value=-Inf
    down(agent7)                                        value=-Inf
        chosen: FALLBACK  (best_value=-Inf)
[DEBUG d>=2] k=4 (idx=2 in order) at (14, 5) — 3 candidates, lookahead=1
    left(agent4)                                        value=-32.0000
  * wait(agent4)                                        value=-27.0000
    down(agent4)                                        value=-28.0000
        chosen: wait(agent4)  (best_value=-27.0000)
[DEBUG d>=2] k=2 (idx=3 in order) at (13, 4) — 2 candidates, lookahead=1
    wait(agent2)                                        value=-Inf
    up(agent2)                                          value=-Inf
        chosen: FALLBACK  (best_value=-Inf)
[DEBUG d>=2] k=3 (idx=4 in order) at (10, 3) — 5 candidates, lookahead=1
    left(agent3)                                        value=-Inf
    right(agent3)                                       value=-Inf
    wait(agent3)                                        value=-Inf
    up(agent3)                                          value=-Inf
    down(agent3)                                        value=-Inf
        chosen: FALLBACK  (best_value=-Inf)
[DEBUG d>=2] k=1 (idx=5 in order) at (14, 4) — 3 candidates, lookahead=1
    left(agent1)                                        value=-Inf
  * wait(agent1)                                        value=-19.0000
    up(agent1)                                          value=-22.0000
        chosen: wait(agent1)  (best_value=-19.0000)
[DEBUG d>=2] k=8 (idx=6 in order) at (14, 7) — 4 candidates, lookahead=1
    left(agent8)                                        value=-Inf
    wait(agent8)                                        value=-Inf
    up(agent8)                                          value=-Inf
    down(agent8)                                        value=-Inf
        chosen: FALLBACK  (best_value=-Inf)
[DEBUG d>=2] k=5 (idx=7 in order) at (14, 13) — 4 candidates, lookahead=1
    left(agent5)                                        value=-Inf
    wait(agent5)                                        value=-Inf
    up(agent5)                                          value=-Inf
    down(agent5)                                        value=-Inf
        chosen: FALLBACK  (best_value=-Inf)
[DEBUG d>=2] k=6 (idx=8 in order) at (13, 11) — 5 candidates, lookahead=1
    left(agent6)                                        value=-Inf
    right(agent6)                                       value=-Inf
    wait(agent6)                                        value=-Inf
    up(agent6)                                          value=-Inf
    down(agent6)                                        value=-Inf
        chosen: FALLBACK  (best_value=-Inf)
[DEBUG d>=2] k=7 (idx=1 in order) at (10, 11) — 5 candidates, lookahead=1
    left(agent7)                                        value=-Inf
    right(agent7)                                       value=-Inf
    wait(agent7)                                        value=-Inf
    up(agent7)                                          value=-Inf
    down(agent7)                                        value=-Inf
        chosen: FALLBACK  (best_value=-Inf)
[DEBUG d>=2] k=4 (idx=2 in order) at (14, 5) — 3 candidates, lookahead=1
    left(agent4)                                        value=-28.0000
  * wait(agent4)                                        value=-27.0000
    down(agent4)                                        value=-30.0000
        chosen: wait(agent4)  (best_value=-27.0000)
[DEBUG d>=2] k=2 (idx=3 in order) at (13, 3) — 4 candidates, lookahead=1
    right(agent2)                                       value=-Inf
    wait(agent2)                                        value=-Inf
    up(agent2)                                          value=-Inf
  * down(agent2)                                        value=-27.0000
        chosen: down(agent2)  (best_value=-27.0000)
[DEBUG d>=2] k=3 (idx=4 in order) at (10, 2) — 5 candidates, lookahead=1
    left(agent3)                                        value=-Inf
    right(agent3)                                       value=-Inf
    wait(agent3)                                        value=-Inf
    up(agent3)                                          value=-Inf
    down(agent3)                                        value=-Inf
        chosen: FALLBACK  (best_value=-Inf)
[DEBUG d>=2] k=1 (idx=5 in order) at (14, 4) — 4 candidates, lookahead=1
  * left(agent1)                                        value=-20.0000
    wait(agent1)                                        value=-Inf
    up(agent1)                                          value=-22.0000
    down(agent1)                                        value=-21.0000
        chosen: left(agent1)  (best_value=-20.0000)
[DEBUG d>=2] k=8 (idx=6 in order) at (14, 7) — 4 candidates, lookahead=1
    left(agent8)                                        value=-Inf
  * wait(agent8)                                        value=-33.0000
    up(agent8)                                          value=-Inf
    down(agent8)                                        value=-Inf
        chosen: wait(agent8)  (best_value=-33.0000)
[DEBUG d>=2] k=5 (idx=7 in order) at (14, 14) — 3 candidates, lookahead=1
    left(agent5)                                        value=-Inf
    wait(agent5)                                        value=-Inf
    up(agent5)                                          value=-Inf
        chosen: FALLBACK  (best_value=-Inf)
[DEBUG d>=2] k=6 (idx=8 in order) at (13, 10) — 5 candidates, lookahead=1
    left(agent6)                                        value=-Inf
    right(agent6)                                       value=-Inf
    wait(agent6)                                        value=-Inf
    up(agent6)                                          value=-Inf
    down(agent6)                                        value=-Inf
        chosen: FALLBACK  (best_value=-Inf)
[DEBUG d>=2] k=7 (idx=1 in order) at (10, 10) — 5 candidates, lookahead=1
    left(agent7)                                        value=-Inf
    right(agent7)                                       value=-Inf
    wait(agent7)                                        value=-Inf
    up(agent7)                                          value=-Inf
    down(agent7)                                        value=-Inf
        chosen: FALLBACK  (best_value=-Inf)
[DEBUG d>=2] k=4 (idx=2 in order) at (14, 5) — 3 candidates, lookahead=1
  * left(agent4)                                        value=-28.0000
    wait(agent4)                                        value=-29.0000
    down(agent4)                                        value=-29.0000
        chosen: left(agent4)  (best_value=-28.0000)
[DEBUG d>=2] k=2 (idx=3 in order) at (13, 4) — 3 candidates, lookahead=1
    wait(agent2)                                        value=-Inf
    up(agent2)                                          value=-Inf
  * down(agent2)                                        value=-30.0000
        chosen: down(agent2)  (best_value=-30.0000)
[DEBUG d>=2] k=3 (idx=4 in order) at (11, 2) — 4 candidates, lookahead=1
    left(agent3)                                        value=-Inf
    wait(agent3)                                        value=-Inf
    up(agent3)                                          value=-Inf
    down(agent3)                                        value=-Inf
        chosen: FALLBACK  (best_value=-Inf)
[DEBUG d>=2] k=1 (idx=5 in order) at (14, 4) — 3 candidates, lookahead=1
    left(agent1)                                        value=-Inf
  * wait(agent1)                                        value=-21.0000
    up(agent1)                                          value=-22.0000
        chosen: wait(agent1)  (best_value=-21.0000)
[DEBUG d>=2] k=8 (idx=6 in order) at (14, 7) — 4 candidates, lookahead=1
  * left(agent8)                                        value=-32.0000
    wait(agent8)                                        value=-35.0000
    up(agent8)                                          value=-Inf
    down(agent8)                                        value=-Inf
        chosen: left(agent8)  (best_value=-32.0000)
[DEBUG d>=2] k=5 (idx=7 in order) at (14, 13) — 4 candidates, lookahead=1
    left(agent5)                                        value=-Inf
    wait(agent5)                                        value=-Inf
    up(agent5)                                          value=-Inf
    down(agent5)                                        value=-Inf
        chosen: FALLBACK  (best_value=-Inf)
[DEBUG d>=2] k=6 (idx=8 in order) at (13, 9) — 4 candidates, lookahead=1
    right(agent6)                                       value=-Inf
    wait(agent6)                                        value=-Inf
    up(agent6)                                          value=-Inf
    down(agent6)                                        value=-Inf
        chosen: FALLBACK  (best_value=-Inf)
[DEBUG d>=2] k=7 (idx=1 in order) at (10, 11) — 5 candidates, lookahead=1
    left(agent7)                                        value=-Inf
    right(agent7)                                       value=-Inf
    wait(agent7)                                        value=-Inf
    up(agent7)                                          value=-Inf
    down(agent7)                                        value=-Inf
        chosen: FALLBACK  (best_value=-Inf)
[DEBUG d>=2] k=4 (idx=2 in order) at (13, 5) — 3 candidates, lookahead=1
  * right(agent4)                                       value=-28.0000
    wait(agent4)                                        value=-28.0000
    down(agent4)                                        value=-31.0000
        chosen: right(agent4)  (best_value=-28.0000)
[DEBUG d>=2] k=2 (idx=3 in order) at (13, 4) — 3 candidates, lookahead=1
    wait(agent2)                                        value=-Inf
    up(agent2)                                          value=-Inf
    down(agent2)                                        value=-Inf
        chosen: FALLBACK  (best_value=-Inf)
[DEBUG d>=2] k=3 (idx=4 in order) at (10, 2) — 5 candidates, lookahead=1
    left(agent3)                                        value=-Inf
    right(agent3)                                       value=-Inf
    wait(agent3)                                        value=-Inf
    up(agent3)                                          value=-Inf
    down(agent3)                                        value=-Inf
        chosen: FALLBACK  (best_value=-Inf)
[DEBUG d>=2] k=1 (idx=5 in order) at (14, 4) — 4 candidates, lookahead=1
    left(agent1)                                        value=-21.0000
    wait(agent1)                                        value=-21.0000
  * up(agent1)                                          value=-20.0000
    down(agent1)                                        value=-Inf
        chosen: up(agent1)  (best_value=-20.0000)
[DEBUG d>=2] k=8 (idx=6 in order) at (13, 7) — 3 candidates, lookahead=1
    right(agent8)                                       value=-Inf
    wait(agent8)                                        value=-Inf
    down(agent8)                                        value=-Inf
        chosen: FALLBACK  (best_value=-Inf)
[DEBUG d>=2] k=5 (idx=7 in order) at (14, 12) — 4 candidates, lookahead=1
    left(agent5)                                        value=-Inf
    wait(agent5)                                        value=-Inf
    up(agent5)                                          value=-Inf
    down(agent5)                                        value=-Inf
        chosen: FALLBACK  (best_value=-Inf)
[DEBUG d>=2] k=6 (idx=8 in order) at (13, 9) — 4 candidates, lookahead=1
    right(agent6)                                       value=-Inf
    wait(agent6)                                        value=-Inf
    up(agent6)                                          value=-Inf
    down(agent6)                                        value=-Inf
        chosen: FALLBACK  (best_value=-Inf)
[DEBUG d>=2] k=7 (idx=1 in order) at (9, 11) — 5 candidates, lookahead=1
    left(agent7)                                        value=-43.0000
  * right(agent7)                                       value=-41.0000
    wait(agent7)                                        value=-Inf
    up(agent7)                                          value=-Inf
    down(agent7)                                        value=-Inf
        chosen: right(agent7)  (best_value=-41.0000)
[DEBUG d>=2] k=4 (idx=2 in order) at (14, 5) — 4 candidates, lookahead=1
    left(agent4)                                        value=-Inf
    wait(agent4)                                        value=-28.0000
  * up(agent4)                                          value=-26.0000
    down(agent4)                                        value=-32.0000
        chosen: up(agent4)  (best_value=-26.0000)
[DEBUG d>=2] k=2 (idx=3 in order) at (13, 3) — 3 candidates, lookahead=1
    wait(agent2)                                        value=-Inf
    up(agent2)                                          value=-Inf
  * down(agent2)                                        value=-26.0000
        chosen: down(agent2)  (best_value=-26.0000)
[DEBUG d>=2] k=3 (idx=4 in order) at (10, 2) — 5 candidates, lookahead=1
    left(agent3)                                        value=-Inf
  * right(agent3)                                       value=-47.0000
    wait(agent3)                                        value=-48.0000
    up(agent3)                                          value=-49.0000
    down(agent3)                                        value=-Inf
        chosen: right(agent3)  (best_value=-47.0000)
[DEBUG d>=2] k=1 (idx=5 in order) at (14, 3) — 4 candidates, lookahead=1
  * left(agent1)                                        value=-21.0000
    wait(agent1)                                        value=-24.0000
    up(agent1)                                          value=-23.0000
    down(agent1)                                        value=-Inf
        chosen: left(agent1)  (best_value=-21.0000)
[DEBUG d>=2] k=8 (idx=6 in order) at (13, 8) — 3 candidates, lookahead=1
    right(agent8)                                       value=-Inf
    wait(agent8)                                        value=-32.0000
  * up(agent8)                                          value=-30.0000
        chosen: up(agent8)  (best_value=-30.0000)
[DEBUG d>=2] k=5 (idx=7 in order) at (13, 12) — 5 candidates, lookahead=1
    left(agent5)                                        value=-Inf
    right(agent5)                                       value=-Inf
  * wait(agent5)                                        value=-39.0000
    up(agent5)                                          value=-39.0000
    down(agent5)                                        value=-40.0000
        chosen: wait(agent5)  (best_value=-39.0000)
[DEBUG d>=2] k=6 (idx=8 in order) at (13, 9) — 4 candidates, lookahead=1
    right(agent6)                                       value=-Inf
    wait(agent6)                                        value=-Inf
    up(agent6)                                          value=-Inf
    down(agent6)                                        value=-Inf
        chosen: FALLBACK  (best_value=-Inf)
[DEBUG d>=2] k=7 (idx=1 in order) at (10, 11) — 5 candidates, lookahead=1
    left(agent7)                                        value=-Inf
    right(agent7)                                       value=-Inf
    wait(agent7)                                        value=-Inf
    up(agent7)                                          value=-Inf
    down(agent7)                                        value=-Inf
        chosen: FALLBACK  (best_value=-Inf)
[DEBUG d>=2] k=4 (idx=2 in order) at (14, 4) — 3 candidates, lookahead=1
  * wait(agent4)                                        value=-26.0000
    up(agent4)                                          value=-Inf
    down(agent4)                                        value=-Inf
        chosen: wait(agent4)  (best_value=-26.0000)
[DEBUG d>=2] k=2 (idx=3 in order) at (13, 4) — 3 candidates, lookahead=1
    right(agent2)                                       value=-Inf
    wait(agent2)                                        value=-Inf
    down(agent2)                                        value=-Inf
        chosen: FALLBACK  (best_value=-Inf)
[DEBUG d>=2] k=3 (idx=4 in order) at (11, 2) — 4 candidates, lookahead=1
    left(agent3)                                        value=-Inf
    wait(agent3)                                        value=-Inf
    up(agent3)                                          value=-Inf
    down(agent3)                                        value=-Inf
        chosen: FALLBACK  (best_value=-Inf)
[DEBUG d>=2] k=1 (idx=5 in order) at (13, 3) — 3 candidates, lookahead=1
    wait(agent1)                                        value=-21.0000
    up(agent1)                                          value=-Inf
  * down(agent1)                                        value=-20.0000
        chosen: down(agent1)  (best_value=-20.0000)
[DEBUG d>=2] k=8 (idx=6 in order) at (13, 7) — 3 candidates, lookahead=1
    right(agent8)                                       value=-Inf
    wait(agent8)                                        value=-Inf
    up(agent8)                                          value=-Inf
        chosen: FALLBACK  (best_value=-Inf)
[DEBUG d>=2] k=5 (idx=7 in order) at (13, 12) — 5 candidates, lookahead=1
    left(agent5)                                        value=-Inf
    right(agent5)                                       value=-Inf
    wait(agent5)                                        value=-Inf
    up(agent5)                                          value=-Inf
    down(agent5)                                        value=-Inf
        chosen: FALLBACK  (best_value=-Inf)
[DEBUG d>=2] k=6 (idx=8 in order) at (13, 8) — 3 candidates, lookahead=1
    right(agent6)                                       value=-Inf
    wait(agent6)                                        value=-Inf
    down(agent6)                                        value=-Inf
        chosen: FALLBACK  (best_value=-Inf)
[DEBUG d>=2] k=7 (idx=1 in order) at (10, 10) — 5 candidates, lookahead=1
    left(agent7)                                        value=-Inf
    right(agent7)                                       value=-Inf
    wait(agent7)                                        value=-Inf
    up(agent7)                                          value=-Inf
    down(agent7)                                        value=-Inf
        chosen: FALLBACK  (best_value=-Inf)
[DEBUG d>=2] k=4 (idx=2 in order) at (14, 4) — 3 candidates, lookahead=1
    wait(agent4)                                        value=-Inf
    up(agent4)                                          value=-Inf
    down(agent4)                                        value=-Inf
        chosen: FALLBACK  (best_value=-Inf)
[DEBUG d>=2] k=2 (idx=3 in order) at (13, 4) — 3 candidates, lookahead=1
    right(agent2)                                       value=-Inf
    wait(agent2)                                        value=-Inf
    down(agent2)                                        value=-Inf
        chosen: FALLBACK  (best_value=-Inf)
[DEBUG d>=2] k=3 (idx=4 in order) at (11, 3) — 4 candidates, lookahead=1
    left(agent3)                                        value=-Inf
    wait(agent3)                                        value=-Inf
    up(agent3)                                          value=-Inf
    down(agent3)                                        value=-Inf
        chosen: FALLBACK  (best_value=-Inf)
[DEBUG d>=2] k=1 (idx=5 in order) at (13, 3) — 3 candidates, lookahead=1
  * wait(agent1)                                        value=-20.0000
    up(agent1)                                          value=-23.0000
    down(agent1)                                        value=-22.0000
        chosen: wait(agent1)  (best_value=-20.0000)
[DEBUG d>=2] k=8 (idx=6 in order) at (13, 7) — 3 candidates, lookahead=1
    right(agent8)                                       value=-Inf
    wait(agent8)                                        value=-Inf
    up(agent8)                                          value=-Inf
        chosen: FALLBACK  (best_value=-Inf)
[DEBUG d>=2] k=5 (idx=7 in order) at (13, 12) — 5 candidates, lookahead=1
    left(agent5)                                        value=-Inf
    right(agent5)                                       value=-Inf
    wait(agent5)                                        value=-Inf
    up(agent5)                                          value=-Inf
    down(agent5)                                        value=-Inf
        chosen: FALLBACK  (best_value=-Inf)
[DEBUG d>=2] k=6 (idx=8 in order) at (13, 8) — 4 candidates, lookahead=1
    right(agent6)                                       value=-Inf
    wait(agent6)                                        value=-Inf
    up(agent6)                                          value=-Inf
    down(agent6)                                        value=-Inf
        chosen: FALLBACK  (best_value=-Inf)
[DEBUG d>=2] k=7 (idx=1 in order) at (9, 10) — 5 candidates, lookahead=1
    left(agent7)                                        value=-Inf
    right(agent7)                                       value=-Inf
    wait(agent7)                                        value=-Inf
    up(agent7)                                          value=-Inf
    down(agent7)                                        value=-Inf
        chosen: FALLBACK  (best_value=-Inf)
[DEBUG d>=2] k=4 (idx=2 in order) at (14, 3) — 3 candidates, lookahead=1
  * wait(agent4)                                        value=-26.0000
    up(agent4)                                          value=-Inf
    down(agent4)                                        value=-Inf
        chosen: wait(agent4)  (best_value=-26.0000)
[DEBUG d>=2] k=2 (idx=3 in order) at (13, 4) — 2 candidates, lookahead=1
    wait(agent2)                                        value=-Inf
    down(agent2)                                        value=-Inf
        chosen: FALLBACK  (best_value=-Inf)
[DEBUG d>=2] k=3 (idx=4 in order) at (11, 2) — 4 candidates, lookahead=1
    left(agent3)                                        value=-Inf
    wait(agent3)                                        value=-Inf
    up(agent3)                                          value=-Inf
    down(agent3)                                        value=-Inf
        chosen: FALLBACK  (best_value=-Inf)
[DEBUG d>=2] k=1 (idx=5 in order) at (13, 3) — 3 candidates, lookahead=1
    wait(agent1)                                        value=-Inf
    up(agent1)                                          value=-Inf
    down(agent1)                                        value=-Inf
        chosen: FALLBACK  (best_value=-Inf)
[DEBUG d>=2] k=8 (idx=6 in order) at (14, 7) — 3 candidates, lookahead=1
    wait(agent8)                                        value=-Inf
    up(agent8)                                          value=-Inf
    down(agent8)                                        value=-Inf
        chosen: FALLBACK  (best_value=-Inf)
[DEBUG d>=2] k=5 (idx=7 in order) at (13, 13) — 5 candidates, lookahead=1
    left(agent5)                                        value=-Inf
    right(agent5)                                       value=-Inf
    wait(agent5)                                        value=-Inf
    up(agent5)                                          value=-Inf
    down(agent5)                                        value=-Inf
        chosen: FALLBACK  (best_value=-Inf)
[DEBUG d>=2] k=6 (idx=8 in order) at (13, 7) — 4 candidates, lookahead=1
    right(agent6)                                       value=-Inf
    wait(agent6)                                        value=-Inf
    up(agent6)                                          value=-Inf
    down(agent6)                                        value=-Inf
        chosen: FALLBACK  (best_value=-Inf)
[DEBUG d>=2] k=7 (idx=1 in order) at (9, 10) — 5 candidates, lookahead=1
    left(agent7)                                        value=-Inf
    right(agent7)                                       value=-Inf
    wait(agent7)                                        value=-Inf
    up(agent7)                                          value=-Inf
    down(agent7)                                        value=-Inf
        chosen: FALLBACK  (best_value=-Inf)
[DEBUG d>=2] k=4 (idx=2 in order) at (14, 3) — 3 candidates, lookahead=1
    wait(agent4)                                        value=-Inf
    up(agent4)                                          value=-Inf
    down(agent4)                                        value=-Inf
        chosen: FALLBACK  (best_value=-Inf)
[DEBUG d>=2] k=2 (idx=3 in order) at (13, 5) — 4 candidates, lookahead=1
    right(agent2)                                       value=-Inf
    wait(agent2)                                        value=-Inf
    up(agent2)                                          value=-Inf
    down(agent2)                                        value=-Inf
        chosen: FALLBACK  (best_value=-Inf)
[DEBUG d>=2] k=3 (idx=4 in order) at (11, 2) — 4 candidates, lookahead=1
    left(agent3)                                        value=-Inf
    wait(agent3)                                        value=-Inf
    up(agent3)                                          value=-Inf
    down(agent3)                                        value=-Inf
        chosen: FALLBACK  (best_value=-Inf)
[DEBUG d>=2] k=1 (idx=5 in order) at (13, 3) — 4 candidates, lookahead=1
    right(agent1)                                       value=-Inf
    wait(agent1)                                        value=-Inf
    up(agent1)                                          value=-Inf
    down(agent1)                                        value=-Inf
        chosen: FALLBACK  (best_value=-Inf)
[DEBUG d>=2] k=8 (idx=6 in order) at (14, 8) — 3 candidates, lookahead=1
    wait(agent8)                                        value=-Inf
    up(agent8)                                          value=-Inf
    down(agent8)                                        value=-Inf
        chosen: FALLBACK  (best_value=-Inf)
[DEBUG d>=2] k=5 (idx=7 in order) at (13, 12) — 5 candidates, lookahead=1
    left(agent5)                                        value=-Inf
    right(agent5)                                       value=-Inf
    wait(agent5)                                        value=-Inf
    up(agent5)                                          value=-Inf
    down(agent5)                                        value=-Inf
        chosen: FALLBACK  (best_value=-Inf)
[DEBUG d>=2] k=6 (idx=8 in order) at (13, 8) — 4 candidates, lookahead=1
    right(agent6)                                       value=-Inf
    wait(agent6)                                        value=-Inf
    up(agent6)                                          value=-Inf
  * down(agent6)                                        value=-33.0000
        chosen: down(agent6)  (best_value=-33.0000)
[DEBUG d>=2] k=7 (idx=1 in order) at (8, 10) — 5 candidates, lookahead=1
    left(agent7)                                        value=-Inf
    right(agent7)                                       value=-Inf
    wait(agent7)                                        value=-Inf
    up(agent7)                                          value=-Inf
    down(agent7)                                        value=-Inf
        chosen: FALLBACK  (best_value=-Inf)
[DEBUG d>=2] k=4 (idx=2 in order) at (14, 2) — 3 candidates, lookahead=1
    collect1(agent4, well1)                             value=-27.0000
    wait(agent4)                                        value=-Inf
  * down(agent4)                                        value=-26.0000
        chosen: down(agent4)  (best_value=-26.0000)
[DEBUG d>=2] k=2 (idx=3 in order) at (13, 6) — 4 candidates, lookahead=1
    right(agent2)                                       value=-Inf
    wait(agent2)                                        value=-Inf
    up(agent2)                                          value=-Inf
    down(agent2)                                        value=-Inf
        chosen: FALLBACK  (best_value=-Inf)
[DEBUG d>=2] k=3 (idx=4 in order) at (10, 2) — 5 candidates, lookahead=1
    left(agent3)                                        value=-Inf
    right(agent3)                                       value=-Inf
    wait(agent3)                                        value=-Inf
    up(agent3)                                          value=-Inf
    down(agent3)                                        value=-Inf
        chosen: FALLBACK  (best_value=-Inf)
[DEBUG d>=2] k=1 (idx=5 in order) at (13, 2) — 2 candidates, lookahead=1
  * wait(agent1)                                        value=-23.0000
    down(agent1)                                        value=-Inf
        chosen: wait(agent1)  (best_value=-23.0000)
[DEBUG d>=2] k=8 (idx=6 in order) at (14, 7) — 3 candidates, lookahead=1
    left(agent8)                                        value=-Inf
    wait(agent8)                                        value=-Inf
    down(agent8)                                        value=-Inf
        chosen: FALLBACK  (best_value=-Inf)
[DEBUG d>=2] k=5 (idx=7 in order) at (13, 12) — 5 candidates, lookahead=1
    left(agent5)                                        value=-Inf
    right(agent5)                                       value=-Inf
    wait(agent5)                                        value=-Inf
    up(agent5)                                          value=-Inf
    down(agent5)                                        value=-Inf
        chosen: FALLBACK  (best_value=-Inf)
[DEBUG d>=2] k=6 (idx=8 in order) at (13, 9) — 4 candidates, lookahead=1
    right(agent6)                                       value=-Inf
    wait(agent6)                                        value=-Inf
    up(agent6)                                          value=-Inf
    down(agent6)                                        value=-Inf
        chosen: FALLBACK  (best_value=-Inf)
[DEBUG d>=2] k=7 (idx=1 in order) at (7, 10) — 5 candidates, lookahead=1
    left(agent7)                                        value=-Inf
    right(agent7)                                       value=-Inf
    wait(agent7)                                        value=-Inf
    up(agent7)                                          value=-Inf
    down(agent7)                                        value=-Inf
        chosen: FALLBACK  (best_value=-Inf)
[DEBUG d>=2] k=4 (idx=2 in order) at (14, 3) — 4 candidates, lookahead=1
    left(agent4)                                        value=-Inf
    wait(agent4)                                        value=-Inf
    up(agent4)                                          value=-Inf
    down(agent4)                                        value=-Inf
        chosen: FALLBACK  (best_value=-Inf)
[DEBUG d>=2] k=2 (idx=3 in order) at (13, 7) — 3 candidates, lookahead=1
  * wait(agent2)                                        value=-34.0000
    up(agent2)                                          value=-Inf
    down(agent2)                                        value=-Inf
        chosen: wait(agent2)  (best_value=-34.0000)
[DEBUG d>=2] k=3 (idx=4 in order) at (10, 1) — 4 candidates, lookahead=1
    left(agent3)                                        value=-Inf
    right(agent3)                                       value=-Inf
    wait(agent3)                                        value=-Inf
    down(agent3)                                        value=-Inf
        chosen: FALLBACK  (best_value=-Inf)
[DEBUG d>=2] k=1 (idx=5 in order) at (13, 2) — 3 candidates, lookahead=1
  * right(agent1)                                       value=-22.0000
    wait(agent1)                                        value=-Inf
    down(agent1)                                        value=-25.0000
        chosen: right(agent1)  (best_value=-22.0000)
[DEBUG d>=2] k=8 (idx=6 in order) at (14, 7) — 4 candidates, lookahead=1
    left(agent8)                                        value=-Inf
    wait(agent8)                                        value=-Inf
    up(agent8)                                          value=-33.0000
  * down(agent8)                                        value=-31.0000
        chosen: down(agent8)  (best_value=-31.0000)
[DEBUG d>=2] k=5 (idx=7 in order) at (12, 12) — 5 candidates, lookahead=1
    left(agent5)                                        value=-Inf
    right(agent5)                                       value=-Inf
    wait(agent5)                                        value=-Inf
    up(agent5)                                          value=-Inf
    down(agent5)                                        value=-Inf
        chosen: FALLBACK  (best_value=-Inf)
[DEBUG d>=2] k=6 (idx=8 in order) at (13, 9) — 4 candidates, lookahead=1
    right(agent6)                                       value=-Inf
    wait(agent6)                                        value=-Inf
    up(agent6)                                          value=-Inf
    down(agent6)                                        value=-Inf
        chosen: FALLBACK  (best_value=-Inf)
[DEBUG d>=2] k=7 (idx=1 in order) at (6, 10) — 5 candidates, lookahead=1
    left(agent7)                                        value=-Inf
    right(agent7)                                       value=-Inf
    wait(agent7)                                        value=-Inf
    up(agent7)                                          value=-Inf
    down(agent7)                                        value=-Inf
        chosen: FALLBACK  (best_value=-Inf)
[DEBUG d>=2] k=4 (idx=2 in order) at (14, 3) — 3 candidates, lookahead=1
    left(agent4)                                        value=-Inf
    wait(agent4)                                        value=-Inf
    down(agent4)                                        value=-Inf
        chosen: FALLBACK  (best_value=-Inf)
[DEBUG d>=2] k=2 (idx=3 in order) at (13, 7) — 3 candidates, lookahead=1
    right(agent2)                                       value=-Inf
  * wait(agent2)                                        value=-30.0000
    up(agent2)                                          value=-Inf
        chosen: wait(agent2)  (best_value=-30.0000)
[DEBUG d>=2] k=3 (idx=4 in order) at (9, 1) — 4 candidates, lookahead=1
    left(agent3)                                        value=-Inf
    right(agent3)                                       value=-Inf
    wait(agent3)                                        value=-Inf
    down(agent3)                                        value=-Inf
        chosen: FALLBACK  (best_value=-Inf)
[DEBUG d>=2] k=1 (idx=5 in order) at (14, 2) — 3 candidates, lookahead=1
    left(agent1)                                        value=-Inf
    wait(agent1)                                        value=-Inf
    down(agent1)                                        value=-Inf
        chosen: FALLBACK  (best_value=-Inf)
[DEBUG d>=2] k=8 (idx=6 in order) at (14, 8) — 3 candidates, lookahead=1
    wait(agent8)                                        value=-Inf
  * up(agent8)                                          value=-32.0000
    down(agent8)                                        value=-32.0000
        chosen: up(agent8)  (best_value=-32.0000)
[DEBUG d>=2] k=5 (idx=7 in order) at (13, 12) — 5 candidates, lookahead=1
    left(agent5)                                        value=-Inf
    right(agent5)                                       value=-Inf
    wait(agent5)                                        value=-Inf
    up(agent5)                                          value=-Inf
    down(agent5)                                        value=-Inf
        chosen: FALLBACK  (best_value=-Inf)
[DEBUG d>=2] k=6 (idx=8 in order) at (13, 8) — 4 candidates, lookahead=1
    right(agent6)                                       value=-Inf
    wait(agent6)                                        value=-Inf
    up(agent6)                                          value=-Inf
    down(agent6)                                        value=-Inf
        chosen: FALLBACK  (best_value=-Inf)
[DEBUG d>=2] k=7 (idx=1 in order) at (7, 10) — 5 candidates, lookahead=1
    left(agent7)                                        value=-Inf
    right(agent7)                                       value=-Inf
    wait(agent7)                                        value=-Inf
    up(agent7)                                          value=-Inf
    down(agent7)                                        value=-Inf
        chosen: FALLBACK  (best_value=-Inf)
[DEBUG d>=2] k=4 (idx=2 in order) at (14, 4) — 3 candidates, lookahead=1
    left(agent4)                                        value=-Inf
    wait(agent4)                                        value=-Inf
    down(agent4)                                        value=-Inf
        chosen: FALLBACK  (best_value=-Inf)
[DEBUG d>=2] k=2 (idx=3 in order) at (13, 7) — 2 candidates, lookahead=1
  * wait(agent2)                                        value=-32.0000
    up(agent2)                                          value=-32.0000
        chosen: wait(agent2)  (best_value=-32.0000)
[DEBUG d>=2] k=3 (idx=4 in order) at (9, 1) — 4 candidates, lookahead=1
    left(agent3)                                        value=-Inf
    right(agent3)                                       value=-Inf
    wait(agent3)                                        value=-Inf
    down(agent3)                                        value=-Inf
        chosen: FALLBACK  (best_value=-Inf)
[DEBUG d>=2] k=1 (idx=5 in order) at (14, 3) — 4 candidates, lookahead=1
    left(agent1)                                        value=-Inf
    wait(agent1)                                        value=-Inf
    up(agent1)                                          value=-Inf
    down(agent1)                                        value=-Inf
        chosen: FALLBACK  (best_value=-Inf)
[DEBUG d>=2] k=8 (idx=6 in order) at (14, 7) — 4 candidates, lookahead=1
    left(agent8)                                        value=-36.0000
  * wait(agent8)                                        value=-32.0000
    up(agent8)                                          value=-Inf
    down(agent8)                                        value=-34.0000
        chosen: wait(agent8)  (best_value=-32.0000)
[DEBUG d>=2] k=5 (idx=7 in order) at (13, 11) — 5 candidates, lookahead=1
    left(agent5)                                        value=-Inf
    right(agent5)                                       value=-Inf
    wait(agent5)                                        value=-Inf
    up(agent5)                                          value=-Inf
    down(agent5)                                        value=-Inf
        chosen: FALLBACK  (best_value=-Inf)
[DEBUG d>=2] k=6 (idx=8 in order) at (13, 8) — 4 candidates, lookahead=1
    right(agent6)                                       value=-Inf
    wait(agent6)                                        value=-Inf
    up(agent6)                                          value=-Inf
    down(agent6)                                        value=-Inf
        chosen: FALLBACK  (best_value=-Inf)
[DEBUG d>=2] k=7 (idx=1 in order) at (8, 10) — 5 candidates, lookahead=1
    left(agent7)                                        value=-Inf
    right(agent7)                                       value=-Inf
    wait(agent7)                                        value=-Inf
    up(agent7)                                          value=-Inf
    down(agent7)                                        value=-Inf
        chosen: FALLBACK  (best_value=-Inf)
[DEBUG d>=2] k=4 (idx=2 in order) at (13, 4) — 3 candidates, lookahead=1
    wait(agent4)                                        value=-Inf
    up(agent4)                                          value=-Inf
    down(agent4)                                        value=-Inf
        chosen: FALLBACK  (best_value=-Inf)
[DEBUG d>=2] k=2 (idx=3 in order) at (13, 7) — 2 candidates, lookahead=1
    wait(agent2)                                        value=-Inf
    up(agent2)                                          value=-Inf
        chosen: FALLBACK  (best_value=-Inf)
[DEBUG d>=2] k=3 (idx=4 in order) at (10, 1) — 4 candidates, lookahead=1
    left(agent3)                                        value=-Inf
    right(agent3)                                       value=-Inf
    wait(agent3)                                        value=-Inf
    down(agent3)                                        value=-Inf
        chosen: FALLBACK  (best_value=-Inf)
[DEBUG d>=2] k=1 (idx=5 in order) at (14, 4) — 4 candidates, lookahead=1
    left(agent1)                                        value=-Inf
    wait(agent1)                                        value=-Inf
    up(agent1)                                          value=-Inf
    down(agent1)                                        value=-Inf
        chosen: FALLBACK  (best_value=-Inf)
[DEBUG d>=2] k=8 (idx=6 in order) at (14, 7) — 3 candidates, lookahead=1
    wait(agent8)                                        value=-Inf
    up(agent8)                                          value=-Inf
    down(agent8)                                        value=-Inf
        chosen: FALLBACK  (best_value=-Inf)
[DEBUG d>=2] k=5 (idx=7 in order) at (12, 11) — 5 candidates, lookahead=1
    left(agent5)                                        value=-Inf
    right(agent5)                                       value=-Inf
    wait(agent5)                                        value=-Inf
    up(agent5)                                          value=-Inf
    down(agent5)                                        value=-Inf
        chosen: FALLBACK  (best_value=-Inf)
[DEBUG d>=2] k=6 (idx=8 in order) at (13, 8) — 4 candidates, lookahead=1
    right(agent6)                                       value=-Inf
    wait(agent6)                                        value=-Inf
    up(agent6)                                          value=-Inf
    down(agent6)                                        value=-Inf
        chosen: FALLBACK  (best_value=-Inf)
[DEBUG d>=2] k=7 (idx=1 in order) at (8, 9) — 5 candidates, lookahead=1
    left(agent7)                                        value=-Inf
    right(agent7)                                       value=-Inf
    wait(agent7)                                        value=-Inf
    up(agent7)                                          value=-Inf
    down(agent7)                                        value=-Inf
        chosen: FALLBACK  (best_value=-Inf)
[DEBUG d>=2] k=4 (idx=2 in order) at (13, 3) — 4 candidates, lookahead=1
    right(agent4)                                       value=-Inf
    wait(agent4)                                        value=-Inf
    up(agent4)                                          value=-Inf
    down(agent4)                                        value=-Inf
        chosen: FALLBACK  (best_value=-Inf)
[DEBUG d>=2] k=2 (idx=3 in order) at (13, 6) — 4 candidates, lookahead=1
    right(agent2)                                       value=-Inf
    wait(agent2)                                        value=-Inf
  * up(agent2)                                          value=-28.0000
    down(agent2)                                        value=-32.0000
        chosen: up(agent2)  (best_value=-28.0000)
[DEBUG d>=2] k=3 (idx=4 in order) at (10, 1) — 4 candidates, lookahead=1
    left(agent3)                                        value=-Inf
    right(agent3)                                       value=-Inf
    wait(agent3)                                        value=-Inf
    down(agent3)                                        value=-Inf
        chosen: FALLBACK  (best_value=-Inf)
[DEBUG d>=2] k=1 (idx=5 in order) at (14, 5) — 4 candidates, lookahead=1
    left(agent1)                                        value=-Inf
    wait(agent1)                                        value=-Inf
    up(agent1)                                          value=-Inf
    down(agent1)                                        value=-Inf
        chosen: FALLBACK  (best_value=-Inf)
[DEBUG d>=2] k=8 (idx=6 in order) at (14, 8) — 3 candidates, lookahead=1
  * wait(agent8)                                        value=-34.0000
    up(agent8)                                          value=-Inf
    down(agent8)                                        value=-Inf
        chosen: wait(agent8)  (best_value=-34.0000)
[DEBUG d>=2] k=5 (idx=7 in order) at (12, 12) — 5 candidates, lookahead=1
    left(agent5)                                        value=-Inf
    right(agent5)                                       value=-Inf
    wait(agent5)                                        value=-Inf
    up(agent5)                                          value=-Inf
    down(agent5)                                        value=-Inf
        chosen: FALLBACK  (best_value=-Inf)
[DEBUG d>=2] k=6 (idx=8 in order) at (13, 8) — 3 candidates, lookahead=1
    wait(agent6)                                        value=-Inf
    up(agent6)                                          value=-Inf
    down(agent6)                                        value=-Inf
        chosen: FALLBACK  (best_value=-Inf)
[DEBUG d>=2] k=7 (idx=1 in order) at (8, 10) — 5 candidates, lookahead=1
    left(agent7)                                        value=-Inf
    right(agent7)                                       value=-Inf
    wait(agent7)                                        value=-Inf
    up(agent7)                                          value=-Inf
    down(agent7)                                        value=-Inf
        chosen: FALLBACK  (best_value=-Inf)
[DEBUG d>=2] k=4 (idx=2 in order) at (13, 4) — 3 candidates, lookahead=1
    right(agent4)                                       value=-Inf
    wait(agent4)                                        value=-Inf
    up(agent4)                                          value=-Inf
        chosen: FALLBACK  (best_value=-Inf)
[DEBUG d>=2] k=2 (idx=3 in order) at (13, 5) — 3 candidates, lookahead=1
    wait(agent2)                                        value=-Inf
    up(agent2)                                          value=-Inf
  * down(agent2)                                        value=-32.0000
        chosen: down(agent2)  (best_value=-32.0000)
[DEBUG d>=2] k=3 (idx=4 in order) at (10, 1) — 4 candidates, lookahead=1
    left(agent3)                                        value=-Inf
    right(agent3)                                       value=-Inf
    wait(agent3)                                        value=-Inf
    down(agent3)                                        value=-Inf
        chosen: FALLBACK  (best_value=-Inf)
[DEBUG d>=2] k=1 (idx=5 in order) at (14, 5) — 4 candidates, lookahead=1
    left(agent1)                                        value=-Inf
    wait(agent1)                                        value=-Inf
    up(agent1)                                          value=-Inf
    down(agent1)                                        value=-Inf
        chosen: FALLBACK  (best_value=-Inf)
[DEBUG d>=2] k=8 (idx=6 in order) at (14, 8) — 3 candidates, lookahead=1
    wait(agent8)                                        value=-Inf
    up(agent8)                                          value=-Inf
    down(agent8)                                        value=-Inf
        chosen: FALLBACK  (best_value=-Inf)
[DEBUG d>=2] k=5 (idx=7 in order) at (11, 12) — 5 candidates, lookahead=1
    left(agent5)                                        value=-Inf
    right(agent5)                                       value=-Inf
    wait(agent5)                                        value=-Inf
    up(agent5)                                          value=-Inf
    down(agent5)                                        value=-Inf
        chosen: FALLBACK  (best_value=-Inf)
[DEBUG d>=2] k=6 (idx=8 in order) at (13, 8) — 4 candidates, lookahead=1
    right(agent6)                                       value=-Inf
    wait(agent6)                                        value=-Inf
    up(agent6)                                          value=-Inf
    down(agent6)                                        value=-Inf
        chosen: FALLBACK  (best_value=-Inf)
[DEBUG d>=2] k=7 (idx=1 in order) at (9, 10) — 5 candidates, lookahead=1
    left(agent7)                                        value=-Inf
    right(agent7)                                       value=-Inf
    wait(agent7)                                        value=-Inf
    up(agent7)                                          value=-Inf
    down(agent7)                                        value=-Inf
        chosen: FALLBACK  (best_value=-Inf)
[DEBUG d>=2] k=4 (idx=2 in order) at (14, 4) — 4 candidates, lookahead=1
    left(agent4)                                        value=-Inf
  * wait(agent4)                                        value=-26.0000
    up(agent4)                                          value=-Inf
    down(agent4)                                        value=-Inf
        chosen: wait(agent4)  (best_value=-26.0000)
[DEBUG d>=2] k=2 (idx=3 in order) at (13, 6) — 2 candidates, lookahead=1
    right(agent2)                                       value=-Inf
    wait(agent2)                                        value=-Inf
        chosen: FALLBACK  (best_value=-Inf)
[DEBUG d>=2] k=3 (idx=4 in order) at (11, 1) — 3 candidates, lookahead=1
    left(agent3)                                        value=-Inf
    wait(agent3)                                        value=-Inf
    down(agent3)                                        value=-Inf
        chosen: FALLBACK  (best_value=-Inf)
[DEBUG d>=2] k=1 (idx=5 in order) at (13, 5) — 4 candidates, lookahead=1
    right(agent1)                                       value=-Inf
    wait(agent1)                                        value=-Inf
    up(agent1)                                          value=-Inf
    down(agent1)                                        value=-Inf
        chosen: FALLBACK  (best_value=-Inf)
[DEBUG d>=2] k=8 (idx=6 in order) at (14, 8) — 4 candidates, lookahead=1
    left(agent8)                                        value=-Inf
    wait(agent8)                                        value=-Inf
  * up(agent8)                                          value=-32.0000
    down(agent8)                                        value=-Inf
        chosen: up(agent8)  (best_value=-32.0000)
[DEBUG d>=2] k=5 (idx=7 in order) at (10, 12) — 5 candidates, lookahead=1
    left(agent5)                                        value=-Inf
    right(agent5)                                       value=-Inf
    wait(agent5)                                        value=-Inf
    up(agent5)                                          value=-Inf
    down(agent5)                                        value=-Inf
        chosen: FALLBACK  (best_value=-Inf)
[DEBUG d>=2] k=6 (idx=8 in order) at (13, 7) — 3 candidates, lookahead=1
    right(agent6)                                       value=-Inf
    wait(agent6)                                        value=-Inf
    down(agent6)                                        value=-Inf
        chosen: FALLBACK  (best_value=-Inf)
[DEBUG d>=2] k=7 (idx=1 in order) at (8, 10) — 5 candidates, lookahead=1
    left(agent7)                                        value=-Inf
    right(agent7)                                       value=-Inf
    wait(agent7)                                        value=-Inf
    up(agent7)                                          value=-Inf
    down(agent7)                                        value=-Inf
        chosen: FALLBACK  (best_value=-Inf)
[DEBUG d>=2] k=4 (idx=2 in order) at (14, 4) — 4 candidates, lookahead=1
    left(agent4)                                        value=-Inf
    wait(agent4)                                        value=-Inf
    up(agent4)                                          value=-Inf
    down(agent4)                                        value=-Inf
        chosen: FALLBACK  (best_value=-Inf)
[DEBUG d>=2] k=2 (idx=3 in order) at (13, 6) — 3 candidates, lookahead=1
    right(agent2)                                       value=-Inf
    wait(agent2)                                        value=-Inf
    down(agent2)                                        value=-Inf
        chosen: FALLBACK  (best_value=-Inf)
[DEBUG d>=2] k=3 (idx=4 in order) at (11, 1) — 3 candidates, lookahead=1
    left(agent3)                                        value=-Inf
    wait(agent3)                                        value=-Inf
    down(agent3)                                        value=-Inf
        chosen: FALLBACK  (best_value=-Inf)
[DEBUG d>=2] k=1 (idx=5 in order) at (13, 5) — 3 candidates, lookahead=1
    right(agent1)                                       value=-Inf
    wait(agent1)                                        value=-Inf
    down(agent1)                                        value=-Inf
        chosen: FALLBACK  (best_value=-Inf)
[DEBUG d>=2] k=8 (idx=6 in order) at (14, 7) — 4 candidates, lookahead=1
  * left(agent8)                                        value=-29.0000
    wait(agent8)                                        value=-29.0000
    up(agent8)                                          value=-Inf
    down(agent8)                                        value=-Inf
        chosen: left(agent8)  (best_value=-29.0000)
[DEBUG d>=2] k=5 (idx=7 in order) at (10, 12) — 5 candidates, lookahead=1
    left(agent5)                                        value=-Inf
    right(agent5)                                       value=-Inf
    wait(agent5)                                        value=-Inf
    up(agent5)                                          value=-Inf
    down(agent5)                                        value=-Inf
        chosen: FALLBACK  (best_value=-Inf)
[DEBUG d>=2] k=6 (idx=8 in order) at (13, 8) — 3 candidates, lookahead=1
    right(agent6)                                       value=-Inf
    wait(agent6)                                        value=-Inf
    down(agent6)                                        value=-Inf
        chosen: FALLBACK  (best_value=-Inf)
[DEBUG d>=2] k=7 (idx=1 in order) at (8, 10) — 5 candidates, lookahead=1
    left(agent7)                                        value=-Inf
    right(agent7)                                       value=-Inf
    wait(agent7)                                        value=-Inf
    up(agent7)                                          value=-Inf
    down(agent7)                                        value=-Inf
        chosen: FALLBACK  (best_value=-Inf)
[DEBUG d>=2] k=4 (idx=2 in order) at (14, 5) — 2 candidates, lookahead=1
    wait(agent4)                                        value=-Inf
    up(agent4)                                          value=-Inf
        chosen: FALLBACK  (best_value=-Inf)
[DEBUG d>=2] k=2 (idx=3 in order) at (14, 6) — 3 candidates, lookahead=1
  * left(agent2)                                        value=-29.0000
    wait(agent2)                                        value=-Inf
    down(agent2)                                        value=-Inf
        chosen: left(agent2)  (best_value=-29.0000)
[DEBUG d>=2] k=3 (idx=4 in order) at (10, 1) — 4 candidates, lookahead=1
    left(agent3)                                        value=-Inf
    right(agent3)                                       value=-Inf
    wait(agent3)                                        value=-Inf
    down(agent3)                                        value=-Inf
        chosen: FALLBACK  (best_value=-Inf)
[DEBUG d>=2] k=1 (idx=5 in order) at (13, 5) — 3 candidates, lookahead=1
    wait(agent1)                                        value=-Inf
  * up(agent1)                                          value=-20.0000
    down(agent1)                                        value=-Inf
        chosen: up(agent1)  (best_value=-20.0000)
[DEBUG d>=2] k=8 (idx=6 in order) at (13, 7) — 4 candidates, lookahead=1
    right(agent8)                                       value=-Inf
    wait(agent8)                                        value=-Inf
    up(agent8)                                          value=-Inf
    down(agent8)                                        value=-Inf
        chosen: FALLBACK  (best_value=-Inf)
[DEBUG d>=2] k=5 (idx=7 in order) at (10, 13) — 5 candidates, lookahead=1
    left(agent5)                                        value=-Inf
    right(agent5)                                       value=-Inf
    wait(agent5)                                        value=-Inf
    up(agent5)                                          value=-Inf
    down(agent5)                                        value=-Inf
        chosen: FALLBACK  (best_value=-Inf)
[DEBUG d>=2] k=6 (idx=8 in order) at (13, 9) — 4 candidates, lookahead=1
    right(agent6)                                       value=-Inf
    wait(agent6)                                        value=-Inf
    up(agent6)                                          value=-Inf
    down(agent6)                                        value=-Inf
        chosen: FALLBACK  (best_value=-Inf)
[DEBUG d>=2] k=7 (idx=1 in order) at (8, 11) — 5 candidates, lookahead=1
    left(agent7)                                        value=-Inf
    right(agent7)                                       value=-Inf
    wait(agent7)                                        value=-Inf
    up(agent7)                                          value=-Inf
    down(agent7)                                        value=-Inf
        chosen: FALLBACK  (best_value=-Inf)
[DEBUG d>=2] k=4 (idx=2 in order) at (14, 4) — 3 candidates, lookahead=1
  * wait(agent4)                                        value=-28.0000
    up(agent4)                                          value=-Inf
    down(agent4)                                        value=-28.0000
        chosen: wait(agent4)  (best_value=-28.0000)
[DEBUG d>=2] k=2 (idx=3 in order) at (13, 6) — 3 candidates, lookahead=1
  * right(agent2)                                       value=-30.0000
    wait(agent2)                                        value=-33.0000
    up(agent2)                                          value=-30.0000
        chosen: right(agent2)  (best_value=-30.0000)
[DEBUG d>=2] k=3 (idx=4 in order) at (10, 1) — 4 candidates, lookahead=1
    left(agent3)                                        value=-Inf
    right(agent3)                                       value=-Inf
    wait(agent3)                                        value=-Inf
    down(agent3)                                        value=-Inf
        chosen: FALLBACK  (best_value=-Inf)
[DEBUG d>=2] k=1 (idx=5 in order) at (13, 4) — 4 candidates, lookahead=1
  * right(agent1)                                       value=-20.0000
    wait(agent1)                                        value=-Inf
    up(agent1)                                          value=-Inf
    down(agent1)                                        value=-Inf
        chosen: right(agent1)  (best_value=-20.0000)
[DEBUG d>=2] k=8 (idx=6 in order) at (13, 7) — 3 candidates, lookahead=1
    right(agent8)                                       value=-Inf
    wait(agent8)                                        value=-Inf
  * down(agent8)                                        value=-33.0000
        chosen: down(agent8)  (best_value=-33.0000)
[DEBUG d>=2] k=5 (idx=7 in order) at (10, 12) — 5 candidates, lookahead=1
    left(agent5)                                        value=-Inf
    right(agent5)                                       value=-Inf
    wait(agent5)                                        value=-Inf
    up(agent5)                                          value=-Inf
    down(agent5)                                        value=-Inf
        chosen: FALLBACK  (best_value=-Inf)
[DEBUG d>=2] k=6 (idx=8 in order) at (13, 10) — 5 candidates, lookahead=1
    left(agent6)                                        value=-Inf
    right(agent6)                                       value=-Inf
    wait(agent6)                                        value=-Inf
    up(agent6)                                          value=-Inf
    down(agent6)                                        value=-Inf
        chosen: FALLBACK  (best_value=-Inf)
[DEBUG d>=2] k=7 (idx=1 in order) at (7, 11) — 5 candidates, lookahead=1
    left(agent7)                                        value=-Inf
    right(agent7)                                       value=-Inf
    wait(agent7)                                        value=-Inf
    up(agent7)                                          value=-Inf
    down(agent7)                                        value=-Inf
        chosen: FALLBACK  (best_value=-Inf)
[DEBUG d>=2] k=4 (idx=2 in order) at (14, 4) — 3 candidates, lookahead=1
    wait(agent4)                                        value=-Inf
    up(agent4)                                          value=-Inf
    down(agent4)                                        value=-Inf
        chosen: FALLBACK  (best_value=-Inf)
[DEBUG d>=2] k=2 (idx=3 in order) at (14, 6) — 4 candidates, lookahead=1
    left(agent2)                                        value=-31.0000
    wait(agent2)                                        value=-Inf
  * up(agent2)                                          value=-29.0000
    down(agent2)                                        value=-Inf
        chosen: up(agent2)  (best_value=-29.0000)
[DEBUG d>=2] k=3 (idx=4 in order) at (11, 1) — 3 candidates, lookahead=1
    left(agent3)                                        value=-Inf
    wait(agent3)                                        value=-Inf
    down(agent3)                                        value=-Inf
        chosen: FALLBACK  (best_value=-Inf)
[DEBUG d>=2] k=1 (idx=5 in order) at (13, 4) — 4 candidates, lookahead=1
    right(agent1)                                       value=-Inf
    wait(agent1)                                        value=-Inf
    up(agent1)                                          value=-Inf
    down(agent1)                                        value=-Inf
        chosen: FALLBACK  (best_value=-Inf)
[DEBUG d>=2] k=8 (idx=6 in order) at (13, 8) — 3 candidates, lookahead=1
  * right(agent8)                                       value=-32.0000
    wait(agent8)                                        value=-Inf
    up(agent8)                                          value=-Inf
        chosen: right(agent8)  (best_value=-32.0000)
[DEBUG d>=2] k=5 (idx=7 in order) at (9, 12) — 5 candidates, lookahead=1
    left(agent5)                                        value=-Inf
    right(agent5)                                       value=-Inf
    wait(agent5)                                        value=-Inf
    up(agent5)                                          value=-Inf
    down(agent5)                                        value=-Inf
        chosen: FALLBACK  (best_value=-Inf)
[DEBUG d>=2] k=6 (idx=8 in order) at (13, 9) — 4 candidates, lookahead=1
    right(agent6)                                       value=-Inf
    wait(agent6)                                        value=-Inf
    up(agent6)                                          value=-Inf
    down(agent6)                                        value=-Inf
        chosen: FALLBACK  (best_value=-Inf)
[DEBUG d>=2] k=7 (idx=1 in order) at (8, 11) — 4 candidates, lookahead=1
    left(agent7)                                        value=-Inf
    right(agent7)                                       value=-Inf
    wait(agent7)                                        value=-Inf
    up(agent7)                                          value=-Inf
        chosen: FALLBACK  (best_value=-Inf)
[DEBUG d>=2] k=4 (idx=2 in order) at (14, 3) — 3 candidates, lookahead=1
    left(agent4)                                        value=-Inf
    wait(agent4)                                        value=-Inf
    up(agent4)                                          value=-Inf
        chosen: FALLBACK  (best_value=-Inf)
[DEBUG d>=2] k=2 (idx=3 in order) at (14, 5) — 3 candidates, lookahead=1
    left(agent2)                                        value=-Inf
  * wait(agent2)                                        value=-33.0000
    down(agent2)                                        value=-Inf
        chosen: wait(agent2)  (best_value=-33.0000)
[DEBUG d>=2] k=3 (idx=4 in order) at (10, 1) — 4 candidates, lookahead=1
    left(agent3)                                        value=-Inf
    right(agent3)                                       value=-Inf
    wait(agent3)                                        value=-Inf
    down(agent3)                                        value=-Inf
        chosen: FALLBACK  (best_value=-Inf)
[DEBUG d>=2] k=1 (idx=5 in order) at (14, 4) — 4 candidates, lookahead=1
    left(agent1)                                        value=-Inf
    wait(agent1)                                        value=-Inf
    up(agent1)                                          value=-Inf
    down(agent1)                                        value=-Inf
        chosen: FALLBACK  (best_value=-Inf)
[DEBUG d>=2] k=8 (idx=6 in order) at (14, 8) — 4 candidates, lookahead=1
    left(agent8)                                        value=-Inf
    wait(agent8)                                        value=-32.0000
  * up(agent8)                                          value=-31.0000
    down(agent8)                                        value=-Inf
        chosen: up(agent8)  (best_value=-31.0000)
[DEBUG d>=2] k=5 (idx=7 in order) at (8, 12) — 5 candidates, lookahead=1
    left(agent5)                                        value=-Inf
    right(agent5)                                       value=-Inf
    wait(agent5)                                        value=-Inf
    up(agent5)                                          value=-Inf
    down(agent5)                                        value=-Inf
        chosen: FALLBACK  (best_value=-Inf)
[DEBUG d>=2] k=6 (idx=8 in order) at (13, 9) — 4 candidates, lookahead=1
    right(agent6)                                       value=-Inf
    wait(agent6)                                        value=-Inf
    up(agent6)                                          value=-Inf
    down(agent6)                                        value=-Inf
        chosen: FALLBACK  (best_value=-Inf)
[DEBUG d>=2] k=7 (idx=1 in order) at (8, 10) — 5 candidates, lookahead=1
    left(agent7)                                        value=-Inf
    right(agent7)                                       value=-Inf
    wait(agent7)                                        value=-Inf
    up(agent7)                                          value=-Inf
    down(agent7)                                        value=-Inf
        chosen: FALLBACK  (best_value=-Inf)
[DEBUG d>=2] k=4 (idx=2 in order) at (14, 3) — 3 candidates, lookahead=1
    left(agent4)                                        value=-Inf
    wait(agent4)                                        value=-Inf
    up(agent4)                                          value=-Inf
        chosen: FALLBACK  (best_value=-Inf)
[DEBUG d>=2] k=2 (idx=3 in order) at (14, 5) — 3 candidates, lookahead=1
  * left(agent2)                                        value=-27.0000
    wait(agent2)                                        value=-30.0000
    down(agent2)                                        value=-29.0000
        chosen: left(agent2)  (best_value=-27.0000)
[DEBUG d>=2] k=3 (idx=4 in order) at (10, 2) — 5 candidates, lookahead=1
    left(agent3)                                        value=-Inf
    right(agent3)                                       value=-Inf
    wait(agent3)                                        value=-Inf
    up(agent3)                                          value=-Inf
    down(agent3)                                        value=-Inf
        chosen: FALLBACK  (best_value=-Inf)
[DEBUG d>=2] k=1 (idx=5 in order) at (14, 4) — 4 candidates, lookahead=1
    left(agent1)                                        value=-Inf
    wait(agent1)                                        value=-22.0000
    up(agent1)                                          value=-Inf
  * down(agent1)                                        value=-19.0000
        chosen: down(agent1)  (best_value=-19.0000)
[DEBUG d>=2] k=8 (idx=6 in order) at (14, 7) — 4 candidates, lookahead=1
    left(agent8)                                        value=-Inf
    wait(agent8)                                        value=-Inf
    up(agent8)                                          value=-Inf
    down(agent8)                                        value=-Inf
        chosen: FALLBACK  (best_value=-Inf)
[DEBUG d>=2] k=5 (idx=7 in order) at (7, 12) — 5 candidates, lookahead=1
    left(agent5)                                        value=-Inf
    right(agent5)                                       value=-Inf
    wait(agent5)                                        value=-Inf
    up(agent5)                                          value=-Inf
    down(agent5)                                        value=-Inf
        chosen: FALLBACK  (best_value=-Inf)
[DEBUG d>=2] k=6 (idx=8 in order) at (14, 9) — 4 candidates, lookahead=1
    left(agent6)                                        value=-Inf
    wait(agent6)                                        value=-Inf
    up(agent6)                                          value=-Inf
    down(agent6)                                        value=-Inf
        chosen: FALLBACK  (best_value=-Inf)
[DEBUG d>=2] k=7 (idx=1 in order) at (9, 10) — 5 candidates, lookahead=1
    left(agent7)                                        value=-Inf
    right(agent7)                                       value=-Inf
    wait(agent7)                                        value=-Inf
    up(agent7)                                          value=-Inf
    down(agent7)                                        value=-Inf
        chosen: FALLBACK  (best_value=-Inf)
[DEBUG d>=2] k=4 (idx=2 in order) at (13, 3) — 4 candidates, lookahead=1
    right(agent4)                                       value=-Inf
    wait(agent4)                                        value=-Inf
    up(agent4)                                          value=-Inf
    down(agent4)                                        value=-Inf
        chosen: FALLBACK  (best_value=-Inf)
[DEBUG d>=2] k=2 (idx=3 in order) at (13, 5) — 3 candidates, lookahead=1
  * wait(agent2)                                        value=-27.0000
    up(agent2)                                          value=-Inf
    down(agent2)                                        value=-31.0000
        chosen: wait(agent2)  (best_value=-27.0000)
[DEBUG d>=2] k=3 (idx=4 in order) at (11, 2) — 4 candidates, lookahead=1
    left(agent3)                                        value=-Inf
    wait(agent3)                                        value=-Inf
    up(agent3)                                          value=-Inf
    down(agent3)                                        value=-Inf
        chosen: FALLBACK  (best_value=-Inf)
[DEBUG d>=2] k=1 (idx=5 in order) at (14, 5) — 3 candidates, lookahead=1
  * left(agent1)                                        value=-17.0000
    wait(agent1)                                        value=-19.0000
    up(agent1)                                          value=-20.0000
        chosen: left(agent1)  (best_value=-17.0000)
[DEBUG d>=2] k=8 (idx=6 in order) at (14, 6) — 4 candidates, lookahead=1
    left(agent8)                                        value=-30.0000
  * wait(agent8)                                        value=-28.0000
    up(agent8)                                          value=-Inf
    down(agent8)                                        value=-30.0000
        chosen: wait(agent8)  (best_value=-28.0000)
[DEBUG d>=2] k=5 (idx=7 in order) at (7, 11) — 5 candidates, lookahead=1
    left(agent5)                                        value=-Inf
    right(agent5)                                       value=-Inf
    wait(agent5)                                        value=-Inf
    up(agent5)                                          value=-Inf
    down(agent5)                                        value=-Inf
        chosen: FALLBACK  (best_value=-Inf)
[DEBUG d>=2] k=6 (idx=8 in order) at (14, 9) — 4 candidates, lookahead=1
    left(agent6)                                        value=-Inf
    wait(agent6)                                        value=-Inf
    up(agent6)                                          value=-Inf
    down(agent6)                                        value=-Inf
        chosen: FALLBACK  (best_value=-Inf)
[DEBUG d>=2] k=7 (idx=1 in order) at (9, 11) — 4 candidates, lookahead=1
    right(agent7)                                       value=-Inf
    wait(agent7)                                        value=-Inf
    up(agent7)                                          value=-Inf
    down(agent7)                                        value=-Inf
        chosen: FALLBACK  (best_value=-Inf)
[DEBUG d>=2] k=4 (idx=2 in order) at (13, 4) — 3 candidates, lookahead=1
    right(agent4)                                       value=-Inf
    wait(agent4)                                        value=-Inf
    up(agent4)                                          value=-Inf
        chosen: FALLBACK  (best_value=-Inf)
[DEBUG d>=2] k=2 (idx=3 in order) at (13, 5) — 3 candidates, lookahead=1
    wait(agent2)                                        value=-Inf
    up(agent2)                                          value=-Inf
    down(agent2)                                        value=-Inf
        chosen: FALLBACK  (best_value=-Inf)
[DEBUG d>=2] k=3 (idx=4 in order) at (11, 1) — 3 candidates, lookahead=1
    left(agent3)                                        value=-Inf
    wait(agent3)                                        value=-Inf
    down(agent3)                                        value=-Inf
        chosen: FALLBACK  (best_value=-Inf)
[DEBUG d>=2] k=1 (idx=5 in order) at (14, 5) — 2 candidates, lookahead=1
  * left(agent1)                                        value=-18.0000
    wait(agent1)                                        value=-19.0000
        chosen: left(agent1)  (best_value=-18.0000)
[DEBUG d>=2] k=8 (idx=6 in order) at (14, 6) — 2 candidates, lookahead=1
    wait(agent8)                                        value=-Inf
    down(agent8)                                        value=-Inf
        chosen: FALLBACK  (best_value=-Inf)
[DEBUG d>=2] k=5 (idx=7 in order) at (8, 11) — 5 candidates, lookahead=1
    left(agent5)                                        value=-Inf
    right(agent5)                                       value=-Inf
    wait(agent5)                                        value=-Inf
    up(agent5)                                          value=-Inf
    down(agent5)                                        value=-Inf
        chosen: FALLBACK  (best_value=-Inf)
[DEBUG d>=2] k=6 (idx=8 in order) at (14, 9) — 4 candidates, lookahead=1
    left(agent6)                                        value=-Inf
    wait(agent6)                                        value=-Inf
    up(agent6)                                          value=-Inf
    down(agent6)                                        value=-Inf
        chosen: FALLBACK  (best_value=-Inf)
[DEBUG d>=2] k=7 (idx=1 in order) at (9, 11) — 4 candidates, lookahead=1
    right(agent7)                                       value=-Inf
    wait(agent7)                                        value=-Inf
    up(agent7)                                          value=-Inf
    down(agent7)                                        value=-Inf
        chosen: FALLBACK  (best_value=-Inf)
[DEBUG d>=2] k=4 (idx=2 in order) at (13, 3) — 3 candidates, lookahead=1
    right(agent4)                                       value=-Inf
    wait(agent4)                                        value=-Inf
    up(agent4)                                          value=-Inf
        chosen: FALLBACK  (best_value=-Inf)
[DEBUG d>=2] k=2 (idx=3 in order) at (13, 4) — 3 candidates, lookahead=1
    right(agent2)                                       value=-Inf
    wait(agent2)                                        value=-Inf
    up(agent2)                                          value=-Inf
        chosen: FALLBACK  (best_value=-Inf)
[DEBUG d>=2] k=3 (idx=4 in order) at (11, 1) — 3 candidates, lookahead=1
    left(agent3)                                        value=-Inf
    wait(agent3)                                        value=-Inf
    down(agent3)                                        value=-Inf
        chosen: FALLBACK  (best_value=-Inf)
[DEBUG d>=2] k=1 (idx=5 in order) at (13, 5) — 3 candidates, lookahead=1
    right(agent1)                                       value=-20.0000
    wait(agent1)                                        value=-18.0000
  * down(agent1)                                        value=-17.0000
        chosen: down(agent1)  (best_value=-17.0000)
[DEBUG d>=2] k=8 (idx=6 in order) at (14, 6) — 3 candidates, lookahead=1
    wait(agent8)                                        value=-32.0000
  * up(agent8)                                          value=-28.0000
    down(agent8)                                        value=-Inf
        chosen: up(agent8)  (best_value=-28.0000)
[DEBUG d>=2] k=5 (idx=7 in order) at (8, 11) — 5 candidates, lookahead=1
    left(agent5)                                        value=-Inf
    right(agent5)                                       value=-Inf
    wait(agent5)                                        value=-Inf
    up(agent5)                                          value=-Inf
    down(agent5)                                        value=-Inf
        chosen: FALLBACK  (best_value=-Inf)
[DEBUG d>=2] k=6 (idx=8 in order) at (14, 10) — 4 candidates, lookahead=1
    left(agent6)                                        value=-Inf
    wait(agent6)                                        value=-Inf
    up(agent6)                                          value=-Inf
    down(agent6)                                        value=-Inf
        chosen: FALLBACK  (best_value=-Inf)
[DEBUG d>=2] k=7 (idx=1 in order) at (9, 10) — 4 candidates, lookahead=1
    left(agent7)                                        value=-Inf
    right(agent7)                                       value=-Inf
    wait(agent7)                                        value=-Inf
    up(agent7)                                          value=-Inf
        chosen: FALLBACK  (best_value=-Inf)
[DEBUG d>=2] k=4 (idx=2 in order) at (13, 3) — 4 candidates, lookahead=1
    right(agent4)                                       value=-Inf
  * wait(agent4)                                        value=-28.0000
    up(agent4)                                          value=-Inf
    down(agent4)                                        value=-29.0000
        chosen: wait(agent4)  (best_value=-28.0000)
[DEBUG d>=2] k=2 (idx=3 in order) at (14, 4) — 3 candidates, lookahead=1
    left(agent2)                                        value=-Inf
    wait(agent2)                                        value=-27.0000
  * up(agent2)                                          value=-26.0000
        chosen: up(agent2)  (best_value=-26.0000)
[DEBUG d>=2] k=3 (idx=4 in order) at (11, 1) — 3 candidates, lookahead=1
    left(agent3)                                        value=-Inf
    wait(agent3)                                        value=-Inf
    down(agent3)                                        value=-Inf
        chosen: FALLBACK  (best_value=-Inf)
[DEBUG d>=2] k=1 (idx=5 in order) at (13, 6) — 4 candidates, lookahead=1
    right(agent1)                                       value=-19.0000
  * wait(agent1)                                        value=-16.0000
    up(agent1)                                          value=-17.0000
    down(agent1)                                        value=-16.0000
        chosen: wait(agent1)  (best_value=-16.0000)
[DEBUG d>=2] k=8 (idx=6 in order) at (14, 5) — 3 candidates, lookahead=1
  * left(agent8)                                        value=-29.0000
    wait(agent8)                                        value=-Inf
    down(agent8)                                        value=-Inf
        chosen: left(agent8)  (best_value=-29.0000)
[DEBUG d>=2] k=5 (idx=7 in order) at (9, 11) — 5 candidates, lookahead=1
    left(agent5)                                        value=-Inf
    right(agent5)                                       value=-Inf
    wait(agent5)                                        value=-Inf
    up(agent5)                                          value=-Inf
    down(agent5)                                        value=-Inf
        chosen: FALLBACK  (best_value=-Inf)
[DEBUG d>=2] k=6 (idx=8 in order) at (14, 11) — 4 candidates, lookahead=1
    left(agent6)                                        value=-Inf
    wait(agent6)                                        value=-Inf
    up(agent6)                                          value=-Inf
    down(agent6)                                        value=-Inf
        chosen: FALLBACK  (best_value=-Inf)
[DEBUG d>=2] k=7 (idx=1 in order) at (8, 10) — 5 candidates, lookahead=1
    left(agent7)                                        value=-Inf
    right(agent7)                                       value=-Inf
    wait(agent7)                                        value=-Inf
    up(agent7)                                          value=-Inf
    down(agent7)                                        value=-Inf
        chosen: FALLBACK  (best_value=-Inf)
[DEBUG d>=2] k=4 (idx=2 in order) at (13, 3) — 3 candidates, lookahead=1
  * wait(agent4)                                        value=-26.0000
    up(agent4)                                          value=-26.0000
    down(agent4)                                        value=-27.0000
        chosen: wait(agent4)  (best_value=-26.0000)
[DEBUG d>=2] k=2 (idx=3 in order) at (14, 3) — 4 candidates, lookahead=1
    left(agent2)                                        value=-29.0000
    wait(agent2)                                        value=-26.0000
  * up(agent2)                                          value=-24.0000
    down(agent2)                                        value=-27.0000
        chosen: up(agent2)  (best_value=-24.0000)
[DEBUG d>=2] k=3 (idx=4 in order) at (11, 2) — 4 candidates, lookahead=1
    left(agent3)                                        value=-Inf
    wait(agent3)                                        value=-Inf
    up(agent3)                                          value=-Inf
    down(agent3)                                        value=-Inf
        chosen: FALLBACK  (best_value=-Inf)
[DEBUG d>=2] k=1 (idx=5 in order) at (13, 6) — 3 candidates, lookahead=1
    right(agent1)                                       value=-18.0000
    wait(agent1)                                        value=-17.0000
  * down(agent1)                                        value=-16.0000
        chosen: down(agent1)  (best_value=-16.0000)
[DEBUG d>=2] k=8 (idx=6 in order) at (13, 5) — 4 candidates, lookahead=1
    right(agent8)                                       value=-Inf
    wait(agent8)                                        value=-Inf
    up(agent8)                                          value=-Inf
    down(agent8)                                        value=-Inf
        chosen: FALLBACK  (best_value=-Inf)
[DEBUG d>=2] k=5 (idx=7 in order) at (9, 12) — 5 candidates, lookahead=1
    left(agent5)                                        value=-Inf
    right(agent5)                                       value=-Inf
    wait(agent5)                                        value=-Inf
    up(agent5)                                          value=-Inf
    down(agent5)                                        value=-Inf
        chosen: FALLBACK  (best_value=-Inf)
[DEBUG d>=2] k=6 (idx=8 in order) at (14, 11) — 4 candidates, lookahead=1
    left(agent6)                                        value=-Inf
    wait(agent6)                                        value=-Inf
    up(agent6)                                          value=-Inf
    down(agent6)                                        value=-Inf
        chosen: FALLBACK  (best_value=-Inf)
[DEBUG d>=2] k=7 (idx=1 in order) at (8, 10) — 5 candidates, lookahead=1
    left(agent7)                                        value=-Inf
    right(agent7)                                       value=-Inf
    wait(agent7)                                        value=-Inf
    up(agent7)                                          value=-Inf
    down(agent7)                                        value=-Inf
        chosen: FALLBACK  (best_value=-Inf)
[DEBUG d>=2] k=4 (idx=2 in order) at (13, 3) — 4 candidates, lookahead=1
    right(agent4)                                       value=-28.0000
    wait(agent4)                                        value=-26.0000
  * up(agent4)                                          value=-25.0000
    down(agent4)                                        value=-30.0000
        chosen: up(agent4)  (best_value=-25.0000)
[DEBUG d>=2] k=2 (idx=3 in order) at (14, 2) — 3 candidates, lookahead=1
  * collect1(agent2, well1)                             value=-23.0000
    wait(agent2)                                        value=-25.0000
    down(agent2)                                        value=-26.0000
        chosen: collect1(agent2, well1)  (best_value=-23.0000)
[DEBUG d>=2] k=3 (idx=4 in order) at (10, 2) — 5 candidates, lookahead=1
    left(agent3)                                        value=-Inf
    right(agent3)                                       value=-Inf
    wait(agent3)                                        value=-Inf
    up(agent3)                                          value=-Inf
    down(agent3)                                        value=-Inf
        chosen: FALLBACK  (best_value=-Inf)
[DEBUG d>=2] k=1 (idx=5 in order) at (13, 7) — 3 candidates, lookahead=1
    right(agent1)                                       value=-19.0000
  * wait(agent1)                                        value=-15.0000
    down(agent1)                                        value=-19.0000
        chosen: wait(agent1)  (best_value=-15.0000)
[DEBUG d>=2] k=8 (idx=6 in order) at (13, 6) — 4 candidates, lookahead=1
    right(agent8)                                       value=-Inf
    wait(agent8)                                        value=-Inf
    up(agent8)                                          value=-Inf
    down(agent8)                                        value=-Inf
        chosen: FALLBACK  (best_value=-Inf)
[DEBUG d>=2] k=5 (idx=7 in order) at (10, 12) — 5 candidates, lookahead=1
    left(agent5)                                        value=-Inf
    right(agent5)                                       value=-Inf
    wait(agent5)                                        value=-Inf
    up(agent5)                                          value=-Inf
    down(agent5)                                        value=-Inf
        chosen: FALLBACK  (best_value=-Inf)
[DEBUG d>=2] k=6 (idx=8 in order) at (13, 11) — 5 candidates, lookahead=1
    left(agent6)                                        value=-Inf
    right(agent6)                                       value=-Inf
    wait(agent6)                                        value=-Inf
    up(agent6)                                          value=-Inf
    down(agent6)                                        value=-Inf
        chosen: FALLBACK  (best_value=-Inf)
[DEBUG d>=2] k=7 (idx=1 in order) at (8, 10) — 5 candidates, lookahead=1
    left(agent7)                                        value=-Inf
    right(agent7)                                       value=-Inf
    wait(agent7)                                        value=-Inf
    up(agent7)                                          value=-Inf
    down(agent7)                                        value=-Inf
        chosen: FALLBACK  (best_value=-Inf)
[DEBUG d>=2] k=4 (idx=2 in order) at (13, 2) — 3 candidates, lookahead=1
  * collect1(agent4, well2)                             value=-25.0000
    wait(agent4)                                        value=-26.0000
    down(agent4)                                        value=-26.0000
        chosen: collect1(agent4, well2)  (best_value=-25.0000)
[DEBUG d>=2] k=3 (idx=4 in order) at (10, 3) — 5 candidates, lookahead=1
    left(agent3)                                        value=-Inf
    right(agent3)                                       value=-Inf
    wait(agent3)                                        value=-Inf
    up(agent3)                                          value=-Inf
    down(agent3)                                        value=-Inf
        chosen: FALLBACK  (best_value=-Inf)
[DEBUG d>=2] k=1 (idx=5 in order) at (13, 7) — 4 candidates, lookahead=1
    right(agent1)                                       value=-18.0000
    wait(agent1)                                        value=-15.0000
    up(agent1)                                          value=-16.0000
  * down(agent1)                                        value=-14.0000
        chosen: down(agent1)  (best_value=-14.0000)
[DEBUG d>=2] k=8 (idx=6 in order) at (14, 6) — 4 candidates, lookahead=1
    left(agent8)                                        value=-Inf
    wait(agent8)                                        value=-Inf
    up(agent8)                                          value=-Inf
    down(agent8)                                        value=-Inf
        chosen: FALLBACK  (best_value=-Inf)
[DEBUG d>=2] k=5 (idx=7 in order) at (10, 12) — 5 candidates, lookahead=1
    left(agent5)                                        value=-Inf
    right(agent5)                                       value=-Inf
    wait(agent5)                                        value=-Inf
    up(agent5)                                          value=-Inf
    down(agent5)                                        value=-Inf
        chosen: FALLBACK  (best_value=-Inf)
[DEBUG d>=2] k=6 (idx=8 in order) at (13, 11) — 5 candidates, lookahead=1
    left(agent6)                                        value=-Inf
    right(agent6)                                       value=-Inf
    wait(agent6)                                        value=-Inf
    up(agent6)                                          value=-Inf
    down(agent6)                                        value=-Inf
        chosen: FALLBACK  (best_value=-Inf)
[DEBUG d>=2] k=7 (idx=1 in order) at (9, 10) — 5 candidates, lookahead=1
    left(agent7)                                        value=-Inf
    right(agent7)                                       value=-Inf
    wait(agent7)                                        value=-Inf
    up(agent7)                                          value=-Inf
    down(agent7)                                        value=-Inf
        chosen: FALLBACK  (best_value=-Inf)
[DEBUG d>=2] k=3 (idx=4 in order) at (10, 2) — 5 candidates, lookahead=1
    left(agent3)                                        value=-Inf
    right(agent3)                                       value=-Inf
    wait(agent3)                                        value=-Inf
    up(agent3)                                          value=-Inf
    down(agent3)                                        value=-Inf
        chosen: FALLBACK  (best_value=-Inf)
[DEBUG d>=2] k=1 (idx=5 in order) at (13, 8) — 4 candidates, lookahead=1
    right(agent1)                                       value=-15.0000
    wait(agent1)                                        value=-16.0000
    up(agent1)                                          value=-15.0000
  * down(agent1)                                        value=-13.0000
        chosen: down(agent1)  (best_value=-13.0000)
[DEBUG d>=2] k=8 (idx=6 in order) at (14, 7) — 4 candidates, lookahead=1
    left(agent8)                                        value=-Inf
    wait(agent8)                                        value=-Inf
    up(agent8)                                          value=-Inf
    down(agent8)                                        value=-Inf
        chosen: FALLBACK  (best_value=-Inf)
[DEBUG d>=2] k=5 (idx=7 in order) at (10, 12) — 5 candidates, lookahead=1
    left(agent5)                                        value=-Inf
    right(agent5)                                       value=-Inf
    wait(agent5)                                        value=-Inf
    up(agent5)                                          value=-Inf
    down(agent5)                                        value=-Inf
        chosen: FALLBACK  (best_value=-Inf)
[DEBUG d>=2] k=6 (idx=8 in order) at (12, 11) — 5 candidates, lookahead=1
    left(agent6)                                        value=-Inf
    right(agent6)                                       value=-Inf
    wait(agent6)                                        value=-Inf
    up(agent6)                                          value=-Inf
    down(agent6)                                        value=-Inf
        chosen: FALLBACK  (best_value=-Inf)
[DEBUG d>=2] k=7 (idx=1 in order) at (8, 10) — 5 candidates, lookahead=1
    left(agent7)                                        value=-Inf
    right(agent7)                                       value=-Inf
    wait(agent7)                                        value=-Inf
    up(agent7)                                          value=-Inf
    down(agent7)                                        value=-Inf
        chosen: FALLBACK  (best_value=-Inf)
[DEBUG d>=2] k=2 (idx=3 in order) at (14, 2) — 2 candidates, lookahead=1
    wait(agent2)                                        value=-26.0000
  * down(agent2)                                        value=-22.0000
        chosen: down(agent2)  (best_value=-22.0000)
[DEBUG d>=2] k=3 (idx=4 in order) at (11, 2) — 4 candidates, lookahead=1
    left(agent3)                                        value=-Inf
    wait(agent3)                                        value=-Inf
    up(agent3)                                          value=-Inf
    down(agent3)                                        value=-Inf
        chosen: FALLBACK  (best_value=-Inf)
[DEBUG d>=2] k=1 (idx=5 in order) at (13, 9) — 4 candidates, lookahead=1
    right(agent1)                                       value=-15.0000
  * wait(agent1)                                        value=-13.0000
    up(agent1)                                          value=-15.0000
    down(agent1)                                        value=-13.0000
        chosen: wait(agent1)  (best_value=-13.0000)
[DEBUG d>=2] k=8 (idx=6 in order) at (13, 7) — 4 candidates, lookahead=1
    right(agent8)                                       value=-Inf
    wait(agent8)                                        value=-Inf
    up(agent8)                                          value=-Inf
    down(agent8)                                        value=-Inf
        chosen: FALLBACK  (best_value=-Inf)
[DEBUG d>=2] k=5 (idx=7 in order) at (9, 12) — 5 candidates, lookahead=1
    left(agent5)                                        value=-Inf
    right(agent5)                                       value=-Inf
    wait(agent5)                                        value=-Inf
    up(agent5)                                          value=-Inf
    down(agent5)                                        value=-Inf
        chosen: FALLBACK  (best_value=-Inf)
[DEBUG d>=2] k=6 (idx=8 in order) at (11, 11) — 5 candidates, lookahead=1
    left(agent6)                                        value=-Inf
    right(agent6)                                       value=-Inf
    wait(agent6)                                        value=-Inf
    up(agent6)                                          value=-Inf
    down(agent6)                                        value=-Inf
        chosen: FALLBACK  (best_value=-Inf)
[DEBUG d>=2] k=7 (idx=1 in order) at (8, 11) — 4 candidates, lookahead=1
    left(agent7)                                        value=-Inf
    wait(agent7)                                        value=-Inf
    up(agent7)                                          value=-Inf
    down(agent7)                                        value=-Inf
        chosen: FALLBACK  (best_value=-Inf)
[DEBUG d>=2] k=4 (idx=2 in order) at (13, 2) — 3 candidates, lookahead=1
    right(agent4)                                       value=-Inf
    wait(agent4)                                        value=-Inf
  * down(agent4)                                        value=-23.0000
        chosen: down(agent4)  (best_value=-23.0000)
[DEBUG d>=2] k=2 (idx=3 in order) at (14, 3) — 3 candidates, lookahead=1
    wait(agent2)                                        value=-24.0000
    up(agent2)                                          value=-25.0000
  * down(agent2)                                        value=-21.0000
        chosen: down(agent2)  (best_value=-21.0000)
[DEBUG d>=2] k=3 (idx=4 in order) at (11, 3) — 4 candidates, lookahead=1
    left(agent3)                                        value=-Inf
    wait(agent3)                                        value=-Inf
    up(agent3)                                          value=-Inf
    down(agent3)                                        value=-Inf
        chosen: FALLBACK  (best_value=-Inf)
[DEBUG d>=2] k=1 (idx=5 in order) at (13, 9) — 4 candidates, lookahead=1
    right(agent1)                                       value=-15.0000
    wait(agent1)                                        value=-15.0000
    up(agent1)                                          value=-15.0000
  * down(agent1)                                        value=-14.0000
        chosen: down(agent1)  (best_value=-14.0000)
[DEBUG d>=2] k=8 (idx=6 in order) at (13, 6) — 4 candidates, lookahead=1
    right(agent8)                                       value=-Inf
    wait(agent8)                                        value=-Inf
    up(agent8)                                          value=-Inf
    down(agent8)                                        value=-Inf
        chosen: FALLBACK  (best_value=-Inf)
[DEBUG d>=2] k=5 (idx=7 in order) at (9, 11) — 5 candidates, lookahead=1
    left(agent5)                                        value=-Inf
    right(agent5)                                       value=-Inf
    wait(agent5)                                        value=-Inf
    up(agent5)                                          value=-Inf
    down(agent5)                                        value=-Inf
        chosen: FALLBACK  (best_value=-Inf)
[DEBUG d>=2] k=6 (idx=8 in order) at (11, 10) — 5 candidates, lookahead=1
    left(agent6)                                        value=-Inf
    right(agent6)                                       value=-Inf
    wait(agent6)                                        value=-Inf
    up(agent6)                                          value=-Inf
    down(agent6)                                        value=-Inf
        chosen: FALLBACK  (best_value=-Inf)
[DEBUG d>=2] k=7 (idx=1 in order) at (8, 12) — 5 candidates, lookahead=1
    left(agent7)                                        value=-Inf
    right(agent7)                                       value=-Inf
    wait(agent7)                                        value=-Inf
    up(agent7)                                          value=-Inf
    down(agent7)                                        value=-Inf
        chosen: FALLBACK  (best_value=-Inf)
[DEBUG d>=2] k=4 (idx=2 in order) at (13, 3) — 4 candidates, lookahead=1
    right(agent4)                                       value=-Inf
    wait(agent4)                                        value=-Inf
    up(agent4)                                          value=-Inf
    down(agent4)                                        value=-Inf
        chosen: FALLBACK  (best_value=-Inf)
[DEBUG d>=2] k=2 (idx=3 in order) at (14, 4) — 3 candidates, lookahead=1
    wait(agent2)                                        value=-22.0000
    up(agent2)                                          value=-21.0000
  * down(agent2)                                        value=-18.0000
        chosen: down(agent2)  (best_value=-18.0000)
[DEBUG d>=2] k=3 (idx=4 in order) at (11, 2) — 4 candidates, lookahead=1
    left(agent3)                                        value=-Inf
    wait(agent3)                                        value=-Inf
    up(agent3)                                          value=-Inf
    down(agent3)                                        value=-Inf
        chosen: FALLBACK  (best_value=-Inf)
[DEBUG d>=2] k=1 (idx=5 in order) at (13, 10) — 5 candidates, lookahead=1
  * left(agent1)                                        value=-13.0000
    right(agent1)                                       value=-14.0000
    wait(agent1)                                        value=-13.0000
    up(agent1)                                          value=-14.0000
    down(agent1)                                        value=-13.0000
        chosen: left(agent1)  (best_value=-13.0000)
[DEBUG d>=2] k=8 (idx=6 in order) at (14, 6) — 3 candidates, lookahead=1
    left(agent8)                                        value=-Inf
    wait(agent8)                                        value=-Inf
    down(agent8)                                        value=-Inf
        chosen: FALLBACK  (best_value=-Inf)
[DEBUG d>=2] k=5 (idx=7 in order) at (9, 10) — 5 candidates, lookahead=1
    left(agent5)                                        value=-Inf
    right(agent5)                                       value=-Inf
    wait(agent5)                                        value=-Inf
    up(agent5)                                          value=-Inf
    down(agent5)                                        value=-Inf
        chosen: FALLBACK  (best_value=-Inf)
[DEBUG d>=2] k=6 (idx=8 in order) at (11, 10) — 4 candidates, lookahead=1
    left(agent6)                                        value=-Inf
    wait(agent6)                                        value=-Inf
    up(agent6)                                          value=-Inf
    down(agent6)                                        value=-Inf
        chosen: FALLBACK  (best_value=-Inf)
[DEBUG d>=2] k=7 (idx=1 in order) at (8, 11) — 4 candidates, lookahead=1
    left(agent7)                                        value=-Inf
    right(agent7)                                       value=-Inf
    wait(agent7)                                        value=-Inf
    down(agent7)                                        value=-Inf
        chosen: FALLBACK  (best_value=-Inf)
[DEBUG d>=2] k=4 (idx=2 in order) at (13, 4) — 4 candidates, lookahead=1
    right(agent4)                                       value=-23.0000
    wait(agent4)                                        value=-Inf
    up(agent4)                                          value=-Inf
  * down(agent4)                                        value=-18.0000
        chosen: down(agent4)  (best_value=-18.0000)
[DEBUG d>=2] k=2 (idx=3 in order) at (14, 5) — 2 candidates, lookahead=1
  * wait(agent2)                                        value=-19.0000
    up(agent2)                                          value=-20.0000
        chosen: wait(agent2)  (best_value=-19.0000)
[DEBUG d>=2] k=3 (idx=4 in order) at (10, 2) — 5 candidates, lookahead=1
    left(agent3)                                        value=-Inf
    right(agent3)                                       value=-Inf
    wait(agent3)                                        value=-Inf
    up(agent3)                                          value=-Inf
    down(agent3)                                        value=-Inf
        chosen: FALLBACK  (best_value=-Inf)
[DEBUG d>=2] k=1 (idx=5 in order) at (12, 10) — 3 candidates, lookahead=1
    right(agent1)                                       value=-15.0000
  * wait(agent1)                                        value=-12.0000
    down(agent1)                                        value=-12.0000
        chosen: wait(agent1)  (best_value=-12.0000)
[DEBUG d>=2] k=8 (idx=6 in order) at (14, 6) — 4 candidates, lookahead=1
    left(agent8)                                        value=-Inf
    wait(agent8)                                        value=-Inf
    up(agent8)                                          value=-Inf
    down(agent8)                                        value=-Inf
        chosen: FALLBACK  (best_value=-Inf)
[DEBUG d>=2] k=5 (idx=7 in order) at (8, 10) — 5 candidates, lookahead=1
    left(agent5)                                        value=-Inf
    right(agent5)                                       value=-Inf
    wait(agent5)                                        value=-Inf
    up(agent5)                                          value=-Inf
    down(agent5)                                        value=-Inf
        chosen: FALLBACK  (best_value=-Inf)
[DEBUG d>=2] k=6 (idx=8 in order) at (11, 10) — 5 candidates, lookahead=1
    left(agent6)                                        value=-Inf
    right(agent6)                                       value=-Inf
    wait(agent6)                                        value=-Inf
    up(agent6)                                          value=-Inf
    down(agent6)                                        value=-Inf
        chosen: FALLBACK  (best_value=-Inf)
[DEBUG d>=2] k=7 (idx=1 in order) at (7, 11) — 4 candidates, lookahead=1
    left(agent7)                                        value=-Inf
    right(agent7)                                       value=-Inf
    wait(agent7)                                        value=-Inf
    down(agent7)                                        value=-Inf
        chosen: FALLBACK  (best_value=-Inf)
[DEBUG d>=2] k=4 (idx=2 in order) at (13, 5) — 3 candidates, lookahead=1
  * wait(agent4)                                        value=-17.0000
    up(agent4)                                          value=-Inf
    down(agent4)                                        value=-18.0000
        chosen: wait(agent4)  (best_value=-17.0000)
[DEBUG d>=2] k=2 (idx=3 in order) at (14, 5) — 3 candidates, lookahead=1
    left(agent2)                                        value=-Inf
    wait(agent2)                                        value=-Inf
    up(agent2)                                          value=-Inf
        chosen: FALLBACK  (best_value=-Inf)
[DEBUG d>=2] k=3 (idx=4 in order) at (11, 2) — 4 candidates, lookahead=1
    left(agent3)                                        value=-Inf
    wait(agent3)                                        value=-Inf
    up(agent3)                                          value=-Inf
    down(agent3)                                        value=-Inf
        chosen: FALLBACK  (best_value=-Inf)
[DEBUG d>=2] k=1 (idx=5 in order) at (12, 10) — 3 candidates, lookahead=1
  * right(agent1)                                       value=-13.0000
    wait(agent1)                                        value=-14.0000
    down(agent1)                                        value=-13.0000
        chosen: right(agent1)  (best_value=-13.0000)
[DEBUG d>=2] k=8 (idx=6 in order) at (14, 6) — 2 candidates, lookahead=1
    wait(agent8)                                        value=-Inf
  * down(agent8)                                        value=-35.0000
        chosen: down(agent8)  (best_value=-35.0000)
[DEBUG d>=2] k=5 (idx=7 in order) at (7, 10) — 5 candidates, lookahead=1
    left(agent5)                                        value=-Inf
    right(agent5)                                       value=-Inf
    wait(agent5)                                        value=-Inf
    up(agent5)                                          value=-Inf
    down(agent5)                                        value=-Inf
        chosen: FALLBACK  (best_value=-Inf)
[DEBUG d>=2] k=6 (idx=8 in order) at (11, 10) — 5 candidates, lookahead=1
    left(agent6)                                        value=-Inf
    right(agent6)                                       value=-Inf
    wait(agent6)                                        value=-Inf
    up(agent6)                                          value=-Inf
    down(agent6)                                        value=-Inf
        chosen: FALLBACK  (best_value=-Inf)
[DEBUG d>=2] k=7 (idx=1 in order) at (7, 11) — 5 candidates, lookahead=1
    left(agent7)                                        value=-Inf
    right(agent7)                                       value=-Inf
    wait(agent7)                                        value=-Inf
    up(agent7)                                          value=-Inf
    down(agent7)                                        value=-Inf
        chosen: FALLBACK  (best_value=-Inf)
[DEBUG d>=2] k=4 (idx=2 in order) at (13, 5) — 3 candidates, lookahead=1
    wait(agent4)                                        value=-21.0000
    up(agent4)                                          value=-Inf
  * down(agent4)                                        value=-19.0000
        chosen: down(agent4)  (best_value=-19.0000)
[DEBUG d>=2] k=2 (idx=3 in order) at (14, 5) — 4 candidates, lookahead=1
    left(agent2)                                        value=-Inf
  * wait(agent2)                                        value=-20.0000
    up(agent2)                                          value=-Inf
    down(agent2)                                        value=-21.0000
        chosen: wait(agent2)  (best_value=-20.0000)
[DEBUG d>=2] k=3 (idx=4 in order) at (11, 1) — 3 candidates, lookahead=1
    left(agent3)                                        value=-Inf
    wait(agent3)                                        value=-Inf
    down(agent3)                                        value=-Inf
        chosen: FALLBACK  (best_value=-Inf)
[DEBUG d>=2] k=1 (idx=5 in order) at (13, 10) — 5 candidates, lookahead=1
    left(agent1)                                        value=-14.0000
  * right(agent1)                                       value=-13.0000
    wait(agent1)                                        value=-13.0000
    up(agent1)                                          value=-15.0000
    down(agent1)                                        value=-13.0000
        chosen: right(agent1)  (best_value=-13.0000)
[DEBUG d>=2] k=8 (idx=6 in order) at (14, 7) — 4 candidates, lookahead=1
    left(agent8)                                        value=-Inf
  * wait(agent8)                                        value=-33.0000
    up(agent8)                                          value=-Inf
    down(agent8)                                        value=-Inf
        chosen: wait(agent8)  (best_value=-33.0000)
[DEBUG d>=2] k=5 (idx=7 in order) at (8, 10) — 5 candidates, lookahead=1
    left(agent5)                                        value=-Inf
    right(agent5)                                       value=-Inf
    wait(agent5)                                        value=-Inf
    up(agent5)                                          value=-Inf
    down(agent5)                                        value=-Inf
        chosen: FALLBACK  (best_value=-Inf)
[DEBUG d>=2] k=6 (idx=8 in order) at (11, 10) — 5 candidates, lookahead=1
    left(agent6)                                        value=-Inf
    right(agent6)                                       value=-Inf
    wait(agent6)                                        value=-Inf
    up(agent6)                                          value=-Inf
    down(agent6)                                        value=-Inf
        chosen: FALLBACK  (best_value=-Inf)
[DEBUG d>=2] k=7 (idx=1 in order) at (8, 11) — 5 candidates, lookahead=1
    left(agent7)                                        value=-Inf
    right(agent7)                                       value=-Inf
    wait(agent7)                                        value=-Inf
    up(agent7)                                          value=-Inf
    down(agent7)                                        value=-Inf
        chosen: FALLBACK  (best_value=-Inf)
[DEBUG d>=2] k=4 (idx=2 in order) at (13, 6) — 4 candidates, lookahead=1
    right(agent4)                                       value=-23.0000
  * wait(agent4)                                        value=-21.0000
    up(agent4)                                          value=-22.0000
    down(agent4)                                        value=-21.0000
        chosen: wait(agent4)  (best_value=-21.0000)
[DEBUG d>=2] k=2 (idx=3 in order) at (14, 5) — 4 candidates, lookahead=1
    left(agent2)                                        value=-Inf
    wait(agent2)                                        value=-Inf
    up(agent2)                                          value=-Inf
    down(agent2)                                        value=-Inf
        chosen: FALLBACK  (best_value=-Inf)
[DEBUG d>=2] k=3 (idx=4 in order) at (11, 2) — 4 candidates, lookahead=1
    left(agent3)                                        value=-Inf
    wait(agent3)                                        value=-Inf
    up(agent3)                                          value=-Inf
    down(agent3)                                        value=-Inf
        chosen: FALLBACK  (best_value=-Inf)
[DEBUG d>=2] k=1 (idx=5 in order) at (14, 10) — 4 candidates, lookahead=1
  * left(agent1)                                        value=-13.0000
    wait(agent1)                                        value=-14.0000
    up(agent1)                                          value=-15.0000
    down(agent1)                                        value=-14.0000
        chosen: left(agent1)  (best_value=-13.0000)
[DEBUG d>=2] k=8 (idx=6 in order) at (14, 7) — 3 candidates, lookahead=1
    wait(agent8)                                        value=-34.0000
    up(agent8)                                          value=-Inf
  * down(agent8)                                        value=-32.0000
        chosen: down(agent8)  (best_value=-32.0000)
[DEBUG d>=2] k=5 (idx=7 in order) at (7, 10) — 5 candidates, lookahead=1
    left(agent5)                                        value=-Inf
    right(agent5)                                       value=-Inf
    wait(agent5)                                        value=-Inf
    up(agent5)                                          value=-Inf
    down(agent5)                                        value=-Inf
        chosen: FALLBACK  (best_value=-Inf)
[DEBUG d>=2] k=6 (idx=8 in order) at (11, 11) — 5 candidates, lookahead=1
    left(agent6)                                        value=-Inf
    right(agent6)                                       value=-Inf
    wait(agent6)                                        value=-Inf
    up(agent6)                                          value=-Inf
    down(agent6)                                        value=-Inf
        chosen: FALLBACK  (best_value=-Inf)
[DEBUG d>=2] k=7 (idx=1 in order) at (9, 11) — 4 candidates, lookahead=1
    left(agent7)                                        value=-Inf
    wait(agent7)                                        value=-Inf
    up(agent7)                                          value=-Inf
    down(agent7)                                        value=-Inf
        chosen: FALLBACK  (best_value=-Inf)
[DEBUG d>=2] k=4 (idx=2 in order) at (13, 6) — 3 candidates, lookahead=1
    wait(agent4)                                        value=-Inf
    up(agent4)                                          value=-Inf
  * down(agent4)                                        value=-18.0000
        chosen: down(agent4)  (best_value=-18.0000)
[DEBUG d>=2] k=2 (idx=3 in order) at (14, 6) — 4 candidates, lookahead=1
    left(agent2)                                        value=-Inf
    wait(agent2)                                        value=-Inf
    up(agent2)                                          value=-Inf
  * down(agent2)                                        value=-18.0000
        chosen: down(agent2)  (best_value=-18.0000)
[DEBUG d>=2] k=3 (idx=4 in order) at (10, 2) — 5 candidates, lookahead=1
    left(agent3)                                        value=-Inf
    right(agent3)                                       value=-Inf
    wait(agent3)                                        value=-Inf
    up(agent3)                                          value=-Inf
    down(agent3)                                        value=-Inf
        chosen: FALLBACK  (best_value=-Inf)
[DEBUG d>=2] k=1 (idx=5 in order) at (13, 10) — 5 candidates, lookahead=1
  * left(agent1)                                        value=-13.0000
    right(agent1)                                       value=-15.0000
    wait(agent1)                                        value=-14.0000
    up(agent1)                                          value=-13.0000
    down(agent1)                                        value=-15.0000
        chosen: left(agent1)  (best_value=-13.0000)
[DEBUG d>=2] k=8 (idx=6 in order) at (14, 8) — 4 candidates, lookahead=1
  * left(agent8)                                        value=-35.0000
    wait(agent8)                                        value=-Inf
    up(agent8)                                          value=-Inf
    down(agent8)                                        value=-Inf
        chosen: left(agent8)  (best_value=-35.0000)
[DEBUG d>=2] k=5 (idx=7 in order) at (7, 9) — 5 candidates, lookahead=1
    left(agent5)                                        value=-Inf
    right(agent5)                                       value=-Inf
    wait(agent5)                                        value=-Inf
    up(agent5)                                          value=-Inf
    down(agent5)                                        value=-Inf
        chosen: FALLBACK  (best_value=-Inf)
[DEBUG d>=2] k=6 (idx=8 in order) at (10, 11) — 4 candidates, lookahead=1
    right(agent6)                                       value=-Inf
    wait(agent6)                                        value=-Inf
    up(agent6)                                          value=-Inf
    down(agent6)                                        value=-Inf
        chosen: FALLBACK  (best_value=-Inf)
[DEBUG d>=2] k=7 (idx=1 in order) at (9, 11) — 5 candidates, lookahead=1
    left(agent7)                                        value=-Inf
    right(agent7)                                       value=-Inf
    wait(agent7)                                        value=-Inf
    up(agent7)                                          value=-Inf
    down(agent7)                                        value=-Inf
        chosen: FALLBACK  (best_value=-Inf)
[DEBUG d>=2] k=4 (idx=2 in order) at (13, 7) — 2 candidates, lookahead=1
    wait(agent4)                                        value=-Inf
    up(agent4)                                          value=-Inf
        chosen: FALLBACK  (best_value=-Inf)
[DEBUG d>=2] k=2 (idx=3 in order) at (14, 7) — 3 candidates, lookahead=1
    wait(agent2)                                        value=-20.0000
    up(agent2)                                          value=-Inf
  * down(agent2)                                        value=-15.0000
        chosen: down(agent2)  (best_value=-15.0000)
[DEBUG d>=2] k=3 (idx=4 in order) at (10, 3) — 5 candidates, lookahead=1
    left(agent3)                                        value=-Inf
    right(agent3)                                       value=-Inf
    wait(agent3)                                        value=-Inf
    up(agent3)                                          value=-Inf
    down(agent3)                                        value=-Inf
        chosen: FALLBACK  (best_value=-Inf)
[DEBUG d>=2] k=1 (idx=5 in order) at (12, 10) — 4 candidates, lookahead=1
  * left(agent1)                                        value=-11.0000
    right(agent1)                                       value=-12.0000
    wait(agent1)                                        value=-12.0000
    down(agent1)                                        value=-12.0000
        chosen: left(agent1)  (best_value=-11.0000)
[DEBUG d>=2] k=8 (idx=6 in order) at (13, 8) — 3 candidates, lookahead=1
    wait(agent8)                                        value=-Inf
    up(agent8)                                          value=-Inf
  * down(agent8)                                        value=-36.0000
        chosen: down(agent8)  (best_value=-36.0000)
[DEBUG d>=2] k=5 (idx=7 in order) at (7, 9) — 5 candidates, lookahead=1
    left(agent5)                                        value=-Inf
    right(agent5)                                       value=-Inf
    wait(agent5)                                        value=-Inf
    up(agent5)                                          value=-Inf
    down(agent5)                                        value=-Inf
        chosen: FALLBACK  (best_value=-Inf)
[DEBUG d>=2] k=6 (idx=8 in order) at (10, 10) — 4 candidates, lookahead=1
    left(agent6)                                        value=-Inf
    wait(agent6)                                        value=-Inf
    up(agent6)                                          value=-Inf
    down(agent6)                                        value=-Inf
        chosen: FALLBACK  (best_value=-Inf)
[DEBUG d>=2] k=7 (idx=1 in order) at (10, 11) — 4 candidates, lookahead=1
    left(agent7)                                        value=-Inf
    right(agent7)                                       value=-Inf
    wait(agent7)                                        value=-Inf
    down(agent7)                                        value=-Inf
        chosen: FALLBACK  (best_value=-Inf)
[DEBUG d>=2] k=4 (idx=2 in order) at (13, 6) — 4 candidates, lookahead=1
    right(agent4)                                       value=-Inf
    wait(agent4)                                        value=-Inf
    up(agent4)                                          value=-Inf
    down(agent4)                                        value=-Inf
        chosen: FALLBACK  (best_value=-Inf)
[DEBUG d>=2] k=2 (idx=3 in order) at (14, 8) — 4 candidates, lookahead=1
    left(agent2)                                        value=-18.0000
    wait(agent2)                                        value=-17.0000
    up(agent2)                                          value=-17.0000
  * down(agent2)                                        value=-16.0000
        chosen: down(agent2)  (best_value=-16.0000)
[DEBUG d>=2] k=3 (idx=4 in order) at (10, 2) — 5 candidates, lookahead=1
    left(agent3)                                        value=-Inf
    right(agent3)                                       value=-Inf
    wait(agent3)                                        value=-Inf
    up(agent3)                                          value=-Inf
    down(agent3)                                        value=-Inf
        chosen: FALLBACK  (best_value=-Inf)
[DEBUG d>=2] k=1 (idx=5 in order) at (11, 10) — 4 candidates, lookahead=1
  * right(agent1)                                       value=-11.0000
    wait(agent1)                                        value=-11.0000
    up(agent1)                                          value=-11.0000
    down(agent1)                                        value=-12.0000
        chosen: right(agent1)  (best_value=-11.0000)
[DEBUG d>=2] k=8 (idx=6 in order) at (13, 9) — 3 candidates, lookahead=1
    wait(agent8)                                        value=-33.0000
    up(agent8)                                          value=-35.0000
  * down(agent8)                                        value=-32.0000
        chosen: down(agent8)  (best_value=-32.0000)
[DEBUG d>=2] k=5 (idx=7 in order) at (7, 9) — 5 candidates, lookahead=1
    left(agent5)                                        value=-Inf
    right(agent5)                                       value=-Inf
    wait(agent5)                                        value=-Inf
    up(agent5)                                          value=-Inf
    down(agent5)                                        value=-Inf
        chosen: FALLBACK  (best_value=-Inf)
[DEBUG d>=2] k=6 (idx=8 in order) at (10, 10) — 5 candidates, lookahead=1
    left(agent6)                                        value=-Inf
    right(agent6)                                       value=-Inf
    wait(agent6)                                        value=-Inf
    up(agent6)                                          value=-Inf
    down(agent6)                                        value=-Inf
        chosen: FALLBACK  (best_value=-Inf)
[DEBUG d>=2] k=7 (idx=1 in order) at (9, 11) — 5 candidates, lookahead=1
    left(agent7)                                        value=-Inf
    right(agent7)                                       value=-Inf
    wait(agent7)                                        value=-Inf
    up(agent7)                                          value=-Inf
    down(agent7)                                        value=-Inf
        chosen: FALLBACK  (best_value=-Inf)
[DEBUG d>=2] k=4 (idx=2 in order) at (14, 6) — 4 candidates, lookahead=1
    left(agent4)                                        value=-Inf
    wait(agent4)                                        value=-Inf
    up(agent4)                                          value=-Inf
    down(agent4)                                        value=-Inf
        chosen: FALLBACK  (best_value=-Inf)
[DEBUG d>=2] k=2 (idx=3 in order) at (14, 9) — 4 candidates, lookahead=1
  * left(agent2)                                        value=-15.0000
    wait(agent2)                                        value=-16.0000
    up(agent2)                                          value=-19.0000
    down(agent2)                                        value=-17.0000
        chosen: left(agent2)  (best_value=-15.0000)
[DEBUG d>=2] k=3 (idx=4 in order) at (11, 2) — 4 candidates, lookahead=1
    left(agent3)                                        value=-Inf
    wait(agent3)                                        value=-Inf
    up(agent3)                                          value=-Inf
    down(agent3)                                        value=-Inf
        chosen: FALLBACK  (best_value=-Inf)
[DEBUG d>=2] k=1 (idx=5 in order) at (12, 10) — 3 candidates, lookahead=1
  * left(agent1)                                        value=-11.0000
    wait(agent1)                                        value=-12.0000
    down(agent1)                                        value=-12.0000
        chosen: left(agent1)  (best_value=-11.0000)
[DEBUG d>=2] k=8 (idx=6 in order) at (13, 10) — 4 candidates, lookahead=1
    left(agent8)                                        value=-36.0000
  * wait(agent8)                                        value=-33.0000
    up(agent8)                                          value=-34.0000
    down(agent8)                                        value=-34.0000
        chosen: wait(agent8)  (best_value=-33.0000)
[DEBUG d>=2] k=5 (idx=7 in order) at (8, 9) — 5 candidates, lookahead=1
    left(agent5)                                        value=-Inf
    right(agent5)                                       value=-Inf
    wait(agent5)                                        value=-Inf
    up(agent5)                                          value=-Inf
    down(agent5)                                        value=-Inf
        chosen: FALLBACK  (best_value=-Inf)
[DEBUG d>=2] k=6 (idx=8 in order) at (10, 9) — 5 candidates, lookahead=1
    left(agent6)                                        value=-Inf
    right(agent6)                                       value=-Inf
    wait(agent6)                                        value=-Inf
    up(agent6)                                          value=-Inf
    down(agent6)                                        value=-Inf
        chosen: FALLBACK  (best_value=-Inf)
[DEBUG d>=2] k=7 (idx=1 in order) at (9, 11) — 5 candidates, lookahead=1
    left(agent7)                                        value=-Inf
    right(agent7)                                       value=-Inf
    wait(agent7)                                        value=-Inf
    up(agent7)                                          value=-Inf
    down(agent7)                                        value=-Inf
        chosen: FALLBACK  (best_value=-Inf)
[DEBUG d>=2] k=4 (idx=2 in order) at (14, 7) — 4 candidates, lookahead=1
    left(agent4)                                        value=-Inf
    wait(agent4)                                        value=-Inf
    up(agent4)                                          value=-Inf
    down(agent4)                                        value=-Inf
        chosen: FALLBACK  (best_value=-Inf)
[DEBUG d>=2] k=2 (idx=3 in order) at (13, 9) — 3 candidates, lookahead=1
  * right(agent2)                                       value=-15.0000
    wait(agent2)                                        value=-16.0000
    up(agent2)                                          value=-20.0000
        chosen: right(agent2)  (best_value=-15.0000)
[DEBUG d>=2] k=3 (idx=4 in order) at (10, 2) — 5 candidates, lookahead=1
    left(agent3)                                        value=-Inf
    right(agent3)                                       value=-Inf
    wait(agent3)                                        value=-Inf
    up(agent3)                                          value=-Inf
    down(agent3)                                        value=-Inf
        chosen: FALLBACK  (best_value=-Inf)
[DEBUG d>=2] k=1 (idx=5 in order) at (11, 10) — 4 candidates, lookahead=1
  * left(agent1)                                        value=-9.0000
    right(agent1)                                       value=-11.0000
    wait(agent1)                                        value=-10.0000
    down(agent1)                                        value=-11.0000
        chosen: left(agent1)  (best_value=-9.0000)
[DEBUG d>=2] k=8 (idx=6 in order) at (13, 10) — 5 candidates, lookahead=1
    left(agent8)                                        value=-36.0000
    right(agent8)                                       value=-36.0000
    wait(agent8)                                        value=-35.0000
  * up(agent8)                                          value=-34.0000
    down(agent8)                                        value=-36.0000
        chosen: up(agent8)  (best_value=-34.0000)
[DEBUG d>=2] k=5 (idx=7 in order) at (8, 8) — 5 candidates, lookahead=1
    left(agent5)                                        value=-Inf
    right(agent5)                                       value=-Inf
    wait(agent5)                                        value=-Inf
    up(agent5)                                          value=-Inf
    down(agent5)                                        value=-Inf
        chosen: FALLBACK  (best_value=-Inf)
[DEBUG d>=2] k=6 (idx=8 in order) at (11, 9) — 4 candidates, lookahead=1
    left(agent6)                                        value=-Inf
    wait(agent6)                                        value=-Inf
    up(agent6)                                          value=-Inf
    down(agent6)                                        value=-Inf
        chosen: FALLBACK  (best_value=-Inf)
[DEBUG d>=2] k=7 (idx=1 in order) at (10, 11) — 4 candidates, lookahead=1
    left(agent7)                                        value=-Inf
    right(agent7)                                       value=-Inf
    wait(agent7)                                        value=-Inf
    down(agent7)                                        value=-Inf
        chosen: FALLBACK  (best_value=-Inf)
[DEBUG d>=2] k=4 (idx=2 in order) at (14, 8) — 3 candidates, lookahead=1
  * left(agent4)                                        value=-15.0000
    wait(agent4)                                        value=-16.0000
    up(agent4)                                          value=-17.0000
        chosen: left(agent4)  (best_value=-15.0000)
[DEBUG d>=2] k=2 (idx=3 in order) at (14, 9) — 3 candidates, lookahead=1
    wait(agent2)                                        value=-17.0000
    up(agent2)                                          value=-Inf
  * down(agent2)                                        value=-15.0000
        chosen: down(agent2)  (best_value=-15.0000)
[DEBUG d>=2] k=3 (idx=4 in order) at (11, 2) — 4 candidates, lookahead=1
    left(agent3)                                        value=-Inf
    wait(agent3)                                        value=-Inf
    up(agent3)                                          value=-Inf
    down(agent3)                                        value=-Inf
        chosen: FALLBACK  (best_value=-Inf)
[DEBUG d>=2] k=1 (idx=5 in order) at (10, 10) — 4 candidates, lookahead=1
  * left(agent1)                                        value=-8.0000
    right(agent1)                                       value=-10.0000
    wait(agent1)                                        value=-9.0000
    up(agent1)                                          value=-9.0000
        chosen: left(agent1)  (best_value=-8.0000)
[DEBUG d>=2] k=8 (idx=6 in order) at (13, 9) — 3 candidates, lookahead=1
    right(agent8)                                       value=-33.0000
  * wait(agent8)                                        value=-31.0000
    down(agent8)                                        value=-33.0000
        chosen: wait(agent8)  (best_value=-31.0000)
[DEBUG d>=2] k=5 (idx=7 in order) at (8, 8) — 5 candidates, lookahead=1
    left(agent5)                                        value=-Inf
    right(agent5)                                       value=-Inf
    wait(agent5)                                        value=-Inf
    up(agent5)                                          value=-Inf
    down(agent5)                                        value=-Inf
        chosen: FALLBACK  (best_value=-Inf)
[DEBUG d>=2] k=6 (idx=8 in order) at (11, 8) — 4 candidates, lookahead=1
    left(agent6)                                        value=-Inf
    wait(agent6)                                        value=-Inf
    up(agent6)                                          value=-Inf
    down(agent6)                                        value=-Inf
        chosen: FALLBACK  (best_value=-Inf)
[DEBUG d>=2] k=7 (idx=1 in order) at (10, 11) — 5 candidates, lookahead=1
    left(agent7)                                        value=-Inf
    right(agent7)                                       value=-Inf
    wait(agent7)                                        value=-Inf
    up(agent7)                                          value=-Inf
    down(agent7)                                        value=-Inf
        chosen: FALLBACK  (best_value=-Inf)
[DEBUG d>=2] k=4 (idx=2 in order) at (13, 8) — 3 candidates, lookahead=1
  * right(agent4)                                       value=-18.0000
    wait(agent4)                                        value=-Inf
    up(agent4)                                          value=-Inf
        chosen: right(agent4)  (best_value=-18.0000)
[DEBUG d>=2] k=2 (idx=3 in order) at (14, 10) — 4 candidates, lookahead=1
  * left(agent2)                                        value=-13.0000
    wait(agent2)                                        value=-14.0000
    up(agent2)                                          value=-15.0000
    down(agent2)                                        value=-15.0000
        chosen: left(agent2)  (best_value=-13.0000)
[DEBUG d>=2] k=3 (idx=4 in order) at (11, 1) — 3 candidates, lookahead=1
    left(agent3)                                        value=-Inf
    wait(agent3)                                        value=-52.0000
  * down(agent3)                                        value=-51.0000
        chosen: down(agent3)  (best_value=-51.0000)
[DEBUG d>=2] k=1 (idx=5 in order) at (9, 10) — 5 candidates, lookahead=1
  * left(agent1)                                        value=-7.0000
    right(agent1)                                       value=-8.0000
    wait(agent1)                                        value=-8.0000
    up(agent1)                                          value=-8.0000
    down(agent1)                                        value=-8.0000
        chosen: left(agent1)  (best_value=-7.0000)
[DEBUG d>=2] k=8 (idx=6 in order) at (13, 9) — 2 candidates, lookahead=1
  * right(agent8)                                       value=-35.0000
    wait(agent8)                                        value=-35.0000
        chosen: right(agent8)  (best_value=-35.0000)
[DEBUG d>=2] k=5 (idx=7 in order) at (9, 8) — 5 candidates, lookahead=1
    left(agent5)                                        value=-Inf
    right(agent5)                                       value=-Inf
    wait(agent5)                                        value=-Inf
  * up(agent5)                                          value=-45.0000
    down(agent5)                                        value=-Inf
        chosen: up(agent5)  (best_value=-45.0000)
[DEBUG d>=2] k=6 (idx=8 in order) at (11, 8) — 4 candidates, lookahead=1
    left(agent6)                                        value=-Inf
  * wait(agent6)                                        value=-42.0000
    up(agent6)                                          value=-Inf
    down(agent6)                                        value=-Inf
        chosen: wait(agent6)  (best_value=-42.0000)
[DEBUG d>=2] k=7 (idx=1 in order) at (10, 11) — 5 candidates, lookahead=1
    left(agent7)                                        value=-Inf
  * right(agent7)                                       value=-36.0000
    wait(agent7)                                        value=-Inf
    up(agent7)                                          value=-38.0000
    down(agent7)                                        value=-Inf
        chosen: right(agent7)  (best_value=-36.0000)
[DEBUG d>=2] k=4 (idx=2 in order) at (14, 8) — 3 candidates, lookahead=1
  * left(agent4)                                        value=-17.0000
    wait(agent4)                                        value=-18.0000
    up(agent4)                                          value=-18.0000
        chosen: left(agent4)  (best_value=-17.0000)
[DEBUG d>=2] k=2 (idx=3 in order) at (13, 10) — 5 candidates, lookahead=1
  * left(agent2)                                        value=-12.0000
    right(agent2)                                       value=-14.0000
    wait(agent2)                                        value=-13.0000
    up(agent2)                                          value=-15.0000
    down(agent2)                                        value=-13.0000
        chosen: left(agent2)  (best_value=-12.0000)
[DEBUG d>=2] k=3 (idx=4 in order) at (11, 2) — 4 candidates, lookahead=1
    left(agent3)                                        value=-Inf
    wait(agent3)                                        value=-Inf
  * up(agent3)                                          value=-49.0000
    down(agent3)                                        value=-50.0000
        chosen: up(agent3)  (best_value=-49.0000)
[DEBUG d>=2] k=1 (idx=5 in order) at (8, 10) — 5 candidates, lookahead=1
  * left(agent1)                                        value=-6.0000
    right(agent1)                                       value=-8.0000
    wait(agent1)                                        value=-7.0000
    up(agent1)                                          value=-7.0000
    down(agent1)                                        value=-8.0000
        chosen: left(agent1)  (best_value=-6.0000)
[DEBUG d>=2] k=8 (idx=6 in order) at (14, 9) — 3 candidates, lookahead=1
  * left(agent8)                                        value=-32.0000
    wait(agent8)                                        value=-33.0000
    down(agent8)                                        value=-34.0000
        chosen: left(agent8)  (best_value=-32.0000)
[DEBUG d>=2] k=5 (idx=7 in order) at (9, 7) — 5 candidates, lookahead=1
    left(agent5)                                        value=-Inf
    right(agent5)                                       value=-Inf
    wait(agent5)                                        value=-Inf
    up(agent5)                                          value=-Inf
  * down(agent5)                                        value=-42.0000
        chosen: down(agent5)  (best_value=-42.0000)
[DEBUG d>=2] k=6 (idx=8 in order) at (11, 8) — 4 candidates, lookahead=1
    left(agent6)                                        value=-Inf
  * wait(agent6)                                        value=-40.0000
    up(agent6)                                          value=-50.0000
    down(agent6)                                        value=-Inf
        chosen: wait(agent6)  (best_value=-40.0000)
[DEBUG d>=2] k=7 (idx=1 in order) at (11, 11) — 5 candidates, lookahead=1
    left(agent7)                                        value=-Inf
    right(agent7)                                       value=-Inf
    wait(agent7)                                        value=-Inf
    up(agent7)                                          value=-Inf
    down(agent7)                                        value=-Inf
        chosen: FALLBACK  (best_value=-Inf)
[DEBUG d>=2] k=4 (idx=2 in order) at (13, 8) — 3 candidates, lookahead=1
    right(agent4)                                       value=-19.0000
  * wait(agent4)                                        value=-18.0000
    up(agent4)                                          value=-21.0000
        chosen: wait(agent4)  (best_value=-18.0000)
[DEBUG d>=2] k=2 (idx=3 in order) at (12, 10) — 3 candidates, lookahead=1
  * left(agent2)                                        value=-11.0000
    right(agent2)                                       value=-13.0000
    wait(agent2)                                        value=-12.0000
        chosen: left(agent2)  (best_value=-11.0000)
[DEBUG d>=2] k=3 (idx=4 in order) at (11, 1) — 3 candidates, lookahead=1
    left(agent3)                                        value=-Inf
    wait(agent3)                                        value=-Inf
    down(agent3)                                        value=-Inf
        chosen: FALLBACK  (best_value=-Inf)
[DEBUG d>=2] k=1 (idx=5 in order) at (7, 10) — 5 candidates, lookahead=1
  * left(agent1)                                        value=-5.0000
    right(agent1)                                       value=-7.0000
    wait(agent1)                                        value=-6.0000
    up(agent1)                                          value=-6.0000
    down(agent1)                                        value=-7.0000
        chosen: left(agent1)  (best_value=-5.0000)
[DEBUG d>=2] k=8 (idx=6 in order) at (13, 9) — 4 candidates, lookahead=1
    right(agent8)                                       value=-35.0000
    wait(agent8)                                        value=-34.0000
  * up(agent8)                                          value=-33.0000
    down(agent8)                                        value=-35.0000
        chosen: up(agent8)  (best_value=-33.0000)
[DEBUG d>=2] k=5 (idx=7 in order) at (9, 8) — 5 candidates, lookahead=1
    left(agent5)                                        value=-Inf
    right(agent5)                                       value=-Inf
    wait(agent5)                                        value=-Inf
    up(agent5)                                          value=-Inf
    down(agent5)                                        value=-Inf
        chosen: FALLBACK  (best_value=-Inf)
[DEBUG d>=2] k=6 (idx=8 in order) at (11, 8) — 4 candidates, lookahead=1
    left(agent6)                                        value=-Inf
    wait(agent6)                                        value=-Inf
    up(agent6)                                          value=-Inf
    down(agent6)                                        value=-Inf
        chosen: FALLBACK  (best_value=-Inf)
[DEBUG d>=2] k=7 (idx=1 in order) at (12, 11) — 5 candidates, lookahead=1
    left(agent7)                                        value=-Inf
    right(agent7)                                       value=-Inf
    wait(agent7)                                        value=-Inf
    up(agent7)                                          value=-Inf
    down(agent7)                                        value=-Inf
        chosen: FALLBACK  (best_value=-Inf)
[DEBUG d>=2] k=4 (idx=2 in order) at (13, 8) — 3 candidates, lookahead=1
    right(agent4)                                       value=-17.0000
  * wait(agent4)                                        value=-16.0000
    up(agent4)                                          value=-19.0000
        chosen: wait(agent4)  (best_value=-16.0000)
[DEBUG d>=2] k=2 (idx=3 in order) at (11, 10) — 5 candidates, lookahead=1
  * left(agent2)                                        value=-10.0000
    right(agent2)                                       value=-12.0000
    wait(agent2)                                        value=-11.0000
    up(agent2)                                          value=-11.0000
    down(agent2)                                        value=-11.0000
        chosen: left(agent2)  (best_value=-10.0000)
[DEBUG d>=2] k=3 (idx=4 in order) at (11, 1) — 3 candidates, lookahead=1
    left(agent3)                                        value=-Inf
    wait(agent3)                                        value=-Inf
    down(agent3)                                        value=-Inf
        chosen: FALLBACK  (best_value=-Inf)
[DEBUG d>=2] k=1 (idx=5 in order) at (6, 10) — 5 candidates, lookahead=1
  * left(agent1)                                        value=-4.0000
    right(agent1)                                       value=-6.0000
    wait(agent1)                                        value=-5.0000
    up(agent1)                                          value=-5.0000
    down(agent1)                                        value=-6.0000
        chosen: left(agent1)  (best_value=-4.0000)
[DEBUG d>=2] k=8 (idx=6 in order) at (13, 9) — 4 candidates, lookahead=1
    right(agent8)                                       value=-33.0000
  * wait(agent8)                                        value=-31.0000
    up(agent8)                                          value=-31.0000
    down(agent8)                                        value=-33.0000
        chosen: wait(agent8)  (best_value=-31.0000)
[DEBUG d>=2] k=5 (idx=7 in order) at (9, 9) — 5 candidates, lookahead=1
    left(agent5)                                        value=-Inf
    right(agent5)                                       value=-Inf
    wait(agent5)                                        value=-Inf
    up(agent5)                                          value=-Inf
    down(agent5)                                        value=-Inf
        chosen: FALLBACK  (best_value=-Inf)
[DEBUG d>=2] k=6 (idx=8 in order) at (11, 7) — 4 candidates, lookahead=1
    left(agent6)                                        value=-Inf
    wait(agent6)                                        value=-Inf
    up(agent6)                                          value=-Inf
    down(agent6)                                        value=-Inf
        chosen: FALLBACK  (best_value=-Inf)
[DEBUG d>=2] k=7 (idx=1 in order) at (12, 10) — 4 candidates, lookahead=1
    left(agent7)                                        value=-Inf
    right(agent7)                                       value=-Inf
    wait(agent7)                                        value=-Inf
    down(agent7)                                        value=-Inf
        chosen: FALLBACK  (best_value=-Inf)
[DEBUG d>=2] k=4 (idx=2 in order) at (13, 8) — 3 candidates, lookahead=1
  * right(agent4)                                       value=-17.0000
    wait(agent4)                                        value=-Inf
    up(agent4)                                          value=-19.0000
        chosen: right(agent4)  (best_value=-17.0000)
[DEBUG d>=2] k=2 (idx=3 in order) at (10, 10) — 4 candidates, lookahead=1
  * left(agent2)                                        value=-9.0000
    right(agent2)                                       value=-11.0000
    wait(agent2)                                        value=-10.0000
    down(agent2)                                        value=-10.0000
        chosen: left(agent2)  (best_value=-9.0000)
[DEBUG d>=2] k=3 (idx=4 in order) at (11, 1) — 3 candidates, lookahead=1
    left(agent3)                                        value=-Inf
    wait(agent3)                                        value=-Inf
    down(agent3)                                        value=-Inf
        chosen: FALLBACK  (best_value=-Inf)
[DEBUG d>=2] k=1 (idx=5 in order) at (5, 10) — 5 candidates, lookahead=1
  * left(agent1)                                        value=-3.0000
    right(agent1)                                       value=-5.0000
    wait(agent1)                                        value=-4.0000
    up(agent1)                                          value=-4.0000
    down(agent1)                                        value=-5.0000
        chosen: left(agent1)  (best_value=-3.0000)
[DEBUG d>=2] k=8 (idx=6 in order) at (13, 9) — 3 candidates, lookahead=1
    right(agent8)                                       value=-35.0000
    wait(agent8)                                        value=-34.0000
  * up(agent8)                                          value=-33.0000
        chosen: up(agent8)  (best_value=-33.0000)
[DEBUG d>=2] k=5 (idx=7 in order) at (10, 9) — 5 candidates, lookahead=1
    left(agent5)                                        value=-Inf
    right(agent5)                                       value=-Inf
    wait(agent5)                                        value=-Inf
    up(agent5)                                          value=-Inf
    down(agent5)                                        value=-Inf
        chosen: FALLBACK  (best_value=-Inf)
[DEBUG d>=2] k=6 (idx=8 in order) at (10, 7) — 5 candidates, lookahead=1
    left(agent6)                                        value=-Inf
    right(agent6)                                       value=-Inf
    wait(agent6)                                        value=-Inf
    up(agent6)                                          value=-Inf
    down(agent6)                                        value=-Inf
        chosen: FALLBACK  (best_value=-Inf)
[DEBUG d>=2] k=7 (idx=1 in order) at (13, 10) — 5 candidates, lookahead=1
    left(agent7)                                        value=-35.0000
    right(agent7)                                       value=-35.0000
    wait(agent7)                                        value=-Inf
  * up(agent7)                                          value=-34.0000
    down(agent7)                                        value=-35.0000
        chosen: up(agent7)  (best_value=-34.0000)
[DEBUG d>=2] k=4 (idx=2 in order) at (14, 8) — 3 candidates, lookahead=1
    wait(agent4)                                        value=-16.0000
    up(agent4)                                          value=-17.0000
  * down(agent4)                                        value=-15.0000
        chosen: down(agent4)  (best_value=-15.0000)
[DEBUG d>=2] k=2 (idx=3 in order) at (9, 10) — 4 candidates, lookahead=1
  * left(agent2)                                        value=-8.0000
    right(agent2)                                       value=-10.0000
    wait(agent2)                                        value=-9.0000
    down(agent2)                                        value=-9.0000
        chosen: left(agent2)  (best_value=-8.0000)
[DEBUG d>=2] k=3 (idx=4 in order) at (11, 1) — 3 candidates, lookahead=1
    left(agent3)                                        value=-46.0000
  * wait(agent3)                                        value=-45.0000
    down(agent3)                                        value=-49.0000
        chosen: wait(agent3)  (best_value=-45.0000)
[DEBUG d>=2] k=1 (idx=5 in order) at (4, 10) — 5 candidates, lookahead=1
  * left(agent1)                                        value=-2.0000
    right(agent1)                                       value=-4.0000
    wait(agent1)                                        value=-3.0000
    up(agent1)                                          value=-3.0000
    down(agent1)                                        value=-4.0000
        chosen: left(agent1)  (best_value=-2.0000)
[DEBUG d>=2] k=8 (idx=6 in order) at (13, 8) — 4 candidates, lookahead=1
    right(agent8)                                       value=-31.0000
    wait(agent8)                                        value=-31.0000
  * up(agent8)                                          value=-29.0000
    down(agent8)                                        value=-Inf
        chosen: up(agent8)  (best_value=-29.0000)
[DEBUG d>=2] k=5 (idx=7 in order) at (9, 9) — 5 candidates, lookahead=1
    left(agent5)                                        value=-Inf
    right(agent5)                                       value=-41.0000
    wait(agent5)                                        value=-39.0000
    up(agent5)                                          value=-43.0000
  * down(agent5)                                        value=-38.0000
        chosen: down(agent5)  (best_value=-38.0000)
[DEBUG d>=2] k=6 (idx=8 in order) at (10, 7) — 5 candidates, lookahead=1
    left(agent6)                                        value=-Inf
  * right(agent6)                                       value=-39.0000
    wait(agent6)                                        value=-40.0000
    up(agent6)                                          value=-44.0000
    down(agent6)                                        value=-39.0000
        chosen: right(agent6)  (best_value=-39.0000)
[DEBUG d>=2] k=7 (idx=1 in order) at (13, 9) — 3 candidates, lookahead=1
    wait(agent7)                                        value=-33.0000
  * up(agent7)                                          value=-32.0000
    down(agent7)                                        value=-35.0000
        chosen: up(agent7)  (best_value=-32.0000)
[DEBUG d>=2] k=4 (idx=2 in order) at (14, 9) — 4 candidates, lookahead=1
    left(agent4)                                        value=-15.0000
    wait(agent4)                                        value=-15.0000
    up(agent4)                                          value=-16.0000
  * down(agent4)                                        value=-14.0000
        chosen: down(agent4)  (best_value=-14.0000)
[DEBUG d>=2] k=2 (idx=3 in order) at (8, 10) — 4 candidates, lookahead=1
  * left(agent2)                                        value=-7.0000
    wait(agent2)                                        value=-8.0000
    up(agent2)                                          value=-7.0000
    down(agent2)                                        value=-8.0000
        chosen: left(agent2)  (best_value=-7.0000)
[DEBUG d>=2] k=3 (idx=4 in order) at (11, 1) — 3 candidates, lookahead=1
    left(agent3)                                        value=-Inf
  * wait(agent3)                                        value=-47.0000
    down(agent3)                                        value=-Inf
        chosen: wait(agent3)  (best_value=-47.0000)
[DEBUG d>=2] k=1 (idx=5 in order) at (3, 10) — 5 candidates, lookahead=1
  * left(agent1)                                        value=-1.0000
    right(agent1)                                       value=-3.0000
    wait(agent1)                                        value=-2.0000
    up(agent1)                                          value=-2.0000
    down(agent1)                                        value=-3.0000
        chosen: left(agent1)  (best_value=-1.0000)
[DEBUG d>=2] k=8 (idx=6 in order) at (13, 7) — 3 candidates, lookahead=1
  * right(agent8)                                       value=-30.0000
    wait(agent8)                                        value=-32.0000
    up(agent8)                                          value=-31.0000
        chosen: right(agent8)  (best_value=-30.0000)
[DEBUG d>=2] k=5 (idx=7 in order) at (9, 10) — 5 candidates, lookahead=1
    left(agent5)                                        value=-39.0000
  * right(agent5)                                       value=-37.0000
    wait(agent5)                                        value=-Inf
    up(agent5)                                          value=-Inf
    down(agent5)                                        value=-39.0000
        chosen: right(agent5)  (best_value=-37.0000)
[DEBUG d>=2] k=6 (idx=8 in order) at (11, 7) — 4 candidates, lookahead=1
  * left(agent6)                                        value=-40.0000
    wait(agent6)                                        value=-Inf
    up(agent6)                                          value=-41.0000
    down(agent6)                                        value=-Inf
        chosen: left(agent6)  (best_value=-40.0000)
[DEBUG d>=2] k=7 (idx=1 in order) at (13, 8) — 4 candidates, lookahead=1
    right(agent7)                                       value=-35.0000
    wait(agent7)                                        value=-34.0000
  * up(agent7)                                          value=-33.0000
    down(agent7)                                        value=-35.0000
        chosen: up(agent7)  (best_value=-33.0000)
[DEBUG d>=2] k=4 (idx=2 in order) at (14, 10) — 4 candidates, lookahead=1
  * left(agent4)                                        value=-13.0000
    wait(agent4)                                        value=-15.0000
    up(agent4)                                          value=-15.0000
    down(agent4)                                        value=-14.0000
        chosen: left(agent4)  (best_value=-13.0000)
[DEBUG d>=2] k=2 (idx=3 in order) at (7, 10) — 5 candidates, lookahead=1
  * left(agent2)                                        value=-6.0000
    right(agent2)                                       value=-8.0000
    wait(agent2)                                        value=-7.0000
    up(agent2)                                          value=-6.0000
    down(agent2)                                        value=-7.0000
        chosen: left(agent2)  (best_value=-6.0000)
[DEBUG d>=2] k=3 (idx=4 in order) at (11, 1) — 3 candidates, lookahead=1
    left(agent3)                                        value=-Inf
    wait(agent3)                                        value=-Inf
    down(agent3)                                        value=-Inf
        chosen: FALLBACK  (best_value=-Inf)
[DEBUG d>=2] k=1 (idx=5 in order) at (2, 10) — 5 candidates, lookahead=1
    right(agent1)                                       value=-2.0000
    wait(agent1)                                        value=-1.0000
  * fill(agent1, tank6)                                 value=0.0000
    up(agent1)                                          value=-1.0000
    down(agent1)                                        value=-2.0000
        chosen: fill(agent1, tank6)  (best_value=0.0000)
[DEBUG d>=2] k=8 (idx=6 in order) at (14, 7) — 3 candidates, lookahead=1
    wait(agent8)                                        value=-32.0000
  * up(agent8)                                          value=-30.0000
    down(agent8)                                        value=-32.0000
        chosen: up(agent8)  (best_value=-30.0000)
[DEBUG d>=2] k=5 (idx=7 in order) at (10, 10) — 5 candidates, lookahead=1
    left(agent5)                                        value=-Inf
    right(agent5)                                       value=-Inf
    wait(agent5)                                        value=-Inf
    up(agent5)                                          value=-Inf
    down(agent5)                                        value=-Inf
        chosen: FALLBACK  (best_value=-Inf)
[DEBUG d>=2] k=6 (idx=8 in order) at (10, 7) — 5 candidates, lookahead=1
    left(agent6)                                        value=-Inf
    right(agent6)                                       value=-Inf
    wait(agent6)                                        value=-Inf
    up(agent6)                                          value=-Inf
    down(agent6)                                        value=-Inf
        chosen: FALLBACK  (best_value=-Inf)
[DEBUG d>=2] k=7 (idx=1 in order) at (13, 7) — 4 candidates, lookahead=1
    right(agent7)                                       value=-31.0000
    wait(agent7)                                        value=-31.0000
  * up(agent7)                                          value=-29.0000
    down(agent7)                                        value=-32.0000
        chosen: up(agent7)  (best_value=-29.0000)
[DEBUG d>=2] k=4 (idx=2 in order) at (13, 10) — 5 candidates, lookahead=1
  * left(agent4)                                        value=-12.0000
    right(agent4)                                       value=-15.0000
    wait(agent4)                                        value=-14.0000
    up(agent4)                                          value=-15.0000
    down(agent4)                                        value=-13.0000
        chosen: left(agent4)  (best_value=-12.0000)
[DEBUG d>=2] k=2 (idx=3 in order) at (6, 10) — 5 candidates, lookahead=1
  * left(agent2)                                        value=-5.0000
    right(agent2)                                       value=-6.0000
    wait(agent2)                                        value=-6.0000
    up(agent2)                                          value=-6.0000
    down(agent2)                                        value=-6.0000
        chosen: left(agent2)  (best_value=-5.0000)
[DEBUG d>=2] k=3 (idx=4 in order) at (11, 2) — 4 candidates, lookahead=1
    left(agent3)                                        value=-Inf
    wait(agent3)                                        value=-Inf
    up(agent3)                                          value=-Inf
    down(agent3)                                        value=-Inf
        chosen: FALLBACK  (best_value=-Inf)
[DEBUG d>=2] k=1 (idx=5 in order) at (2, 10) — 4 candidates, lookahead=1
  * right(agent1)                                       value=0.0000
    wait(agent1)                                        value=0.0000
    up(agent1)                                          value=0.0000
    down(agent1)                                        value=0.0000
        chosen: right(agent1)  (best_value=0.0000)
[DEBUG d>=2] k=8 (idx=6 in order) at (14, 6) — 3 candidates, lookahead=1
    wait(agent8)                                        value=-30.0000
  * up(agent8)                                          value=-29.0000
    down(agent8)                                        value=-31.0000
        chosen: up(agent8)  (best_value=-29.0000)
[DEBUG d>=2] k=5 (idx=7 in order) at (10, 10) — 5 candidates, lookahead=1
    left(agent5)                                        value=-Inf
    right(agent5)                                       value=-Inf
    wait(agent5)                                        value=-Inf
    up(agent5)                                          value=-Inf
    down(agent5)                                        value=-Inf
        chosen: FALLBACK  (best_value=-Inf)
[DEBUG d>=2] k=6 (idx=8 in order) at (11, 7) — 4 candidates, lookahead=1
    left(agent6)                                        value=-Inf
    wait(agent6)                                        value=-Inf
    up(agent6)                                          value=-Inf
    down(agent6)                                        value=-Inf
        chosen: FALLBACK  (best_value=-Inf)
[DEBUG d>=2] k=7 (idx=1 in order) at (13, 6) — 4 candidates, lookahead=1
    right(agent7)                                       value=-31.0000
    wait(agent7)                                        value=-29.0000
  * up(agent7)                                          value=-28.0000
    down(agent7)                                        value=-32.0000
        chosen: up(agent7)  (best_value=-28.0000)
[DEBUG d>=2] k=4 (idx=2 in order) at (12, 10) — 4 candidates, lookahead=1
  * left(agent4)                                        value=-11.0000
    right(agent4)                                       value=-13.0000
    wait(agent4)                                        value=-12.0000
    down(agent4)                                        value=-13.0000
        chosen: left(agent4)  (best_value=-11.0000)
[DEBUG d>=2] k=2 (idx=3 in order) at (5, 10) — 5 candidates, lookahead=1
  * left(agent2)                                        value=-4.0000
    right(agent2)                                       value=-6.0000
    wait(agent2)                                        value=-4.0000
    up(agent2)                                          value=-5.0000
    down(agent2)                                        value=-5.0000
        chosen: left(agent2)  (best_value=-4.0000)
[DEBUG d>=2] k=3 (idx=4 in order) at (11, 3) — 4 candidates, lookahead=1
    left(agent3)                                        value=-Inf
    wait(agent3)                                        value=-Inf
    up(agent3)                                          value=-Inf
    down(agent3)                                        value=-Inf
        chosen: FALLBACK  (best_value=-Inf)
[DEBUG d>=2] k=1 (idx=5 in order) at (3, 10) — 5 candidates, lookahead=1
  * left(agent1)                                        value=0.0000
    right(agent1)                                       value=0.0000
    wait(agent1)                                        value=0.0000
    up(agent1)                                          value=0.0000
    down(agent1)                                        value=0.0000
        chosen: left(agent1)  (best_value=0.0000)
[DEBUG d>=2] k=8 (idx=6 in order) at (14, 5) — 3 candidates, lookahead=1
    wait(agent8)                                        value=-29.0000
  * up(agent8)                                          value=-28.0000
    down(agent8)                                        value=-30.0000
        chosen: up(agent8)  (best_value=-28.0000)
[DEBUG d>=2] k=5 (idx=7 in order) at (9, 10) — 5 candidates, lookahead=1
    left(agent5)                                        value=-Inf
    right(agent5)                                       value=-Inf
    wait(agent5)                                        value=-Inf
    up(agent5)                                          value=-Inf
    down(agent5)                                        value=-Inf
        chosen: FALLBACK  (best_value=-Inf)
[DEBUG d>=2] k=6 (idx=8 in order) at (11, 8) — 4 candidates, lookahead=1
    left(agent6)                                        value=-Inf
    wait(agent6)                                        value=-Inf
    up(agent6)                                          value=-Inf
    down(agent6)                                        value=-Inf
        chosen: FALLBACK  (best_value=-Inf)
[DEBUG d>=2] k=7 (idx=1 in order) at (13, 5) — 4 candidates, lookahead=1
    right(agent7)                                       value=-29.0000
    wait(agent7)                                        value=-28.0000
  * up(agent7)                                          value=-26.0000
    down(agent7)                                        value=-29.0000
        chosen: up(agent7)  (best_value=-26.0000)
[DEBUG d>=2] k=4 (idx=2 in order) at (11, 10) — 5 candidates, lookahead=1
  * left(agent4)                                        value=-11.0000
    right(agent4)                                       value=-12.0000
    wait(agent4)                                        value=-11.0000
    up(agent4)                                          value=-11.0000
    down(agent4)                                        value=-12.0000
        chosen: left(agent4)  (best_value=-11.0000)
[DEBUG d>=2] k=2 (idx=3 in order) at (4, 10) — 5 candidates, lookahead=1
  * left(agent2)                                        value=-2.0000
    right(agent2)                                       value=-4.0000
    wait(agent2)                                        value=-4.0000
    up(agent2)                                          value=-3.0000
    down(agent2)                                        value=-4.0000
        chosen: left(agent2)  (best_value=-2.0000)
[DEBUG d>=2] k=3 (idx=4 in order) at (11, 3) — 4 candidates, lookahead=1
    left(agent3)                                        value=-Inf
    wait(agent3)                                        value=-Inf
    up(agent3)                                          value=-Inf
    down(agent3)                                        value=-Inf
        chosen: FALLBACK  (best_value=-Inf)
[DEBUG d>=2] k=1 (idx=5 in order) at (2, 10) — 4 candidates, lookahead=1
  * right(agent1)                                       value=0.0000
    wait(agent1)                                        value=0.0000
    up(agent1)                                          value=0.0000
    down(agent1)                                        value=0.0000
        chosen: right(agent1)  (best_value=0.0000)
[DEBUG d>=2] k=8 (idx=6 in order) at (14, 4) — 3 candidates, lookahead=1
    wait(agent8)                                        value=-28.0000
  * up(agent8)                                          value=-27.0000
    down(agent8)                                        value=-29.0000
        chosen: up(agent8)  (best_value=-27.0000)
[DEBUG d>=2] k=5 (idx=7 in order) at (8, 10) — 5 candidates, lookahead=1
    left(agent5)                                        value=-Inf
    right(agent5)                                       value=-Inf
    wait(agent5)                                        value=-Inf
    up(agent5)                                          value=-Inf
    down(agent5)                                        value=-Inf
        chosen: FALLBACK  (best_value=-Inf)
[DEBUG d>=2] k=6 (idx=8 in order) at (11, 7) — 4 candidates, lookahead=1
    left(agent6)                                        value=-Inf
    wait(agent6)                                        value=-Inf
    up(agent6)                                          value=-Inf
    down(agent6)                                        value=-Inf
        chosen: FALLBACK  (best_value=-Inf)
[DEBUG d>=2] k=7 (idx=1 in order) at (13, 4) — 4 candidates, lookahead=1
    right(agent7)                                       value=-28.0000
    wait(agent7)                                        value=-27.0000
  * up(agent7)                                          value=-26.0000
    down(agent7)                                        value=-28.0000
        chosen: up(agent7)  (best_value=-26.0000)
[DEBUG d>=2] k=4 (idx=2 in order) at (10, 10) — 5 candidates, lookahead=1
  * left(agent4)                                        value=-10.0000
    right(agent4)                                       value=-10.0000
    wait(agent4)                                        value=-11.0000
    up(agent4)                                          value=-10.0000
    down(agent4)                                        value=-10.0000
        chosen: left(agent4)  (best_value=-10.0000)
[DEBUG d>=2] k=2 (idx=3 in order) at (3, 10) — 4 candidates, lookahead=1
    right(agent2)                                       value=-4.0000
  * wait(agent2)                                        value=-2.0000
    up(agent2)                                          value=-3.0000
    down(agent2)                                        value=-3.0000
        chosen: wait(agent2)  (best_value=-2.0000)
[DEBUG d>=2] k=3 (idx=4 in order) at (11, 4) — 4 candidates, lookahead=1
    left(agent3)                                        value=-Inf
    wait(agent3)                                        value=-Inf
    up(agent3)                                          value=-Inf
    down(agent3)                                        value=-Inf
        chosen: FALLBACK  (best_value=-Inf)
[DEBUG d>=2] k=1 (idx=5 in order) at (2, 10) — 4 candidates, lookahead=1
  * right(agent1)                                       value=0.0000
    wait(agent1)                                        value=0.0000
    up(agent1)                                          value=0.0000
    down(agent1)                                        value=0.0000
        chosen: right(agent1)  (best_value=0.0000)
[DEBUG d>=2] k=8 (idx=6 in order) at (14, 3) — 3 candidates, lookahead=1
    wait(agent8)                                        value=-27.0000
  * up(agent8)                                          value=-26.0000
    down(agent8)                                        value=-28.0000
        chosen: up(agent8)  (best_value=-26.0000)
[DEBUG d>=2] k=5 (idx=7 in order) at (8, 10) — 4 candidates, lookahead=1
    left(agent5)                                        value=-Inf
    wait(agent5)                                        value=-Inf
    up(agent5)                                          value=-Inf
    down(agent5)                                        value=-Inf
        chosen: FALLBACK  (best_value=-Inf)
[DEBUG d>=2] k=6 (idx=8 in order) at (11, 8) — 4 candidates, lookahead=1
    left(agent6)                                        value=-Inf
    wait(agent6)                                        value=-Inf
    up(agent6)                                          value=-Inf
    down(agent6)                                        value=-Inf
        chosen: FALLBACK  (best_value=-Inf)
[DEBUG d>=2] k=7 (idx=1 in order) at (13, 3) — 4 candidates, lookahead=1
    right(agent7)                                       value=-27.0000
    wait(agent7)                                        value=-26.0000
  * up(agent7)                                          value=-23.0000
    down(agent7)                                        value=-27.0000
        chosen: up(agent7)  (best_value=-23.0000)
[DEBUG d>=2] k=4 (idx=2 in order) at (9, 10) — 5 candidates, lookahead=1
  * left(agent4)                                        value=-9.0000
    right(agent4)                                       value=-11.0000
    wait(agent4)                                        value=-10.0000
    up(agent4)                                          value=-9.0000
    down(agent4)                                        value=-9.0000
        chosen: left(agent4)  (best_value=-9.0000)
[DEBUG d>=2] k=2 (idx=3 in order) at (3, 10) — 4 candidates, lookahead=1
    right(agent2)                                       value=-4.0000
    wait(agent2)                                        value=-3.0000
  * up(agent2)                                          value=-2.0000
    down(agent2)                                        value=-3.0000
        chosen: up(agent2)  (best_value=-2.0000)
[DEBUG d>=2] k=3 (idx=4 in order) at (10, 4) — 5 candidates, lookahead=1
    left(agent3)                                        value=-Inf
    right(agent3)                                       value=-Inf
    wait(agent3)                                        value=-Inf
    up(agent3)                                          value=-Inf
    down(agent3)                                        value=-Inf
        chosen: FALLBACK  (best_value=-Inf)
[DEBUG d>=2] k=1 (idx=5 in order) at (2, 10) — 4 candidates, lookahead=1
  * right(agent1)                                       value=0.0000
    wait(agent1)                                        value=0.0000
    up(agent1)                                          value=0.0000
    down(agent1)                                        value=0.0000
        chosen: right(agent1)  (best_value=0.0000)
[DEBUG d>=2] k=8 (idx=6 in order) at (14, 2) — 3 candidates, lookahead=1
    collect1(agent8, well1)                             value=-25.0000
  * wait(agent8)                                        value=-24.0000
    down(agent8)                                        value=-27.0000
        chosen: wait(agent8)  (best_value=-24.0000)
[DEBUG d>=2] k=5 (idx=7 in order) at (7, 10) — 4 candidates, lookahead=1
    left(agent5)                                        value=-Inf
    wait(agent5)                                        value=-Inf
    up(agent5)                                          value=-Inf
    down(agent5)                                        value=-Inf
        chosen: FALLBACK  (best_value=-Inf)
[DEBUG d>=2] k=6 (idx=8 in order) at (11, 7) — 4 candidates, lookahead=1
    left(agent6)                                        value=-Inf
    wait(agent6)                                        value=-Inf
    up(agent6)                                          value=-Inf
    down(agent6)                                        value=-Inf
        chosen: FALLBACK  (best_value=-Inf)
[DEBUG d>=2] k=7 (idx=1 in order) at (13, 2) — 3 candidates, lookahead=1
  * collect1(agent7, well2)                             value=-24.0000
    wait(agent7)                                        value=-25.0000
    down(agent7)                                        value=-26.0000
        chosen: collect1(agent7, well2)  (best_value=-24.0000)
[DEBUG d>=2] k=4 (idx=2 in order) at (8, 10) — 5 candidates, lookahead=1
  * left(agent4)                                        value=-8.0000
    right(agent4)                                       value=-10.0000
    wait(agent4)                                        value=-9.0000
    up(agent4)                                          value=-8.0000
    down(agent4)                                        value=-8.0000
        chosen: left(agent4)  (best_value=-8.0000)
[DEBUG d>=2] k=2 (idx=3 in order) at (3, 9) — 4 candidates, lookahead=1
  * left(agent2)                                        value=-1.0000
    right(agent2)                                       value=-3.0000
    wait(agent2)                                        value=-2.0000
    up(agent2)                                          value=-2.0000
        chosen: left(agent2)  (best_value=-1.0000)
[DEBUG d>=2] k=3 (idx=4 in order) at (9, 4) — 5 candidates, lookahead=1
    left(agent3)                                        value=-Inf
    right(agent3)                                       value=-Inf
    wait(agent3)                                        value=-Inf
    up(agent3)                                          value=-Inf
    down(agent3)                                        value=-Inf
        chosen: FALLBACK  (best_value=-Inf)
[DEBUG d>=2] k=1 (idx=5 in order) at (3, 10) — 5 candidates, lookahead=1
  * left(agent1)                                        value=0.0000
    right(agent1)                                       value=0.0000
    wait(agent1)                                        value=0.0000
    up(agent1)                                          value=0.0000
    down(agent1)                                        value=0.0000
        chosen: left(agent1)  (best_value=0.0000)
[DEBUG d>=2] k=8 (idx=6 in order) at (14, 2) — 3 candidates, lookahead=1
    collect1(agent8, well1)                             value=-25.0000
  * wait(agent8)                                        value=-24.0000
    down(agent8)                                        value=-27.0000
        chosen: wait(agent8)  (best_value=-24.0000)
[DEBUG d>=2] k=5 (idx=7 in order) at (6, 10) — 5 candidates, lookahead=1
    left(agent5)                                        value=-Inf
    right(agent5)                                       value=-Inf
    wait(agent5)                                        value=-Inf
    up(agent5)                                          value=-Inf
    down(agent5)                                        value=-Inf
        chosen: FALLBACK  (best_value=-Inf)
[DEBUG d>=2] k=6 (idx=8 in order) at (11, 6) — 4 candidates, lookahead=1
    left(agent6)                                        value=-Inf
    wait(agent6)                                        value=-Inf
    up(agent6)                                          value=-Inf
    down(agent6)                                        value=-Inf
        chosen: FALLBACK  (best_value=-Inf)
[DEBUG d>=2] k=4 (idx=2 in order) at (7, 10) — 5 candidates, lookahead=1
  * left(agent4)                                        value=-5.0000
    right(agent4)                                       value=-7.0000
    wait(agent4)                                        value=-6.0000
    up(agent4)                                          value=-7.0000
    down(agent4)                                        value=-7.0000
        chosen: left(agent4)  (best_value=-5.0000)
[DEBUG d>=2] k=2 (idx=3 in order) at (2, 9) — 4 candidates, lookahead=1
    right(agent2)                                       value=-2.0000
    wait(agent2)                                        value=-1.0000
  * fill(agent2, tank5)                                 value=0.0000
    up(agent2)                                          value=-1.0000
        chosen: fill(agent2, tank5)  (best_value=0.0000)
[DEBUG d>=2] k=3 (idx=4 in order) at (9, 5) — 5 candidates, lookahead=1
    left(agent3)                                        value=-Inf
    right(agent3)                                       value=-Inf
    wait(agent3)                                        value=-Inf
    up(agent3)                                          value=-Inf
    down(agent3)                                        value=-Inf
        chosen: FALLBACK  (best_value=-Inf)
[DEBUG d>=2] k=1 (idx=5 in order) at (2, 10) — 3 candidates, lookahead=1
  * right(agent1)                                       value=0.0000
    wait(agent1)                                        value=0.0000
    down(agent1)                                        value=0.0000
        chosen: right(agent1)  (best_value=0.0000)
[DEBUG d>=2] k=8 (idx=6 in order) at (14, 2) — 3 candidates, lookahead=1
  * collect1(agent8, well1)                             value=-25.0000
    wait(agent8)                                        value=-26.0000
    down(agent8)                                        value=-27.0000
        chosen: collect1(agent8, well1)  (best_value=-25.0000)
[DEBUG d>=2] k=5 (idx=7 in order) at (6, 9) — 4 candidates, lookahead=1
    left(agent5)                                        value=-Inf
    wait(agent5)                                        value=-Inf
    up(agent5)                                          value=-Inf
    down(agent5)                                        value=-Inf
        chosen: FALLBACK  (best_value=-Inf)
[DEBUG d>=2] k=6 (idx=8 in order) at (11, 5) — 4 candidates, lookahead=1
    left(agent6)                                        value=-Inf
    wait(agent6)                                        value=-Inf
    up(agent6)                                          value=-Inf
    down(agent6)                                        value=-Inf
        chosen: FALLBACK  (best_value=-Inf)
[DEBUG d>=2] k=4 (idx=2 in order) at (6, 10) — 5 candidates, lookahead=1
  * left(agent4)                                        value=-6.0000
    right(agent4)                                       value=-8.0000
    wait(agent4)                                        value=-7.0000
    up(agent4)                                          value=-6.0000
    down(agent4)                                        value=-6.0000
        chosen: left(agent4)  (best_value=-6.0000)
[DEBUG d>=2] k=2 (idx=3 in order) at (2, 9) — 4 candidates, lookahead=1
  * right(agent2)                                       value=0.0000
    wait(agent2)                                        value=0.0000
    up(agent2)                                          value=0.0000
    down(agent2)                                        value=0.0000
        chosen: right(agent2)  (best_value=0.0000)
[DEBUG d>=2] k=3 (idx=4 in order) at (9, 5) — 5 candidates, lookahead=1
    left(agent3)                                        value=-Inf
    right(agent3)                                       value=-Inf
    wait(agent3)                                        value=-Inf
    up(agent3)                                          value=-Inf
    down(agent3)                                        value=-Inf
        chosen: FALLBACK  (best_value=-Inf)
[DEBUG d>=2] k=1 (idx=5 in order) at (3, 10) — 4 candidates, lookahead=1
  * right(agent1)                                       value=0.0000
    wait(agent1)                                        value=0.0000
    up(agent1)                                          value=0.0000
    down(agent1)                                        value=0.0000
        chosen: right(agent1)  (best_value=0.0000)
[DEBUG d>=2] k=5 (idx=7 in order) at (6, 8) — 5 candidates, lookahead=1
    left(agent5)                                        value=-Inf
    right(agent5)                                       value=-Inf
    wait(agent5)                                        value=-Inf
    up(agent5)                                          value=-Inf
    down(agent5)                                        value=-Inf
        chosen: FALLBACK  (best_value=-Inf)
[DEBUG d>=2] k=6 (idx=8 in order) at (11, 4) — 4 candidates, lookahead=1
    left(agent6)                                        value=-Inf
    wait(agent6)                                        value=-Inf
    up(agent6)                                          value=-Inf
    down(agent6)                                        value=-Inf
        chosen: FALLBACK  (best_value=-Inf)
[DEBUG d>=2] k=7 (idx=1 in order) at (13, 2) — 2 candidates, lookahead=1
    wait(agent7)                                        value=-22.0000
  * down(agent7)                                        value=-20.0000
        chosen: down(agent7)  (best_value=-20.0000)
[DEBUG d>=2] k=4 (idx=2 in order) at (5, 10) — 4 candidates, lookahead=1
    right(agent4)                                       value=-6.0000
  * wait(agent4)                                        value=-4.0000
    up(agent4)                                          value=-4.0000
    down(agent4)                                        value=-5.0000
        chosen: wait(agent4)  (best_value=-4.0000)
[DEBUG d>=2] k=2 (idx=3 in order) at (3, 9) — 5 candidates, lookahead=1
  * left(agent2)                                        value=0.0000
    right(agent2)                                       value=0.0000
    wait(agent2)                                        value=0.0000
    up(agent2)                                          value=0.0000
    down(agent2)                                        value=0.0000
        chosen: left(agent2)  (best_value=0.0000)
[DEBUG d>=2] k=3 (idx=4 in order) at (8, 5) — 5 candidates, lookahead=1
    left(agent3)                                        value=-Inf
    right(agent3)                                       value=-Inf
    wait(agent3)                                        value=-Inf
    up(agent3)                                          value=-Inf
    down(agent3)                                        value=-Inf
        chosen: FALLBACK  (best_value=-Inf)
[DEBUG d>=2] k=1 (idx=5 in order) at (4, 10) — 4 candidates, lookahead=1
  * left(agent1)                                        value=0.0000
    right(agent1)                                       value=0.0000
    wait(agent1)                                        value=0.0000
    down(agent1)                                        value=0.0000
        chosen: left(agent1)  (best_value=0.0000)
[DEBUG d>=2] k=5 (idx=7 in order) at (5, 8) — 4 candidates, lookahead=1
    left(agent5)                                        value=-Inf
    right(agent5)                                       value=-Inf
    wait(agent5)                                        value=-Inf
    up(agent5)                                          value=-Inf
        chosen: FALLBACK  (best_value=-Inf)
[DEBUG d>=2] k=6 (idx=8 in order) at (11, 3) — 4 candidates, lookahead=1
    left(agent6)                                        value=-Inf
    wait(agent6)                                        value=-Inf
    up(agent6)                                          value=-Inf
    down(agent6)                                        value=-Inf
        chosen: FALLBACK  (best_value=-Inf)
[DEBUG d>=2] k=7 (idx=1 in order) at (13, 3) — 4 candidates, lookahead=1
    right(agent7)                                       value=-22.0000
    wait(agent7)                                        value=-21.0000
    up(agent7)                                          value=-21.0000
  * down(agent7)                                        value=-20.0000
        chosen: down(agent7)  (best_value=-20.0000)
[DEBUG d>=2] k=4 (idx=2 in order) at (5, 10) — 5 candidates, lookahead=1
  * left(agent4)                                        value=-3.0000
    right(agent4)                                       value=-6.0000
    wait(agent4)                                        value=-5.0000
    up(agent4)                                          value=-5.0000
    down(agent4)                                        value=-5.0000
        chosen: left(agent4)  (best_value=-3.0000)
[DEBUG d>=2] k=2 (idx=3 in order) at (2, 9) — 4 candidates, lookahead=1
  * right(agent2)                                       value=0.0000
    wait(agent2)                                        value=0.0000
    up(agent2)                                          value=0.0000
    down(agent2)                                        value=0.0000
        chosen: right(agent2)  (best_value=0.0000)
[DEBUG d>=2] k=3 (idx=4 in order) at (8, 6) — 5 candidates, lookahead=1
    left(agent3)                                        value=-Inf
    right(agent3)                                       value=-Inf
    wait(agent3)                                        value=-Inf
    up(agent3)                                          value=-Inf
    down(agent3)                                        value=-Inf
        chosen: FALLBACK  (best_value=-Inf)
[DEBUG d>=2] k=1 (idx=5 in order) at (3, 10) — 4 candidates, lookahead=1
  * left(agent1)                                        value=0.0000
    right(agent1)                                       value=0.0000
    wait(agent1)                                        value=0.0000
    down(agent1)                                        value=0.0000
        chosen: left(agent1)  (best_value=0.0000)
[DEBUG d>=2] k=8 (idx=6 in order) at (14, 2) — 3 candidates, lookahead=1
    left(agent8)                                        value=-24.0000
    wait(agent8)                                        value=-23.0000
  * down(agent8)                                        value=-22.0000
        chosen: down(agent8)  (best_value=-22.0000)
[DEBUG d>=2] k=5 (idx=7 in order) at (5, 8) — 4 candidates, lookahead=1
    left(agent5)                                        value=-Inf
    right(agent5)                                       value=-Inf
    wait(agent5)                                        value=-Inf
    up(agent5)                                          value=-Inf
        chosen: FALLBACK  (best_value=-Inf)
[DEBUG d>=2] k=6 (idx=8 in order) at (11, 2) — 4 candidates, lookahead=1
    left(agent6)                                        value=-Inf
    wait(agent6)                                        value=-Inf
    up(agent6)                                          value=-Inf
    down(agent6)                                        value=-Inf
        chosen: FALLBACK  (best_value=-Inf)
[DEBUG d>=2] k=7 (idx=1 in order) at (13, 4) — 4 candidates, lookahead=1
    right(agent7)                                       value=-21.0000
    wait(agent7)                                        value=-20.0000
    up(agent7)                                          value=-21.0000
  * down(agent7)                                        value=-18.0000
        chosen: down(agent7)  (best_value=-18.0000)
[DEBUG d>=2] k=4 (idx=2 in order) at (4, 10) — 5 candidates, lookahead=1
    left(agent4)                                        value=-4.0000
    right(agent4)                                       value=-4.0000
    wait(agent4)                                        value=-4.0000
  * up(agent4)                                          value=-3.0000
    down(agent4)                                        value=-4.0000
        chosen: up(agent4)  (best_value=-3.0000)
[DEBUG d>=2] k=2 (idx=3 in order) at (3, 9) — 4 candidates, lookahead=1
  * left(agent2)                                        value=0.0000
    right(agent2)                                       value=0.0000
    wait(agent2)                                        value=0.0000
    up(agent2)                                          value=0.0000
        chosen: left(agent2)  (best_value=0.0000)
[DEBUG d>=2] k=3 (idx=4 in order) at (8, 7) — 5 candidates, lookahead=1
    left(agent3)                                        value=-Inf
    right(agent3)                                       value=-Inf
    wait(agent3)                                        value=-Inf
    up(agent3)                                          value=-Inf
    down(agent3)                                        value=-Inf
        chosen: FALLBACK  (best_value=-Inf)
[DEBUG d>=2] k=1 (idx=5 in order) at (2, 10) — 3 candidates, lookahead=1
  * wait(agent1)                                        value=0.0000
    up(agent1)                                          value=0.0000
    down(agent1)                                        value=0.0000
        chosen: wait(agent1)  (best_value=0.0000)
[DEBUG d>=2] k=8 (idx=6 in order) at (14, 3) — 4 candidates, lookahead=1
    left(agent8)                                        value=-23.0000
    wait(agent8)                                        value=-22.0000
    up(agent8)                                          value=-23.0000
  * down(agent8)                                        value=-20.0000
        chosen: down(agent8)  (best_value=-20.0000)
[DEBUG d>=2] k=5 (idx=7 in order) at (5, 7) — 5 candidates, lookahead=1
    left(agent5)                                        value=-Inf
    right(agent5)                                       value=-Inf
    wait(agent5)                                        value=-Inf
    up(agent5)                                          value=-Inf
    down(agent5)                                        value=-Inf
        chosen: FALLBACK  (best_value=-Inf)
[DEBUG d>=2] k=6 (idx=8 in order) at (11, 1) — 3 candidates, lookahead=1
    left(agent6)                                        value=-Inf
    wait(agent6)                                        value=-Inf
    down(agent6)                                        value=-Inf
        chosen: FALLBACK  (best_value=-Inf)
[DEBUG d>=2] k=7 (idx=1 in order) at (13, 5) — 4 candidates, lookahead=1
    right(agent7)                                       value=-20.0000
    wait(agent7)                                        value=-19.0000
  * up(agent7)                                          value=-18.0000
    down(agent7)                                        value=-18.0000
        chosen: up(agent7)  (best_value=-18.0000)
[DEBUG d>=2] k=4 (idx=2 in order) at (4, 9) — 5 candidates, lookahead=1
  * left(agent4)                                        value=-2.0000
    right(agent4)                                       value=-5.0000
    wait(agent4)                                        value=-4.0000
    up(agent4)                                          value=-4.0000
    down(agent4)                                        value=-5.0000
        chosen: left(agent4)  (best_value=-2.0000)
[DEBUG d>=2] k=2 (idx=3 in order) at (2, 9) — 3 candidates, lookahead=1
  * right(agent2)                                       value=0.0000
    wait(agent2)                                        value=0.0000
    up(agent2)                                          value=0.0000
        chosen: right(agent2)  (best_value=0.0000)
[DEBUG d>=2] k=3 (idx=4 in order) at (9, 7) — 5 candidates, lookahead=1
    left(agent3)                                        value=-Inf
    right(agent3)                                       value=-Inf
    wait(agent3)                                        value=-Inf
    up(agent3)                                          value=-Inf
    down(agent3)                                        value=-Inf
        chosen: FALLBACK  (best_value=-Inf)
[DEBUG d>=2] k=1 (idx=5 in order) at (2, 10) — 4 candidates, lookahead=1
  * right(agent1)                                       value=0.0000
    wait(agent1)                                        value=0.0000
    up(agent1)                                          value=0.0000
    down(agent1)                                        value=0.0000
        chosen: right(agent1)  (best_value=0.0000)
[DEBUG d>=2] k=8 (idx=6 in order) at (14, 4) — 4 candidates, lookahead=1
    left(agent8)                                        value=-20.0000
    wait(agent8)                                        value=-19.0000
    up(agent8)                                          value=-21.0000
  * down(agent8)                                        value=-18.0000
        chosen: down(agent8)  (best_value=-18.0000)
[DEBUG d>=2] k=5 (idx=7 in order) at (5, 6) — 5 candidates, lookahead=1
    left(agent5)                                        value=-Inf
    right(agent5)                                       value=-Inf
    wait(agent5)                                        value=-Inf
    up(agent5)                                          value=-Inf
    down(agent5)                                        value=-Inf
        chosen: FALLBACK  (best_value=-Inf)
[DEBUG d>=2] k=6 (idx=8 in order) at (11, 2) — 4 candidates, lookahead=1
    left(agent6)                                        value=-Inf
    wait(agent6)                                        value=-Inf
    up(agent6)                                          value=-Inf
    down(agent6)                                        value=-Inf
        chosen: FALLBACK  (best_value=-Inf)
[DEBUG d>=2] k=7 (idx=1 in order) at (13, 4) — 4 candidates, lookahead=1
    right(agent7)                                       value=-21.0000
    wait(agent7)                                        value=-20.0000
    up(agent7)                                          value=-23.0000
  * down(agent7)                                        value=-17.0000
        chosen: down(agent7)  (best_value=-17.0000)
[DEBUG d>=2] k=4 (idx=2 in order) at (3, 9) — 3 candidates, lookahead=1
  * right(agent4)                                       value=-3.0000
    wait(agent4)                                        value=-3.0000
    up(agent4)                                          value=-3.0000
        chosen: right(agent4)  (best_value=-3.0000)
[DEBUG d>=2] k=2 (idx=3 in order) at (2, 9) — 4 candidates, lookahead=1
  * right(agent2)                                       value=0.0000
    wait(agent2)                                        value=0.0000
    up(agent2)                                          value=0.0000
    down(agent2)                                        value=0.0000
        chosen: right(agent2)  (best_value=0.0000)
[DEBUG d>=2] k=3 (idx=4 in order) at (10, 7) — 5 candidates, lookahead=1
    left(agent3)                                        value=-Inf
    right(agent3)                                       value=-Inf
    wait(agent3)                                        value=-Inf
    up(agent3)                                          value=-Inf
    down(agent3)                                        value=-Inf
        chosen: FALLBACK  (best_value=-Inf)
[DEBUG d>=2] k=1 (idx=5 in order) at (3, 10) — 5 candidates, lookahead=1
  * left(agent1)                                        value=0.0000
    right(agent1)                                       value=0.0000
    wait(agent1)                                        value=0.0000
    up(agent1)                                          value=0.0000
    down(agent1)                                        value=0.0000
        chosen: left(agent1)  (best_value=0.0000)
[DEBUG d>=2] k=8 (idx=6 in order) at (14, 5) — 3 candidates, lookahead=1
    wait(agent8)                                        value=-20.0000
    up(agent8)                                          value=-21.0000
  * down(agent8)                                        value=-18.0000
        chosen: down(agent8)  (best_value=-18.0000)
[DEBUG d>=2] k=5 (idx=7 in order) at (5, 6) — 5 candidates, lookahead=1
    left(agent5)                                        value=-Inf
    right(agent5)                                       value=-Inf
    wait(agent5)                                        value=-Inf
    up(agent5)                                          value=-Inf
    down(agent5)                                        value=-Inf
        chosen: FALLBACK  (best_value=-Inf)
[DEBUG d>=2] k=6 (idx=8 in order) at (10, 2) — 5 candidates, lookahead=1
    left(agent6)                                        value=-Inf
    right(agent6)                                       value=-Inf
    wait(agent6)                                        value=-Inf
    up(agent6)                                          value=-Inf
    down(agent6)                                        value=-Inf
        chosen: FALLBACK  (best_value=-Inf)
[DEBUG d>=2] k=7 (idx=1 in order) at (13, 5) — 4 candidates, lookahead=1
    right(agent7)                                       value=-20.0000
    wait(agent7)                                        value=-20.0000
    up(agent7)                                          value=-20.0000
  * down(agent7)                                        value=-16.0000
        chosen: down(agent7)  (best_value=-16.0000)
[DEBUG d>=2] k=4 (idx=2 in order) at (4, 9) — 4 candidates, lookahead=1
    right(agent4)                                       value=-5.0000
  * wait(agent4)                                        value=-3.0000
    up(agent4)                                          value=-3.0000
    down(agent4)                                        value=-5.0000
        chosen: wait(agent4)  (best_value=-3.0000)
[DEBUG d>=2] k=2 (idx=3 in order) at (3, 9) — 5 candidates, lookahead=1
  * left(agent2)                                        value=0.0000
    right(agent2)                                       value=0.0000
    wait(agent2)                                        value=0.0000
    up(agent2)                                          value=0.0000
    down(agent2)                                        value=0.0000
        chosen: left(agent2)  (best_value=0.0000)
[DEBUG d>=2] k=3 (idx=4 in order) at (10, 6) — 5 candidates, lookahead=1
    left(agent3)                                        value=-Inf
    right(agent3)                                       value=-Inf
    wait(agent3)                                        value=-Inf
    up(agent3)                                          value=-Inf
    down(agent3)                                        value=-Inf
        chosen: FALLBACK  (best_value=-Inf)
[DEBUG d>=2] k=1 (idx=5 in order) at (2, 10) — 4 candidates, lookahead=1
  * right(agent1)                                       value=0.0000
    wait(agent1)                                        value=0.0000
    up(agent1)                                          value=0.0000
    down(agent1)                                        value=0.0000
        chosen: right(agent1)  (best_value=0.0000)
[DEBUG d>=2] k=8 (idx=6 in order) at (14, 6) — 3 candidates, lookahead=1
  * wait(agent8)                                        value=-17.0000
    up(agent8)                                          value=-20.0000
    down(agent8)                                        value=-17.0000
        chosen: wait(agent8)  (best_value=-17.0000)
[DEBUG d>=2] k=5 (idx=7 in order) at (5, 6) — 5 candidates, lookahead=1
    left(agent5)                                        value=-Inf
    right(agent5)                                       value=-Inf
    wait(agent5)                                        value=-Inf
    up(agent5)                                          value=-Inf
    down(agent5)                                        value=-Inf
        chosen: FALLBACK  (best_value=-Inf)
[DEBUG d>=2] k=6 (idx=8 in order) at (10, 2) — 5 candidates, lookahead=1
    left(agent6)                                        value=-Inf
    right(agent6)                                       value=-Inf
    wait(agent6)                                        value=-Inf
    up(agent6)                                          value=-Inf
    down(agent6)                                        value=-Inf
        chosen: FALLBACK  (best_value=-Inf)
[DEBUG d>=2] k=7 (idx=1 in order) at (13, 6) — 3 candidates, lookahead=1
    wait(agent7)                                        value=-16.0000
    up(agent7)                                          value=-21.0000
  * down(agent7)                                        value=-15.0000
        chosen: down(agent7)  (best_value=-15.0000)
[DEBUG d>=2] k=4 (idx=2 in order) at (4, 9) — 5 candidates, lookahead=1
  * left(agent4)                                        value=-2.0000
    right(agent4)                                       value=-4.0000
    wait(agent4)                                        value=-4.0000
    up(agent4)                                          value=-3.0000
    down(agent4)                                        value=-4.0000
        chosen: left(agent4)  (best_value=-2.0000)
[DEBUG d>=2] k=2 (idx=3 in order) at (2, 9) — 3 candidates, lookahead=1
  * wait(agent2)                                        value=0.0000
    up(agent2)                                          value=0.0000
    down(agent2)                                        value=0.0000
        chosen: wait(agent2)  (best_value=0.0000)
[DEBUG d>=2] k=3 (idx=4 in order) at (10, 5) — 5 candidates, lookahead=1
    left(agent3)                                        value=-Inf
    right(agent3)                                       value=-Inf
    wait(agent3)                                        value=-Inf
    up(agent3)                                          value=-Inf
    down(agent3)                                        value=-Inf
        chosen: FALLBACK  (best_value=-Inf)
[DEBUG d>=2] k=1 (idx=5 in order) at (3, 10) — 3 candidates, lookahead=1
  * right(agent1)                                       value=0.0000
    wait(agent1)                                        value=0.0000
    down(agent1)                                        value=0.0000
        chosen: right(agent1)  (best_value=0.0000)
[DEBUG d>=2] k=8 (idx=6 in order) at (14, 6) — 4 candidates, lookahead=1
  * left(agent8)                                        value=-18.0000
    wait(agent8)                                        value=-19.0000
    up(agent8)                                          value=-18.0000
    down(agent8)                                        value=-18.0000
        chosen: left(agent8)  (best_value=-18.0000)
[DEBUG d>=2] k=5 (idx=7 in order) at (4, 6) — 5 candidates, lookahead=1
    left(agent5)                                        value=-Inf
    right(agent5)                                       value=-Inf
    wait(agent5)                                        value=-Inf
    up(agent5)                                          value=-Inf
    down(agent5)                                        value=-Inf
        chosen: FALLBACK  (best_value=-Inf)
[DEBUG d>=2] k=6 (idx=8 in order) at (10, 1) — 4 candidates, lookahead=1
    left(agent6)                                        value=-Inf
    right(agent6)                                       value=-Inf
    wait(agent6)                                        value=-Inf
    down(agent6)                                        value=-Inf
        chosen: FALLBACK  (best_value=-Inf)
[DEBUG d>=2] k=7 (idx=1 in order) at (13, 7) — 3 candidates, lookahead=1
    right(agent7)                                       value=-16.0000
    wait(agent7)                                        value=-16.0000
  * down(agent7)                                        value=-14.0000
        chosen: down(agent7)  (best_value=-14.0000)
[DEBUG d>=2] k=4 (idx=2 in order) at (3, 9) — 4 candidates, lookahead=1
    right(agent4)                                       value=-3.0000
  * wait(agent4)                                        value=-2.0000
    up(agent4)                                          value=-2.0000
    down(agent4)                                        value=-2.0000
        chosen: wait(agent4)  (best_value=-2.0000)
[DEBUG d>=2] k=2 (idx=3 in order) at (2, 9) — 4 candidates, lookahead=1
  * right(agent2)                                       value=0.0000
    wait(agent2)                                        value=0.0000
    up(agent2)                                          value=0.0000
    down(agent2)                                        value=0.0000
        chosen: right(agent2)  (best_value=0.0000)
[DEBUG d>=2] k=3 (idx=4 in order) at (9, 5) — 5 candidates, lookahead=1
    left(agent3)                                        value=-46.0000
  * right(agent3)                                       value=-42.0000
    wait(agent3)                                        value=-43.0000
    up(agent3)                                          value=-43.0000
    down(agent3)                                        value=-45.0000
        chosen: right(agent3)  (best_value=-42.0000)
[DEBUG d>=2] k=1 (idx=5 in order) at (4, 10) — 5 candidates, lookahead=1
  * left(agent1)                                        value=0.0000
    right(agent1)                                       value=0.0000
    wait(agent1)                                        value=0.0000
    up(agent1)                                          value=0.0000
    down(agent1)                                        value=0.0000
        chosen: left(agent1)  (best_value=0.0000)
[DEBUG d>=2] k=8 (idx=6 in order) at (13, 6) — 4 candidates, lookahead=1
    right(agent8)                                       value=-19.0000
    wait(agent8)                                        value=-19.0000
    up(agent8)                                          value=-20.0000
  * down(agent8)                                        value=-18.0000
        chosen: down(agent8)  (best_value=-18.0000)
[DEBUG d>=2] k=5 (idx=7 in order) at (3, 6) — 5 candidates, lookahead=1
  * left(agent5)                                        value=-49.0000
    right(agent5)                                       value=-50.0000
    wait(agent5)                                        value=-49.0000
    up(agent5)                                          value=-50.0000
    down(agent5)                                        value=-50.0000
        chosen: left(agent5)  (best_value=-49.0000)
[DEBUG d>=2] k=6 (idx=8 in order) at (9, 1) — 4 candidates, lookahead=1
    left(agent6)                                        value=-48.0000
    right(agent6)                                       value=-48.0000
    wait(agent6)                                        value=-48.0000
  * down(agent6)                                        value=-47.0000
        chosen: down(agent6)  (best_value=-47.0000)
[DEBUG d>=2] k=7 (idx=1 in order) at (13, 8) — 3 candidates, lookahead=1
    right(agent7)                                       value=-16.0000
  * wait(agent7)                                        value=-14.0000
    down(agent7)                                        value=-15.0000
        chosen: wait(agent7)  (best_value=-14.0000)
[DEBUG d>=2] k=4 (idx=2 in order) at (3, 9) — 3 candidates, lookahead=1
  * right(agent4)                                       value=-3.0000
    wait(agent4)                                        value=-3.0000
    up(agent4)                                          value=-3.0000
        chosen: right(agent4)  (best_value=-3.0000)
[DEBUG d>=2] k=2 (idx=3 in order) at (2, 9) — 4 candidates, lookahead=1
  * right(agent2)                                       value=0.0000
    wait(agent2)                                        value=0.0000
    up(agent2)                                          value=0.0000
    down(agent2)                                        value=0.0000
        chosen: right(agent2)  (best_value=0.0000)
[DEBUG d>=2] k=3 (idx=4 in order) at (10, 5) — 5 candidates, lookahead=1
    left(agent3)                                        value=-44.0000
    right(agent3)                                       value=-43.0000
  * wait(agent3)                                        value=-42.0000
    up(agent3)                                          value=-45.0000
    down(agent3)                                        value=-44.0000
        chosen: wait(agent3)  (best_value=-42.0000)
[DEBUG d>=2] k=1 (idx=5 in order) at (3, 10) — 4 candidates, lookahead=1
  * left(agent1)                                        value=0.0000
    right(agent1)                                       value=0.0000
    wait(agent1)                                        value=0.0000
    down(agent1)                                        value=0.0000
        chosen: left(agent1)  (best_value=0.0000)
[DEBUG d>=2] k=8 (idx=6 in order) at (13, 7) — 4 candidates, lookahead=1
  * right(agent8)                                       value=-16.0000
    wait(agent8)                                        value=-19.0000
    up(agent8)                                          value=-18.0000
    down(agent8)                                        value=-16.0000
        chosen: right(agent8)  (best_value=-16.0000)
[DEBUG d>=2] k=5 (idx=7 in order) at (2, 6) — 4 candidates, lookahead=1
    right(agent5)                                       value=-51.0000
  * wait(agent5)                                        value=-48.0000
    up(agent5)                                          value=-50.0000
    down(agent5)                                        value=-51.0000
        chosen: wait(agent5)  (best_value=-48.0000)
[DEBUG d>=2] k=6 (idx=8 in order) at (9, 2) — 5 candidates, lookahead=1
    left(agent6)                                        value=-49.0000
  * right(agent6)                                       value=-45.0000
    wait(agent6)                                        value=-46.0000
    up(agent6)                                          value=-50.0000
    down(agent6)                                        value=-46.0000
        chosen: right(agent6)  (best_value=-45.0000)
[DEBUG d>=2] k=7 (idx=1 in order) at (13, 8) — 4 candidates, lookahead=1
    right(agent7)                                       value=-17.0000
  * wait(agent7)                                        value=-14.0000
    up(agent7)                                          value=-15.0000
    down(agent7)                                        value=-15.0000
        chosen: wait(agent7)  (best_value=-14.0000)
[DEBUG d>=2] k=4 (idx=2 in order) at (4, 9) — 4 candidates, lookahead=1
    right(agent4)                                       value=-4.0000
  * wait(agent4)                                        value=-3.0000
    up(agent4)                                          value=-5.0000
    down(agent4)                                        value=-5.0000
        chosen: wait(agent4)  (best_value=-3.0000)
[DEBUG d>=2] k=2 (idx=3 in order) at (3, 9) — 5 candidates, lookahead=1
  * left(agent2)                                        value=0.0000
    right(agent2)                                       value=0.0000
    wait(agent2)                                        value=0.0000
    up(agent2)                                          value=0.0000
    down(agent2)                                        value=0.0000
        chosen: left(agent2)  (best_value=0.0000)
[DEBUG d>=2] k=3 (idx=4 in order) at (10, 5) — 5 candidates, lookahead=1
    left(agent3)                                        value=-Inf
    right(agent3)                                       value=-Inf
    wait(agent3)                                        value=-Inf
    up(agent3)                                          value=-Inf
    down(agent3)                                        value=-Inf
        chosen: FALLBACK  (best_value=-Inf)
[DEBUG d>=2] k=1 (idx=5 in order) at (2, 10) — 3 candidates, lookahead=1
  * wait(agent1)                                        value=0.0000
    up(agent1)                                          value=0.0000
    down(agent1)                                        value=0.0000
        chosen: wait(agent1)  (best_value=0.0000)
[DEBUG d>=2] k=8 (idx=6 in order) at (14, 7) — 4 candidates, lookahead=1
    left(agent8)                                        value=-18.0000
    wait(agent8)                                        value=-18.0000
    up(agent8)                                          value=-19.0000
  * down(agent8)                                        value=-16.0000
        chosen: down(agent8)  (best_value=-16.0000)
[DEBUG d>=2] k=5 (idx=7 in order) at (2, 6) — 4 candidates, lookahead=1
    right(agent5)                                       value=-Inf
    wait(agent5)                                        value=-Inf
    up(agent5)                                          value=-Inf
    down(agent5)                                        value=-Inf
        chosen: FALLBACK  (best_value=-Inf)
[DEBUG d>=2] k=6 (idx=8 in order) at (10, 2) — 5 candidates, lookahead=1
    left(agent6)                                        value=-Inf
    right(agent6)                                       value=-Inf
    wait(agent6)                                        value=-Inf
    up(agent6)                                          value=-Inf
    down(agent6)                                        value=-Inf
        chosen: FALLBACK  (best_value=-Inf)
[DEBUG d>=2] k=7 (idx=1 in order) at (13, 8) — 3 candidates, lookahead=1
    wait(agent7)                                        value=-16.0000
    up(agent7)                                          value=-15.0000
  * down(agent7)                                        value=-13.0000
        chosen: down(agent7)  (best_value=-13.0000)
[DEBUG d>=2] k=4 (idx=2 in order) at (4, 9) — 5 candidates, lookahead=1
  * left(agent4)                                        value=-3.0000
    right(agent4)                                       value=-5.0000
    wait(agent4)                                        value=-3.0000
    up(agent4)                                          value=-3.0000
    down(agent4)                                        value=-3.0000
        chosen: left(agent4)  (best_value=-3.0000)
[DEBUG d>=2] k=2 (idx=3 in order) at (2, 9) — 3 candidates, lookahead=1
  * right(agent2)                                       value=0.0000
    wait(agent2)                                        value=0.0000
    up(agent2)                                          value=0.0000
        chosen: right(agent2)  (best_value=0.0000)
[DEBUG d>=2] k=3 (idx=4 in order) at (10, 6) — 5 candidates, lookahead=1
    left(agent3)                                        value=-Inf
    right(agent3)                                       value=-Inf
    wait(agent3)                                        value=-Inf
    up(agent3)                                          value=-Inf
    down(agent3)                                        value=-Inf
        chosen: FALLBACK  (best_value=-Inf)
[DEBUG d>=2] k=1 (idx=5 in order) at (2, 10) — 4 candidates, lookahead=1
  * right(agent1)                                       value=0.0000
    wait(agent1)                                        value=0.0000
    up(agent1)                                          value=0.0000
    down(agent1)                                        value=0.0000
        chosen: right(agent1)  (best_value=0.0000)
[DEBUG d>=2] k=8 (idx=6 in order) at (14, 8) — 4 candidates, lookahead=1
    left(agent8)                                        value=-16.0000
    wait(agent8)                                        value=-16.0000
    up(agent8)                                          value=-18.0000
  * down(agent8)                                        value=-15.0000
        chosen: down(agent8)  (best_value=-15.0000)
[DEBUG d>=2] k=5 (idx=7 in order) at (3, 6) — 5 candidates, lookahead=1
    left(agent5)                                        value=-Inf
    right(agent5)                                       value=-Inf
    wait(agent5)                                        value=-Inf
    up(agent5)                                          value=-Inf
    down(agent5)                                        value=-Inf
        chosen: FALLBACK  (best_value=-Inf)
[DEBUG d>=2] k=6 (idx=8 in order) at (10, 1) — 4 candidates, lookahead=1
    left(agent6)                                        value=-Inf
    right(agent6)                                       value=-Inf
    wait(agent6)                                        value=-Inf
    down(agent6)                                        value=-Inf
        chosen: FALLBACK  (best_value=-Inf)
[DEBUG d>=2] k=7 (idx=1 in order) at (13, 9) — 3 candidates, lookahead=1
    wait(agent7)                                        value=-15.0000
    up(agent7)                                          value=-18.0000
  * down(agent7)                                        value=-13.0000
        chosen: down(agent7)  (best_value=-13.0000)
[DEBUG d>=2] k=4 (idx=2 in order) at (3, 9) — 3 candidates, lookahead=1
    right(agent4)                                       value=-4.0000
  * wait(agent4)                                        value=-2.0000
    up(agent4)                                          value=-2.0000
        chosen: wait(agent4)  (best_value=-2.0000)
[DEBUG d>=2] k=2 (idx=3 in order) at (2, 9) — 4 candidates, lookahead=1
  * right(agent2)                                       value=0.0000
    wait(agent2)                                        value=0.0000
    up(agent2)                                          value=0.0000
    down(agent2)                                        value=0.0000
        chosen: right(agent2)  (best_value=0.0000)
[DEBUG d>=2] k=3 (idx=4 in order) at (10, 6) — 5 candidates, lookahead=1
    left(agent3)                                        value=-Inf
    right(agent3)                                       value=-Inf
    wait(agent3)                                        value=-Inf
    up(agent3)                                          value=-Inf
    down(agent3)                                        value=-Inf
        chosen: FALLBACK  (best_value=-Inf)
[DEBUG d>=2] k=1 (idx=5 in order) at (3, 10) — 5 candidates, lookahead=1
  * left(agent1)                                        value=0.0000
    right(agent1)                                       value=0.0000
    wait(agent1)                                        value=0.0000
    up(agent1)                                          value=0.0000
    down(agent1)                                        value=0.0000
        chosen: left(agent1)  (best_value=0.0000)
[DEBUG d>=2] k=8 (idx=6 in order) at (14, 9) — 4 candidates, lookahead=1
    left(agent8)                                        value=-17.0000
    wait(agent8)                                        value=-16.0000
    up(agent8)                                          value=-17.0000
  * down(agent8)                                        value=-15.0000
        chosen: down(agent8)  (best_value=-15.0000)
[DEBUG d>=2] k=5 (idx=7 in order) at (3, 6) — 5 candidates, lookahead=1
    left(agent5)                                        value=-Inf
    right(agent5)                                       value=-Inf
    wait(agent5)                                        value=-Inf
    up(agent5)                                          value=-Inf
    down(agent5)                                        value=-Inf
        chosen: FALLBACK  (best_value=-Inf)
[DEBUG d>=2] k=6 (idx=8 in order) at (9, 1) — 4 candidates, lookahead=1
    left(agent6)                                        value=-Inf
    right(agent6)                                       value=-Inf
    wait(agent6)                                        value=-Inf
    down(agent6)                                        value=-Inf
        chosen: FALLBACK  (best_value=-Inf)
[DEBUG d>=2] k=7 (idx=1 in order) at (13, 10) — 4 candidates, lookahead=1
  * left(agent7)                                        value=-13.0000
    wait(agent7)                                        value=-14.0000
    up(agent7)                                          value=-17.0000
    down(agent7)                                        value=-13.0000
        chosen: left(agent7)  (best_value=-13.0000)
[DEBUG d>=2] k=4 (idx=2 in order) at (3, 9) — 4 candidates, lookahead=1
    right(agent4)                                       value=-4.0000
  * wait(agent4)                                        value=-2.0000
    up(agent4)                                          value=-2.0000
    down(agent4)                                        value=-2.0000
        chosen: wait(agent4)  (best_value=-2.0000)
[DEBUG d>=2] k=2 (idx=3 in order) at (2, 9) — 3 candidates, lookahead=1
  * right(agent2)                                       value=0.0000
    wait(agent2)                                        value=0.0000
    up(agent2)                                          value=0.0000
        chosen: right(agent2)  (best_value=0.0000)
[DEBUG d>=2] k=3 (idx=4 in order) at (10, 6) — 5 candidates, lookahead=1
    left(agent3)                                        value=-49.0000
  * right(agent3)                                       value=-43.0000
    wait(agent3)                                        value=-44.0000
    up(agent3)                                          value=-49.0000
    down(agent3)                                        value=-47.0000
        chosen: right(agent3)  (best_value=-43.0000)
[DEBUG d>=2] k=1 (idx=5 in order) at (2, 10) — 4 candidates, lookahead=1
  * right(agent1)                                       value=0.0000
    wait(agent1)                                        value=0.0000
    up(agent1)                                          value=0.0000
    down(agent1)                                        value=0.0000
        chosen: right(agent1)  (best_value=0.0000)
[DEBUG d>=2] k=8 (idx=6 in order) at (14, 10) — 4 candidates, lookahead=1
  * left(agent8)                                        value=-14.0000
    wait(agent8)                                        value=-14.0000
    up(agent8)                                          value=-16.0000
    down(agent8)                                        value=-16.0000
        chosen: left(agent8)  (best_value=-14.0000)
[DEBUG d>=2] k=5 (idx=7 in order) at (4, 6) — 5 candidates, lookahead=1
    left(agent5)                                        value=-49.0000
  * right(agent5)                                       value=-47.0000
    wait(agent5)                                        value=-48.0000
    up(agent5)                                          value=-55.0000
    down(agent5)                                        value=-53.0000
        chosen: right(agent5)  (best_value=-47.0000)
[DEBUG d>=2] k=6 (idx=8 in order) at (9, 1) — 4 candidates, lookahead=1
    left(agent6)                                        value=-55.0000
    right(agent6)                                       value=-53.0000
    wait(agent6)                                        value=-54.0000
  * down(agent6)                                        value=-47.0000
        chosen: down(agent6)  (best_value=-47.0000)
[DEBUG d>=2] k=7 (idx=1 in order) at (12, 10) — 3 candidates, lookahead=1
  * left(agent7)                                        value=-11.0000
    wait(agent7)                                        value=-12.0000
    down(agent7)                                        value=-12.0000
        chosen: left(agent7)  (best_value=-11.0000)
[DEBUG d>=2] k=4 (idx=2 in order) at (3, 9) — 3 candidates, lookahead=1
    right(agent4)                                       value=-3.0000
  * wait(agent4)                                        value=-2.0000
    up(agent4)                                          value=-2.0000
        chosen: wait(agent4)  (best_value=-2.0000)
[DEBUG d>=2] k=2 (idx=3 in order) at (2, 9) — 4 candidates, lookahead=1
  * right(agent2)                                       value=0.0000
    wait(agent2)                                        value=0.0000
    up(agent2)                                          value=0.0000
    down(agent2)                                        value=0.0000
        chosen: right(agent2)  (best_value=0.0000)
[DEBUG d>=2] k=3 (idx=4 in order) at (11, 6) — 4 candidates, lookahead=1
  * left(agent3)                                        value=-42.0000
    wait(agent3)                                        value=-43.0000
    up(agent3)                                          value=-44.0000
    down(agent3)                                        value=-42.0000
        chosen: left(agent3)  (best_value=-42.0000)
[DEBUG d>=2] k=1 (idx=5 in order) at (3, 10) — 4 candidates, lookahead=1
  * left(agent1)                                        value=0.0000
    right(agent1)                                       value=0.0000
    wait(agent1)                                        value=0.0000
    down(agent1)                                        value=0.0000
        chosen: left(agent1)  (best_value=0.0000)
[DEBUG d>=2] k=8 (idx=6 in order) at (13, 10) — 5 candidates, lookahead=1
  * left(agent8)                                        value=-14.0000
    right(agent8)                                       value=-15.0000
    wait(agent8)                                        value=-14.0000
    up(agent8)                                          value=-15.0000
    down(agent8)                                        value=-14.0000
        chosen: left(agent8)  (best_value=-14.0000)
[DEBUG d>=2] k=5 (idx=7 in order) at (5, 6) — 5 candidates, lookahead=1
  * left(agent5)                                        value=-48.0000
    right(agent5)                                       value=-50.0000
    wait(agent5)                                        value=-51.0000
    up(agent5)                                          value=-52.0000
    down(agent5)                                        value=-50.0000
        chosen: left(agent5)  (best_value=-48.0000)
[DEBUG d>=2] k=6 (idx=8 in order) at (9, 2) — 5 candidates, lookahead=1
    left(agent6)                                        value=-52.0000
    right(agent6)                                       value=-50.0000
  * wait(agent6)                                        value=-47.0000
    up(agent6)                                          value=-52.0000
    down(agent6)                                        value=-50.0000
        chosen: wait(agent6)  (best_value=-47.0000)
[DEBUG d>=2] k=7 (idx=1 in order) at (11, 10) — 4 candidates, lookahead=1
  * left(agent7)                                        value=-11.0000
    wait(agent7)                                        value=-12.0000
    up(agent7)                                          value=-13.0000
    down(agent7)                                        value=-11.0000
        chosen: left(agent7)  (best_value=-11.0000)
[DEBUG d>=2] k=4 (idx=2 in order) at (3, 9) — 4 candidates, lookahead=1
    right(agent4)                                       value=-4.0000
    wait(agent4)                                        value=-3.0000
  * up(agent4)                                          value=-2.0000
    down(agent4)                                        value=-3.0000
        chosen: up(agent4)  (best_value=-2.0000)
[DEBUG d>=2] k=2 (idx=3 in order) at (2, 9) — 3 candidates, lookahead=1
  * right(agent2)                                       value=0.0000
    wait(agent2)                                        value=0.0000
    up(agent2)                                          value=0.0000
        chosen: right(agent2)  (best_value=0.0000)
[DEBUG d>=2] k=3 (idx=4 in order) at (10, 6) — 5 candidates, lookahead=1
    left(agent3)                                        value=-43.0000
    right(agent3)                                       value=-47.0000
  * wait(agent3)                                        value=-40.0000
    up(agent3)                                          value=-41.0000
    down(agent3)                                        value=-41.0000
        chosen: wait(agent3)  (best_value=-40.0000)
[DEBUG d>=2] k=1 (idx=5 in order) at (2, 10) — 3 candidates, lookahead=1
  * right(agent1)                                       value=0.0000
    wait(agent1)                                        value=0.0000
    down(agent1)                                        value=0.0000
        chosen: right(agent1)  (best_value=0.0000)
[DEBUG d>=2] k=8 (idx=6 in order) at (12, 10) — 4 candidates, lookahead=1
  * left(agent8)                                        value=-10.0000
    right(agent8)                                       value=-12.0000
    wait(agent8)                                        value=-13.0000
    down(agent8)                                        value=-12.0000
        chosen: left(agent8)  (best_value=-10.0000)
[DEBUG d>=2] k=5 (idx=7 in order) at (4, 6) — 5 candidates, lookahead=1
  * left(agent5)                                        value=-47.0000
    right(agent5)                                       value=-47.0000
    wait(agent5)                                        value=-48.0000
    up(agent5)                                          value=-53.0000
    down(agent5)                                        value=-47.0000
        chosen: left(agent5)  (best_value=-47.0000)
[DEBUG d>=2] k=6 (idx=8 in order) at (9, 2) — 5 candidates, lookahead=1
    left(agent6)                                        value=-48.0000
    right(agent6)                                       value=-52.0000
  * wait(agent6)                                        value=-45.0000
    up(agent6)                                          value=-48.0000
    down(agent6)                                        value=-46.0000
        chosen: wait(agent6)  (best_value=-45.0000)
[DEBUG d>=2] k=7 (idx=1 in order) at (10, 10) — 4 candidates, lookahead=1
  * left(agent7)                                        value=-9.0000
    wait(agent7)                                        value=-11.0000
    up(agent7)                                          value=-10.0000
    down(agent7)                                        value=-10.0000
        chosen: left(agent7)  (best_value=-9.0000)
[DEBUG d>=2] k=4 (idx=2 in order) at (3, 8) — 4 candidates, lookahead=1
  * left(agent4)                                        value=-1.0000
    right(agent4)                                       value=-4.0000
    wait(agent4)                                        value=-2.0000
    up(agent4)                                          value=-2.0000
        chosen: left(agent4)  (best_value=-1.0000)
[DEBUG d>=2] k=2 (idx=3 in order) at (3, 9) — 4 candidates, lookahead=1
  * left(agent2)                                        value=0.0000
    right(agent2)                                       value=0.0000
    wait(agent2)                                        value=0.0000
    up(agent2)                                          value=0.0000
        chosen: left(agent2)  (best_value=0.0000)
[DEBUG d>=2] k=3 (idx=4 in order) at (10, 6) — 5 candidates, lookahead=1
    left(agent3)                                        value=-42.0000
    right(agent3)                                       value=-40.0000
    wait(agent3)                                        value=-40.0000
    up(agent3)                                          value=-41.0000
  * down(agent3)                                        value=-39.0000
        chosen: down(agent3)  (best_value=-39.0000)
[DEBUG d>=2] k=1 (idx=5 in order) at (3, 10) — 4 candidates, lookahead=1
  * left(agent1)                                        value=0.0000
    right(agent1)                                       value=0.0000
    wait(agent1)                                        value=0.0000
    down(agent1)                                        value=0.0000
        chosen: left(agent1)  (best_value=0.0000)
[DEBUG d>=2] k=8 (idx=6 in order) at (11, 10) — 5 candidates, lookahead=1
  * left(agent8)                                        value=-11.0000
    right(agent8)                                       value=-11.0000
    wait(agent8)                                        value=-12.0000
    up(agent8)                                          value=-13.0000
    down(agent8)                                        value=-11.0000
        chosen: left(agent8)  (best_value=-11.0000)
[DEBUG d>=2] k=5 (idx=7 in order) at (3, 6) — 5 candidates, lookahead=1
    left(agent5)                                        value=-48.0000
  * right(agent5)                                       value=-46.0000
    wait(agent5)                                        value=-48.0000
    up(agent5)                                          value=-49.0000
    down(agent5)                                        value=-46.0000
        chosen: right(agent5)  (best_value=-46.0000)
[DEBUG d>=2] k=6 (idx=8 in order) at (9, 2) — 5 candidates, lookahead=1
    left(agent6)                                        value=-48.0000
  * right(agent6)                                       value=-44.0000
    wait(agent6)                                        value=-45.0000
    up(agent6)                                          value=-47.0000
    down(agent6)                                        value=-45.0000
        chosen: right(agent6)  (best_value=-44.0000)
[DEBUG d>=2] k=7 (idx=1 in order) at (9, 10) — 4 candidates, lookahead=1
  * left(agent7)                                        value=-7.0000
    wait(agent7)                                        value=-8.0000
    up(agent7)                                          value=-10.0000
    down(agent7)                                        value=-9.0000
        chosen: left(agent7)  (best_value=-7.0000)
[DEBUG d>=2] k=4 (idx=2 in order) at (2, 8) — 4 candidates, lookahead=1
    right(agent4)                                       value=-2.0000
    wait(agent4)                                        value=-1.0000
  * fill(agent4, tank4)                                 value=0.0000
    up(agent4)                                          value=-1.0000
        chosen: fill(agent4, tank4)  (best_value=0.0000)
[DEBUG d>=2] k=2 (idx=3 in order) at (2, 9) — 2 candidates, lookahead=1
  * right(agent2)                                       value=0.0000
    wait(agent2)                                        value=0.0000
        chosen: right(agent2)  (best_value=0.0000)
[DEBUG d>=2] k=3 (idx=4 in order) at (10, 7) — 5 candidates, lookahead=1
    left(agent3)                                        value=-41.0000
    right(agent3)                                       value=-39.0000
    wait(agent3)                                        value=-39.0000
    up(agent3)                                          value=-40.0000
  * down(agent3)                                        value=-38.0000
        chosen: down(agent3)  (best_value=-38.0000)
[DEBUG d>=2] k=1 (idx=5 in order) at (2, 10) — 4 candidates, lookahead=1
  * right(agent1)                                       value=0.0000
    wait(agent1)                                        value=0.0000
    up(agent1)                                          value=0.0000
    down(agent1)                                        value=0.0000
        chosen: right(agent1)  (best_value=0.0000)
[DEBUG d>=2] k=8 (idx=6 in order) at (10, 10) — 5 candidates, lookahead=1
  * left(agent8)                                        value=-10.0000
    right(agent8)                                       value=-10.0000
    wait(agent8)                                        value=-11.0000
    up(agent8)                                          value=-11.0000
    down(agent8)                                        value=-10.0000
        chosen: left(agent8)  (best_value=-10.0000)
[DEBUG d>=2] k=5 (idx=7 in order) at (4, 6) — 5 candidates, lookahead=1
    left(agent5)                                        value=-47.0000
  * right(agent5)                                       value=-45.0000
    wait(agent5)                                        value=-46.0000
    up(agent5)                                          value=-47.0000
    down(agent5)                                        value=-45.0000
        chosen: right(agent5)  (best_value=-45.0000)
[DEBUG d>=2] k=6 (idx=8 in order) at (10, 2) — 5 candidates, lookahead=1
    left(agent6)                                        value=-46.0000
    right(agent6)                                       value=-46.0000
  * wait(agent6)                                        value=-44.0000
    up(agent6)                                          value=-45.0000
    down(agent6)                                        value=-44.0000
        chosen: wait(agent6)  (best_value=-44.0000)
[DEBUG d>=2] k=7 (idx=1 in order) at (8, 10) — 4 candidates, lookahead=1
  * left(agent7)                                        value=-6.0000
    wait(agent7)                                        value=-7.0000
    up(agent7)                                          value=-9.0000
    down(agent7)                                        value=-8.0000
        chosen: left(agent7)  (best_value=-6.0000)
[DEBUG d>=2] k=4 (idx=2 in order) at (2, 8) — 4 candidates, lookahead=1
  * right(agent4)                                       value=0.0000
    wait(agent4)                                        value=0.0000
    up(agent4)                                          value=0.0000
    down(agent4)                                        value=0.0000
        chosen: right(agent4)  (best_value=0.0000)
[DEBUG d>=2] k=2 (idx=3 in order) at (3, 9) — 3 candidates, lookahead=1
  * left(agent2)                                        value=0.0000
    right(agent2)                                       value=0.0000
    wait(agent2)                                        value=0.0000
        chosen: left(agent2)  (best_value=0.0000)
[DEBUG d>=2] k=3 (idx=4 in order) at (10, 8) — 5 candidates, lookahead=1
    left(agent3)                                        value=-39.0000
  * right(agent3)                                       value=-37.0000
    wait(agent3)                                        value=-38.0000
    up(agent3)                                          value=-40.0000
    down(agent3)                                        value=-37.0000
        chosen: right(agent3)  (best_value=-37.0000)
[DEBUG d>=2] k=1 (idx=5 in order) at (3, 10) — 5 candidates, lookahead=1
  * left(agent1)                                        value=0.0000
    right(agent1)                                       value=0.0000
    wait(agent1)                                        value=0.0000
    up(agent1)                                          value=0.0000
    down(agent1)                                        value=0.0000
        chosen: left(agent1)  (best_value=0.0000)
[DEBUG d>=2] k=8 (idx=6 in order) at (9, 10) — 5 candidates, lookahead=1
  * left(agent8)                                        value=-9.0000
    right(agent8)                                       value=-11.0000
    wait(agent8)                                        value=-9.0000
    up(agent8)                                          value=-9.0000
    down(agent8)                                        value=-9.0000
        chosen: left(agent8)  (best_value=-9.0000)
[DEBUG d>=2] k=5 (idx=7 in order) at (5, 6) — 5 candidates, lookahead=1
    left(agent5)                                        value=-46.0000
    right(agent5)                                       value=-45.0000
    wait(agent5)                                        value=-46.0000
    up(agent5)                                          value=-46.0000
  * down(agent5)                                        value=-44.0000
        chosen: down(agent5)  (best_value=-44.0000)
[DEBUG d>=2] k=6 (idx=8 in order) at (10, 2) — 5 candidates, lookahead=1
    left(agent6)                                        value=-45.0000
    right(agent6)                                       value=-46.0000
    wait(agent6)                                        value=-44.0000
    up(agent6)                                          value=-46.0000
  * down(agent6)                                        value=-42.0000
        chosen: down(agent6)  (best_value=-42.0000)
[DEBUG d>=2] k=7 (idx=1 in order) at (7, 10) — 4 candidates, lookahead=1
  * left(agent7)                                        value=-7.0000
    wait(agent7)                                        value=-8.0000
    up(agent7)                                          value=-8.0000
    down(agent7)                                        value=-7.0000
        chosen: left(agent7)  (best_value=-7.0000)
[DEBUG d>=2] k=4 (idx=2 in order) at (3, 8) — 5 candidates, lookahead=1
  * left(agent4)                                        value=0.0000
    right(agent4)                                       value=0.0000
    wait(agent4)                                        value=0.0000
    up(agent4)                                          value=0.0000
    down(agent4)                                        value=0.0000
        chosen: left(agent4)  (best_value=0.0000)
[DEBUG d>=2] k=2 (idx=3 in order) at (2, 9) — 3 candidates, lookahead=1
  * right(agent2)                                       value=0.0000
    wait(agent2)                                        value=0.0000
    up(agent2)                                          value=0.0000
        chosen: right(agent2)  (best_value=0.0000)
[DEBUG d>=2] k=3 (idx=4 in order) at (11, 8) — 4 candidates, lookahead=1
    left(agent3)                                        value=-38.0000
  * wait(agent3)                                        value=-36.0000
    up(agent3)                                          value=-39.0000
    down(agent3)                                        value=-36.0000
        chosen: wait(agent3)  (best_value=-36.0000)
[DEBUG d>=2] k=1 (idx=5 in order) at (2, 10) — 3 candidates, lookahead=1
  * right(agent1)                                       value=0.0000
    wait(agent1)                                        value=0.0000
    down(agent1)                                        value=0.0000
        chosen: right(agent1)  (best_value=0.0000)
[DEBUG d>=2] k=8 (idx=6 in order) at (8, 10) — 5 candidates, lookahead=1
    left(agent8)                                        value=-8.0000
    right(agent8)                                       value=-10.0000
    wait(agent8)                                        value=-8.0000
  * up(agent8)                                          value=-7.0000
    down(agent8)                                        value=-8.0000
        chosen: up(agent8)  (best_value=-7.0000)
[DEBUG d>=2] k=5 (idx=7 in order) at (5, 7) — 5 candidates, lookahead=1
    left(agent5)                                        value=-45.0000
  * right(agent5)                                       value=-43.0000
    wait(agent5)                                        value=-44.0000
    up(agent5)                                          value=-45.0000
    down(agent5)                                        value=-44.0000
        chosen: right(agent5)  (best_value=-43.0000)
[DEBUG d>=2] k=6 (idx=8 in order) at (10, 3) — 5 candidates, lookahead=1
  * left(agent6)                                        value=-43.0000
    right(agent6)                                       value=-43.0000
    wait(agent6)                                        value=-43.0000
    up(agent6)                                          value=-44.0000
    down(agent6)                                        value=-43.0000
        chosen: left(agent6)  (best_value=-43.0000)
[DEBUG d>=2] k=7 (idx=1 in order) at (6, 10) — 5 candidates, lookahead=1
  * left(agent7)                                        value=-6.0000
    right(agent7)                                       value=-6.0000
    wait(agent7)                                        value=-7.0000
    up(agent7)                                          value=-6.0000
    down(agent7)                                        value=-6.0000
        chosen: left(agent7)  (best_value=-6.0000)
[DEBUG d>=2] k=4 (idx=2 in order) at (2, 8) — 4 candidates, lookahead=1
  * right(agent4)                                       value=0.0000
    wait(agent4)                                        value=0.0000
    up(agent4)                                          value=0.0000
    down(agent4)                                        value=0.0000
        chosen: right(agent4)  (best_value=0.0000)
[DEBUG d>=2] k=2 (idx=3 in order) at (3, 9) — 4 candidates, lookahead=1
  * left(agent2)                                        value=0.0000
    right(agent2)                                       value=0.0000
    wait(agent2)                                        value=0.0000
    up(agent2)                                          value=0.0000
        chosen: left(agent2)  (best_value=0.0000)
[DEBUG d>=2] k=3 (idx=4 in order) at (11, 8) — 4 candidates, lookahead=1
    left(agent3)                                        value=-38.0000
    wait(agent3)                                        value=-37.0000
    up(agent3)                                          value=-38.0000
  * down(agent3)                                        value=-36.0000
        chosen: down(agent3)  (best_value=-36.0000)
[DEBUG d>=2] k=1 (idx=5 in order) at (3, 10) — 5 candidates, lookahead=1
  * left(agent1)                                        value=0.0000
    right(agent1)                                       value=0.0000
    wait(agent1)                                        value=0.0000
    up(agent1)                                          value=0.0000
    down(agent1)                                        value=0.0000
        chosen: left(agent1)  (best_value=0.0000)
[DEBUG d>=2] k=8 (idx=6 in order) at (8, 9) — 5 candidates, lookahead=1
  * left(agent8)                                        value=-7.0000
    right(agent8)                                       value=-9.0000
    wait(agent8)                                        value=-8.0000
    up(agent8)                                          value=-8.0000
    down(agent8)                                        value=-7.0000
        chosen: left(agent8)  (best_value=-7.0000)
[DEBUG d>=2] k=5 (idx=7 in order) at (6, 7) — 5 candidates, lookahead=1
    left(agent5)                                        value=-44.0000
  * right(agent5)                                       value=-42.0000
    wait(agent5)                                        value=-43.0000
    up(agent5)                                          value=-44.0000
    down(agent5)                                        value=-42.0000
        chosen: right(agent5)  (best_value=-42.0000)
[DEBUG d>=2] k=6 (idx=8 in order) at (9, 3) — 5 candidates, lookahead=1
    left(agent6)                                        value=-45.0000
    right(agent6)                                       value=-43.0000
  * wait(agent6)                                        value=-42.0000
    up(agent6)                                          value=-45.0000
    down(agent6)                                        value=-43.0000
        chosen: wait(agent6)  (best_value=-42.0000)
[DEBUG d>=2] k=7 (idx=1 in order) at (5, 10) — 5 candidates, lookahead=1
  * left(agent7)                                        value=-5.0000
    right(agent7)                                       value=-5.0000
    wait(agent7)                                        value=-6.0000
    up(agent7)                                          value=-5.0000
    down(agent7)                                        value=-5.0000
        chosen: left(agent7)  (best_value=-5.0000)
[DEBUG d>=2] k=4 (idx=2 in order) at (3, 8) — 5 candidates, lookahead=1
  * left(agent4)                                        value=0.0000
    right(agent4)                                       value=0.0000
    wait(agent4)                                        value=0.0000
    up(agent4)                                          value=0.0000
    down(agent4)                                        value=0.0000
        chosen: left(agent4)  (best_value=0.0000)
[DEBUG d>=2] k=2 (idx=3 in order) at (2, 9) — 3 candidates, lookahead=1
  * right(agent2)                                       value=0.0000
    wait(agent2)                                        value=0.0000
    up(agent2)                                          value=0.0000
        chosen: right(agent2)  (best_value=0.0000)
[DEBUG d>=2] k=3 (idx=4 in order) at (11, 9) — 4 candidates, lookahead=1
    left(agent3)                                        value=-37.0000
    wait(agent3)                                        value=-36.0000
    up(agent3)                                          value=-37.0000
  * down(agent3)                                        value=-35.0000
        chosen: down(agent3)  (best_value=-35.0000)
[DEBUG d>=2] k=1 (idx=5 in order) at (2, 10) — 4 candidates, lookahead=1
  * right(agent1)                                       value=0.0000
    wait(agent1)                                        value=0.0000
    up(agent1)                                          value=0.0000
    down(agent1)                                        value=0.0000
        chosen: right(agent1)  (best_value=0.0000)
[DEBUG d>=2] k=8 (idx=6 in order) at (7, 9) — 5 candidates, lookahead=1
  * left(agent8)                                        value=-6.0000
    right(agent8)                                       value=-8.0000
    wait(agent8)                                        value=-6.0000
    up(agent8)                                          value=-7.0000
    down(agent8)                                        value=-7.0000
        chosen: left(agent8)  (best_value=-6.0000)
[DEBUG d>=2] k=5 (idx=7 in order) at (7, 7) — 4 candidates, lookahead=1
    left(agent5)                                        value=-47.0000
  * right(agent5)                                       value=-43.0000
    wait(agent5)                                        value=-44.0000
    up(agent5)                                          value=-45.0000
        chosen: right(agent5)  (best_value=-43.0000)
[DEBUG d>=2] k=6 (idx=8 in order) at (9, 3) — 5 candidates, lookahead=1
    left(agent6)                                        value=-49.0000
  * right(agent6)                                       value=-45.0000
    wait(agent6)                                        value=-46.0000
    up(agent6)                                          value=-47.0000
    down(agent6)                                        value=-45.0000
        chosen: right(agent6)  (best_value=-45.0000)
[DEBUG d>=2] k=7 (idx=1 in order) at (4, 10) — 4 candidates, lookahead=1
    right(agent7)                                       value=-6.0000
  * wait(agent7)                                        value=-3.0000
    up(agent7)                                          value=-4.0000
    down(agent7)                                        value=-4.0000
        chosen: wait(agent7)  (best_value=-3.0000)
[DEBUG d>=2] k=4 (idx=2 in order) at (2, 8) — 4 candidates, lookahead=1
  * right(agent4)                                       value=0.0000
    wait(agent4)                                        value=0.0000
    up(agent4)                                          value=0.0000
    down(agent4)                                        value=0.0000
        chosen: right(agent4)  (best_value=0.0000)
[DEBUG d>=2] k=2 (idx=3 in order) at (3, 9) — 4 candidates, lookahead=1
  * left(agent2)                                        value=0.0000
    right(agent2)                                       value=0.0000
    wait(agent2)                                        value=0.0000
    up(agent2)                                          value=0.0000
        chosen: left(agent2)  (best_value=0.0000)
[DEBUG d>=2] k=3 (idx=4 in order) at (11, 10) — 5 candidates, lookahead=1
    left(agent3)                                        value=-36.0000
  * right(agent3)                                       value=-34.0000
    wait(agent3)                                        value=-35.0000
    up(agent3)                                          value=-36.0000
    down(agent3)                                        value=-36.0000
        chosen: right(agent3)  (best_value=-34.0000)
[DEBUG d>=2] k=1 (idx=5 in order) at (3, 10) — 5 candidates, lookahead=1
  * left(agent1)                                        value=0.0000
    right(agent1)                                       value=0.0000
    wait(agent1)                                        value=0.0000
    up(agent1)                                          value=0.0000
    down(agent1)                                        value=0.0000
        chosen: left(agent1)  (best_value=0.0000)
[DEBUG d>=2] k=8 (idx=6 in order) at (6, 9) — 5 candidates, lookahead=1
  * left(agent8)                                        value=-4.0000
    right(agent8)                                       value=-7.0000
    wait(agent8)                                        value=-6.0000
    up(agent8)                                          value=-6.0000
    down(agent8)                                        value=-7.0000
        chosen: left(agent8)  (best_value=-4.0000)
[DEBUG d>=2] k=5 (idx=7 in order) at (8, 7) — 5 candidates, lookahead=1
    left(agent5)                                        value=-44.0000
  * right(agent5)                                       value=-43.0000
    wait(agent5)                                        value=-44.0000
    up(agent5)                                          value=-46.0000
    down(agent5)                                        value=-44.0000
        chosen: right(agent5)  (best_value=-43.0000)
[DEBUG d>=2] k=6 (idx=8 in order) at (10, 3) — 5 candidates, lookahead=1
    left(agent6)                                        value=-46.0000
  * right(agent6)                                       value=-45.0000
    wait(agent6)                                        value=-45.0000
    up(agent6)                                          value=-48.0000
    down(agent6)                                        value=-45.0000
        chosen: right(agent6)  (best_value=-45.0000)
[DEBUG d>=2] k=7 (idx=1 in order) at (4, 10) — 5 candidates, lookahead=1
    left(agent7)                                        value=-4.0000
    right(agent7)                                       value=-4.0000
  * wait(agent7)                                        value=-3.0000
    up(agent7)                                          value=-4.0000
    down(agent7)                                        value=-4.0000
        chosen: wait(agent7)  (best_value=-3.0000)
[DEBUG d>=2] k=4 (idx=2 in order) at (3, 8) — 5 candidates, lookahead=1
  * left(agent4)                                        value=0.0000
    right(agent4)                                       value=0.0000
    wait(agent4)                                        value=0.0000
    up(agent4)                                          value=0.0000
    down(agent4)                                        value=0.0000
        chosen: left(agent4)  (best_value=0.0000)
[DEBUG d>=2] k=2 (idx=3 in order) at (2, 9) — 2 candidates, lookahead=1
  * right(agent2)                                       value=0.0000
    wait(agent2)                                        value=0.0000
        chosen: right(agent2)  (best_value=0.0000)
[DEBUG d>=2] k=3 (idx=4 in order) at (12, 10) — 4 candidates, lookahead=1
    left(agent3)                                        value=-36.0000
  * right(agent3)                                       value=-34.0000
    wait(agent3)                                        value=-34.0000
    down(agent3)                                        value=-35.0000
        chosen: right(agent3)  (best_value=-34.0000)
[DEBUG d>=2] k=1 (idx=5 in order) at (2, 10) — 2 candidates, lookahead=1
  * wait(agent1)                                        value=0.0000
    down(agent1)                                        value=0.0000
        chosen: wait(agent1)  (best_value=0.0000)
[DEBUG d>=2] k=8 (idx=6 in order) at (5, 9) — 5 candidates, lookahead=1
  * left(agent8)                                        value=-5.0000
    right(agent8)                                       value=-6.0000
    wait(agent8)                                        value=-5.0000
    up(agent8)                                          value=-5.0000
    down(agent8)                                        value=-7.0000
        chosen: left(agent8)  (best_value=-5.0000)
[DEBUG d>=2] k=5 (idx=7 in order) at (9, 7) — 5 candidates, lookahead=1
    left(agent5)                                        value=-47.0000
    right(agent5)                                       value=-45.0000
    wait(agent5)                                        value=-46.0000
    up(agent5)                                          value=-47.0000
  * down(agent5)                                        value=-43.0000
        chosen: down(agent5)  (best_value=-43.0000)
[DEBUG d>=2] k=6 (idx=8 in order) at (11, 3) — 4 candidates, lookahead=1
  * left(agent6)                                        value=-47.0000
    wait(agent6)                                        value=-48.0000
    up(agent6)                                          value=-47.0000
    down(agent6)                                        value=-47.0000
        chosen: left(agent6)  (best_value=-47.0000)
[DEBUG d>=2] k=7 (idx=1 in order) at (4, 10) — 4 candidates, lookahead=1
  * left(agent7)                                        value=-2.0000
    right(agent7)                                       value=-6.0000
    wait(agent7)                                        value=-3.0000
    down(agent7)                                        value=-4.0000
        chosen: left(agent7)  (best_value=-2.0000)
[DEBUG d>=2] k=4 (idx=2 in order) at (2, 8) — 4 candidates, lookahead=1
  * right(agent4)                                       value=0.0000
    wait(agent4)                                        value=0.0000
    up(agent4)                                          value=0.0000
    down(agent4)                                        value=0.0000
        chosen: right(agent4)  (best_value=0.0000)
[DEBUG d>=2] k=2 (idx=3 in order) at (3, 9) — 2 candidates, lookahead=1
  * wait(agent2)                                        value=0.0000
    up(agent2)                                          value=0.0000
        chosen: wait(agent2)  (best_value=0.0000)
[DEBUG d>=2] k=3 (idx=4 in order) at (13, 10) — 5 candidates, lookahead=1
    left(agent3)                                        value=-35.0000
    right(agent3)                                       value=-35.0000
    wait(agent3)                                        value=-33.0000
  * up(agent3)                                          value=-30.0000
    down(agent3)                                        value=-35.0000
        chosen: up(agent3)  (best_value=-30.0000)
[DEBUG d>=2] k=1 (idx=5 in order) at (2, 10) — 3 candidates, lookahead=1
  * right(agent1)                                       value=0.0000
    wait(agent1)                                        value=0.0000
    down(agent1)                                        value=0.0000
        chosen: right(agent1)  (best_value=0.0000)
[DEBUG d>=2] k=8 (idx=6 in order) at (4, 9) — 4 candidates, lookahead=1
    right(agent8)                                       value=-5.0000
    wait(agent8)                                        value=-5.0000
  * up(agent8)                                          value=-4.0000
    down(agent8)                                        value=-6.0000
        chosen: up(agent8)  (best_value=-4.0000)
[DEBUG d>=2] k=5 (idx=7 in order) at (9, 8) — 5 candidates, lookahead=1
    left(agent5)                                        value=-43.0000
    right(agent5)                                       value=-41.0000
    wait(agent5)                                        value=-41.0000
    up(agent5)                                          value=-42.0000
  * down(agent5)                                        value=-40.0000
        chosen: down(agent5)  (best_value=-40.0000)
[DEBUG d>=2] k=6 (idx=8 in order) at (10, 3) — 5 candidates, lookahead=1
    left(agent6)                                        value=-47.0000
  * right(agent6)                                       value=-44.0000
    wait(agent6)                                        value=-46.0000
    up(agent6)                                          value=-46.0000
    down(agent6)                                        value=-44.0000
        chosen: right(agent6)  (best_value=-44.0000)
[DEBUG d>=2] k=7 (idx=1 in order) at (3, 10) — 3 candidates, lookahead=1
    right(agent7)                                       value=-5.0000
  * wait(agent7)                                        value=-2.0000
    down(agent7)                                        value=-3.0000
        chosen: wait(agent7)  (best_value=-2.0000)
[DEBUG d>=2] k=4 (idx=2 in order) at (3, 8) — 3 candidates, lookahead=1
  * left(agent4)                                        value=0.0000
    wait(agent4)                                        value=0.0000
    up(agent4)                                          value=0.0000
        chosen: left(agent4)  (best_value=0.0000)
[DEBUG d>=2] k=2 (idx=3 in order) at (3, 9) — 5 candidates, lookahead=1
  * left(agent2)                                        value=0.0000
    right(agent2)                                       value=0.0000
    wait(agent2)                                        value=0.0000
    up(agent2)                                          value=0.0000
    down(agent2)                                        value=0.0000
        chosen: left(agent2)  (best_value=0.0000)
[DEBUG d>=2] k=3 (idx=4 in order) at (13, 9) — 4 candidates, lookahead=1
  * right(agent3)                                       value=-33.0000
    wait(agent3)                                        value=-33.0000
    up(agent3)                                          value=-33.0000
    down(agent3)                                        value=-33.0000
        chosen: right(agent3)  (best_value=-33.0000)
[DEBUG d>=2] k=1 (idx=5 in order) at (2, 10) — 3 candidates, lookahead=1
  * right(agent1)                                       value=0.0000
    wait(agent1)                                        value=0.0000
    down(agent1)                                        value=0.0000
        chosen: right(agent1)  (best_value=0.0000)
[DEBUG d>=2] k=8 (idx=6 in order) at (4, 8) — 5 candidates, lookahead=1
    left(agent8)                                        value=-4.0000
    right(agent8)                                       value=-5.0000
    wait(agent8)                                        value=-4.0000
  * up(agent8)                                          value=-3.0000
    down(agent8)                                        value=-4.0000
        chosen: up(agent8)  (best_value=-3.0000)
[DEBUG d>=2] k=5 (idx=7 in order) at (9, 9) — 5 candidates, lookahead=1
    left(agent5)                                        value=-40.0000
  * right(agent5)                                       value=-38.0000
    wait(agent5)                                        value=-38.0000
    up(agent5)                                          value=-39.0000
    down(agent5)                                        value=-40.0000
        chosen: right(agent5)  (best_value=-38.0000)
[DEBUG d>=2] k=6 (idx=8 in order) at (11, 3) — 4 candidates, lookahead=1
  * left(agent6)                                        value=-44.0000
    wait(agent6)                                        value=-46.0000
    up(agent6)                                          value=-44.0000
    down(agent6)                                        value=-45.0000
        chosen: left(agent6)  (best_value=-44.0000)
[DEBUG d>=2] k=7 (idx=1 in order) at (3, 10) — 4 candidates, lookahead=1
    right(agent7)                                       value=-3.0000
  * wait(agent7)                                        value=-2.0000
    up(agent7)                                          value=-3.0000
    down(agent7)                                        value=-3.0000
        chosen: wait(agent7)  (best_value=-2.0000)
[DEBUG d>=2] k=4 (idx=2 in order) at (2, 8) — 3 candidates, lookahead=1
  * right(agent4)                                       value=0.0000
    wait(agent4)                                        value=0.0000
    up(agent4)                                          value=0.0000
        chosen: right(agent4)  (best_value=0.0000)
[DEBUG d>=2] k=2 (idx=3 in order) at (2, 9) — 3 candidates, lookahead=1
  * right(agent2)                                       value=0.0000
    wait(agent2)                                        value=0.0000
    up(agent2)                                          value=0.0000
        chosen: right(agent2)  (best_value=0.0000)
[DEBUG d>=2] k=3 (idx=4 in order) at (14, 9) — 4 candidates, lookahead=1
    left(agent3)                                        value=-34.0000
    wait(agent3)                                        value=-35.0000
  * up(agent3)                                          value=-30.0000
    down(agent3)                                        value=-33.0000
        chosen: up(agent3)  (best_value=-30.0000)
[DEBUG d>=2] k=1 (idx=5 in order) at (2, 10) — 3 candidates, lookahead=1
  * right(agent1)                                       value=0.0000
    wait(agent1)                                        value=0.0000
    down(agent1)                                        value=0.0000
        chosen: right(agent1)  (best_value=0.0000)
[DEBUG d>=2] k=8 (idx=6 in order) at (4, 7) — 5 candidates, lookahead=1
  * left(agent8)                                        value=-2.0000
    right(agent8)                                       value=-4.0000
    wait(agent8)                                        value=-4.0000
    up(agent8)                                          value=-3.0000
    down(agent8)                                        value=-4.0000
        chosen: left(agent8)  (best_value=-2.0000)
[DEBUG d>=2] k=5 (idx=7 in order) at (10, 9) — 5 candidates, lookahead=1
    left(agent5)                                        value=-36.0000
    right(agent5)                                       value=-36.0000
  * wait(agent5)                                        value=-35.0000
    up(agent5)                                          value=-39.0000
    down(agent5)                                        value=-40.0000
        chosen: wait(agent5)  (best_value=-35.0000)
[DEBUG d>=2] k=6 (idx=8 in order) at (10, 3) — 5 candidates, lookahead=1
    left(agent6)                                        value=-44.0000
    right(agent6)                                       value=-48.0000
  * wait(agent6)                                        value=-41.0000
    up(agent6)                                          value=-46.0000
    down(agent6)                                        value=-46.0000
        chosen: wait(agent6)  (best_value=-41.0000)
[DEBUG d>=2] k=7 (idx=1 in order) at (3, 10) — 3 candidates, lookahead=1
    right(agent7)                                       value=-5.0000
  * wait(agent7)                                        value=-2.0000
    down(agent7)                                        value=-3.0000
        chosen: wait(agent7)  (best_value=-2.0000)
[DEBUG d>=2] k=4 (idx=2 in order) at (3, 8) — 3 candidates, lookahead=1
  * left(agent4)                                        value=0.0000
    right(agent4)                                       value=0.0000
    wait(agent4)                                        value=0.0000
        chosen: left(agent4)  (best_value=0.0000)
[DEBUG d>=2] k=2 (idx=3 in order) at (3, 9) — 4 candidates, lookahead=1
  * left(agent2)                                        value=0.0000
    right(agent2)                                       value=0.0000
    wait(agent2)                                        value=0.0000
    down(agent2)                                        value=0.0000
        chosen: left(agent2)  (best_value=0.0000)
[DEBUG d>=2] k=3 (idx=4 in order) at (14, 8) — 4 candidates, lookahead=1
  * left(agent3)                                        value=-29.0000
    wait(agent3)                                        value=-31.0000
    up(agent3)                                          value=-31.0000
    down(agent3)                                        value=-33.0000
        chosen: left(agent3)  (best_value=-29.0000)
[DEBUG d>=2] k=1 (idx=5 in order) at (2, 10) — 3 candidates, lookahead=1
  * right(agent1)                                       value=0.0000
    wait(agent1)                                        value=0.0000
    down(agent1)                                        value=0.0000
        chosen: right(agent1)  (best_value=0.0000)
[DEBUG d>=2] k=8 (idx=6 in order) at (3, 7) — 5 candidates, lookahead=1
  * left(agent8)                                        value=-1.0000
    right(agent8)                                       value=-3.0000
    wait(agent8)                                        value=-2.0000
    up(agent8)                                          value=-2.0000
    down(agent8)                                        value=-2.0000
        chosen: left(agent8)  (best_value=-1.0000)
[DEBUG d>=2] k=5 (idx=7 in order) at (10, 9) — 5 candidates, lookahead=1
    left(agent5)                                        value=-39.0000
    right(agent5)                                       value=-37.0000
  * wait(agent5)                                        value=-35.0000
    up(agent5)                                          value=-42.0000
    down(agent5)                                        value=-37.0000
        chosen: wait(agent5)  (best_value=-35.0000)
[DEBUG d>=2] k=6 (idx=8 in order) at (10, 3) — 5 candidates, lookahead=1
    left(agent6)                                        value=-44.0000
  * right(agent6)                                       value=-43.0000
    wait(agent6)                                        value=-47.0000
    up(agent6)                                          value=-46.0000
    down(agent6)                                        value=-46.0000
        chosen: right(agent6)  (best_value=-43.0000)
[DEBUG d>=2] k=7 (idx=1 in order) at (3, 10) — 4 candidates, lookahead=1
  * right(agent7)                                       value=-3.0000
    wait(agent7)                                        value=-3.0000
    up(agent7)                                          value=-5.0000
    down(agent7)                                        value=-3.0000
        chosen: right(agent7)  (best_value=-3.0000)
[DEBUG d>=2] k=4 (idx=2 in order) at (2, 8) — 2 candidates, lookahead=1
  * right(agent4)                                       value=0.0000
    wait(agent4)                                        value=0.0000
        chosen: right(agent4)  (best_value=0.0000)
[DEBUG d>=2] k=2 (idx=3 in order) at (2, 9) — 3 candidates, lookahead=1
  * right(agent2)                                       value=0.0000
    wait(agent2)                                        value=0.0000
    up(agent2)                                          value=0.0000
        chosen: right(agent2)  (best_value=0.0000)
[DEBUG d>=2] k=3 (idx=4 in order) at (13, 8) — 4 candidates, lookahead=1
    right(agent3)                                       value=-34.0000
    wait(agent3)                                        value=-33.0000
  * up(agent3)                                          value=-32.0000
    down(agent3)                                        value=-34.0000
        chosen: up(agent3)  (best_value=-32.0000)
[DEBUG d>=2] k=1 (idx=5 in order) at (2, 10) — 4 candidates, lookahead=1
  * right(agent1)                                       value=0.0000
    wait(agent1)                                        value=0.0000
    up(agent1)                                          value=0.0000
    down(agent1)                                        value=0.0000
        chosen: right(agent1)  (best_value=0.0000)
[DEBUG d>=2] k=8 (idx=6 in order) at (2, 7) — 5 candidates, lookahead=1
    right(agent8)                                       value=-2.0000
    wait(agent8)                                        value=-1.0000
  * fill(agent8, tank3)                                 value=0.0000
    up(agent8)                                          value=-1.0000
    down(agent8)                                        value=-1.0000
        chosen: fill(agent8, tank3)  (best_value=0.0000)
[DEBUG d>=2] k=5 (idx=7 in order) at (10, 9) — 5 candidates, lookahead=1
    left(agent5)                                        value=-42.0000
    right(agent5)                                       value=-40.0000
  * wait(agent5)                                        value=-38.0000
    up(agent5)                                          value=-42.0000
    down(agent5)                                        value=-40.0000
        chosen: wait(agent5)  (best_value=-38.0000)
[DEBUG d>=2] k=6 (idx=8 in order) at (11, 3) — 4 candidates, lookahead=1
    left(agent6)                                        value=-47.0000
    wait(agent6)                                        value=-46.0000
    up(agent6)                                          value=-45.0000
  * down(agent6)                                        value=-43.0000
        chosen: down(agent6)  (best_value=-43.0000)
[DEBUG d>=2] k=7 (idx=1 in order) at (4, 10) — 4 candidates, lookahead=1
    right(agent7)                                       value=-4.0000
  * wait(agent7)                                        value=-3.0000
    up(agent7)                                          value=-6.0000
    down(agent7)                                        value=-4.0000
        chosen: wait(agent7)  (best_value=-3.0000)
[DEBUG d>=2] k=4 (idx=2 in order) at (3, 8) — 4 candidates, lookahead=1
  * left(agent4)                                        value=0.0000
    right(agent4)                                       value=0.0000
    wait(agent4)                                        value=0.0000
    up(agent4)                                          value=0.0000
        chosen: left(agent4)  (best_value=0.0000)
[DEBUG d>=2] k=2 (idx=3 in order) at (3, 9) — 4 candidates, lookahead=1
  * left(agent2)                                        value=0.0000
    right(agent2)                                       value=0.0000
    wait(agent2)                                        value=0.0000
    up(agent2)                                          value=0.0000
        chosen: left(agent2)  (best_value=0.0000)
[DEBUG d>=2] k=3 (idx=4 in order) at (13, 7) — 4 candidates, lookahead=1
  * right(agent3)                                       value=-29.0000
    wait(agent3)                                        value=-32.0000
    up(agent3)                                          value=-30.0000
    down(agent3)                                        value=-29.0000
        chosen: right(agent3)  (best_value=-29.0000)
[DEBUG d>=2] k=1 (idx=5 in order) at (3, 10) — 5 candidates, lookahead=1
  * left(agent1)                                        value=0.0000
    right(agent1)                                       value=0.0000
    wait(agent1)                                        value=0.0000
    up(agent1)                                          value=0.0000
    down(agent1)                                        value=0.0000
        chosen: left(agent1)  (best_value=0.0000)
[DEBUG d>=2] k=8 (idx=6 in order) at (2, 7) — 3 candidates, lookahead=1
  * right(agent8)                                       value=0.0000
    wait(agent8)                                        value=0.0000
    up(agent8)                                          value=0.0000
        chosen: right(agent8)  (best_value=0.0000)
[DEBUG d>=2] k=5 (idx=7 in order) at (10, 9) — 5 candidates, lookahead=1
    left(agent5)                                        value=-38.0000
    right(agent5)                                       value=-38.0000
    wait(agent5)                                        value=-37.0000
    up(agent5)                                          value=-38.0000
  * down(agent5)                                        value=-36.0000
        chosen: down(agent5)  (best_value=-36.0000)
[DEBUG d>=2] k=6 (idx=8 in order) at (11, 4) — 4 candidates, lookahead=1
  * left(agent6)                                        value=-43.0000
    wait(agent6)                                        value=-45.0000
    up(agent6)                                          value=-46.0000
    down(agent6)                                        value=-43.0000
        chosen: left(agent6)  (best_value=-43.0000)
[DEBUG d>=2] k=7 (idx=1 in order) at (4, 10) — 5 candidates, lookahead=1
  * left(agent7)                                        value=-4.0000
    right(agent7)                                       value=-4.0000
    wait(agent7)                                        value=-5.0000
    up(agent7)                                          value=-6.0000
    down(agent7)                                        value=-4.0000
        chosen: left(agent7)  (best_value=-4.0000)
[DEBUG d>=2] k=4 (idx=2 in order) at (2, 8) — 3 candidates, lookahead=1
  * right(agent4)                                       value=0.0000
    wait(agent4)                                        value=0.0000
    up(agent4)                                          value=0.0000
        chosen: right(agent4)  (best_value=0.0000)
[DEBUG d>=2] k=2 (idx=3 in order) at (2, 9) — 2 candidates, lookahead=1
  * right(agent2)                                       value=0.0000
    wait(agent2)                                        value=0.0000
        chosen: right(agent2)  (best_value=0.0000)
[DEBUG d>=2] k=3 (idx=4 in order) at (14, 7) — 4 candidates, lookahead=1
    left(agent3)                                        value=-32.0000
    wait(agent3)                                        value=-33.0000
  * up(agent3)                                          value=-30.0000
    down(agent3)                                        value=-34.0000
        chosen: up(agent3)  (best_value=-30.0000)
[DEBUG d>=2] k=1 (idx=5 in order) at (2, 10) — 4 candidates, lookahead=1
  * right(agent1)                                       value=0.0000
    wait(agent1)                                        value=0.0000
    up(agent1)                                          value=0.0000
    down(agent1)                                        value=0.0000
        chosen: right(agent1)  (best_value=0.0000)
[DEBUG d>=2] k=8 (idx=6 in order) at (3, 7) — 4 candidates, lookahead=1
  * right(agent8)                                       value=0.0000
    wait(agent8)                                        value=0.0000
    up(agent8)                                          value=0.0000
    down(agent8)                                        value=0.0000
        chosen: right(agent8)  (best_value=0.0000)
[DEBUG d>=2] k=5 (idx=7 in order) at (10, 10) — 5 candidates, lookahead=1
    left(agent5)                                        value=-39.0000
    right(agent5)                                       value=-36.0000
    wait(agent5)                                        value=-38.0000
    up(agent5)                                          value=-37.0000
  * down(agent5)                                        value=-35.0000
        chosen: down(agent5)  (best_value=-35.0000)
[DEBUG d>=2] k=6 (idx=8 in order) at (10, 4) — 5 candidates, lookahead=1
    left(agent6)                                        value=-45.0000
    right(agent6)                                       value=-47.0000
    wait(agent6)                                        value=-46.0000
    up(agent6)                                          value=-47.0000
  * down(agent6)                                        value=-44.0000
        chosen: down(agent6)  (best_value=-44.0000)
[DEBUG d>=2] k=7 (idx=1 in order) at (3, 10) — 3 candidates, lookahead=1
  * right(agent7)                                       value=-4.0000
    wait(agent7)                                        value=-4.0000
    down(agent7)                                        value=-5.0000
        chosen: right(agent7)  (best_value=-4.0000)
[DEBUG d>=2] k=4 (idx=2 in order) at (3, 8) — 4 candidates, lookahead=1
  * left(agent4)                                        value=0.0000
    right(agent4)                                       value=0.0000
    wait(agent4)                                        value=0.0000
    up(agent4)                                          value=0.0000
        chosen: left(agent4)  (best_value=0.0000)
[DEBUG d>=2] k=2 (idx=3 in order) at (3, 9) — 4 candidates, lookahead=1
  * left(agent2)                                        value=0.0000
    right(agent2)                                       value=0.0000
    wait(agent2)                                        value=0.0000
    down(agent2)                                        value=0.0000
        chosen: left(agent2)  (best_value=0.0000)
[DEBUG d>=2] k=3 (idx=4 in order) at (14, 6) — 4 candidates, lookahead=1
  * left(agent3)                                        value=-28.0000
    wait(agent3)                                        value=-30.0000
    up(agent3)                                          value=-30.0000
    down(agent3)                                        value=-31.0000
        chosen: left(agent3)  (best_value=-28.0000)
[DEBUG d>=2] k=1 (idx=5 in order) at (2, 10) — 4 candidates, lookahead=1
  * right(agent1)                                       value=0.0000
    wait(agent1)                                        value=0.0000
    up(agent1)                                          value=0.0000
    down(agent1)                                        value=0.0000
        chosen: right(agent1)  (best_value=0.0000)
[DEBUG d>=2] k=8 (idx=6 in order) at (4, 7) — 5 candidates, lookahead=1
  * left(agent8)                                        value=0.0000
    right(agent8)                                       value=0.0000
    wait(agent8)                                        value=0.0000
    up(agent8)                                          value=0.0000
    down(agent8)                                        value=0.0000
        chosen: left(agent8)  (best_value=0.0000)
[DEBUG d>=2] k=5 (idx=7 in order) at (10, 11) — 5 candidates, lookahead=1
    left(agent5)                                        value=-39.0000
  * right(agent5)                                       value=-36.0000
    wait(agent5)                                        value=-37.0000
    up(agent5)                                          value=-36.0000
    down(agent5)                                        value=-38.0000
        chosen: right(agent5)  (best_value=-36.0000)
[DEBUG d>=2] k=6 (idx=8 in order) at (10, 5) — 5 candidates, lookahead=1
    left(agent6)                                        value=-41.0000
    right(agent6)                                       value=-41.0000
    wait(agent6)                                        value=-43.0000
    up(agent6)                                          value=-42.0000
  * down(agent6)                                        value=-39.0000
        chosen: down(agent6)  (best_value=-39.0000)
[DEBUG d>=2] k=7 (idx=1 in order) at (4, 10) — 4 candidates, lookahead=1
    right(agent7)                                       value=-5.0000
  * wait(agent7)                                        value=-4.0000
    up(agent7)                                          value=-5.0000
    down(agent7)                                        value=-5.0000
        chosen: wait(agent7)  (best_value=-4.0000)
[DEBUG d>=2] k=4 (idx=2 in order) at (2, 8) — 3 candidates, lookahead=1
  * right(agent4)                                       value=0.0000
    wait(agent4)                                        value=0.0000
    up(agent4)                                          value=0.0000
        chosen: right(agent4)  (best_value=0.0000)
[DEBUG d>=2] k=2 (idx=3 in order) at (2, 9) — 3 candidates, lookahead=1
  * right(agent2)                                       value=0.0000
    wait(agent2)                                        value=0.0000
    down(agent2)                                        value=0.0000
        chosen: right(agent2)  (best_value=0.0000)
[DEBUG d>=2] k=3 (idx=4 in order) at (13, 6) — 4 candidates, lookahead=1
    right(agent3)                                       value=-32.0000
  * wait(agent3)                                        value=-29.0000
    up(agent3)                                          value=-30.0000
    down(agent3)                                        value=-31.0000
        chosen: wait(agent3)  (best_value=-29.0000)
[DEBUG d>=2] k=1 (idx=5 in order) at (3, 10) — 4 candidates, lookahead=1
  * right(agent1)                                       value=0.0000
    wait(agent1)                                        value=0.0000
    up(agent1)                                          value=0.0000
    down(agent1)                                        value=0.0000
        chosen: right(agent1)  (best_value=0.0000)
[DEBUG d>=2] k=8 (idx=6 in order) at (3, 7) — 5 candidates, lookahead=1
  * left(agent8)                                        value=0.0000
    right(agent8)                                       value=0.0000
    wait(agent8)                                        value=0.0000
    up(agent8)                                          value=0.0000
    down(agent8)                                        value=0.0000
        chosen: left(agent8)  (best_value=0.0000)
[DEBUG d>=2] k=5 (idx=7 in order) at (11, 11) — 5 candidates, lookahead=1
    left(agent5)                                        value=-41.0000
    right(agent5)                                       value=-37.0000
    wait(agent5)                                        value=-37.0000
  * up(agent5)                                          value=-36.0000
    down(agent5)                                        value=-38.0000
        chosen: up(agent5)  (best_value=-36.0000)
[DEBUG d>=2] k=6 (idx=8 in order) at (10, 6) — 5 candidates, lookahead=1
    left(agent6)                                        value=-47.0000
    right(agent6)                                       value=-47.0000
  * wait(agent6)                                        value=-44.0000
    up(agent6)                                          value=-47.0000
    down(agent6)                                        value=-44.0000
        chosen: wait(agent6)  (best_value=-44.0000)
[DEBUG d>=2] k=7 (idx=1 in order) at (4, 10) — 4 candidates, lookahead=1
  * right(agent7)                                       value=-4.0000
    wait(agent7)                                        value=-5.0000
    up(agent7)                                          value=-6.0000
    down(agent7)                                        value=-4.0000
        chosen: right(agent7)  (best_value=-4.0000)
[DEBUG d>=2] k=4 (idx=2 in order) at (3, 8) — 4 candidates, lookahead=1
  * left(agent4)                                        value=0.0000
    right(agent4)                                       value=0.0000
    wait(agent4)                                        value=0.0000
    up(agent4)                                          value=0.0000
        chosen: left(agent4)  (best_value=0.0000)
[DEBUG d>=2] k=2 (idx=3 in order) at (3, 9) — 4 candidates, lookahead=1
  * left(agent2)                                        value=0.0000
    right(agent2)                                       value=0.0000
    wait(agent2)                                        value=0.0000
    up(agent2)                                          value=0.0000
        chosen: left(agent2)  (best_value=0.0000)
[DEBUG d>=2] k=3 (idx=4 in order) at (13, 6) — 4 candidates, lookahead=1
    right(agent3)                                       value=-32.0000
    wait(agent3)                                        value=-29.0000
  * up(agent3)                                          value=-28.0000
    down(agent3)                                        value=-30.0000
        chosen: up(agent3)  (best_value=-28.0000)
[DEBUG d>=2] k=1 (idx=5 in order) at (3, 10) — 5 candidates, lookahead=1
  * left(agent1)                                        value=0.0000
    right(agent1)                                       value=0.0000
    wait(agent1)                                        value=0.0000
    up(agent1)                                          value=0.0000
    down(agent1)                                        value=0.0000
        chosen: left(agent1)  (best_value=0.0000)
[DEBUG d>=2] k=8 (idx=6 in order) at (2, 7) — 4 candidates, lookahead=1
  * right(agent8)                                       value=0.0000
    wait(agent8)                                        value=0.0000
    up(agent8)                                          value=0.0000
    down(agent8)                                        value=0.0000
        chosen: right(agent8)  (best_value=0.0000)
[DEBUG d>=2] k=5 (idx=7 in order) at (11, 10) — 5 candidates, lookahead=1
    left(agent5)                                        value=-36.0000
  * right(agent5)                                       value=-34.0000
    wait(agent5)                                        value=-37.0000
    up(agent5)                                          value=-36.0000
    down(agent5)                                        value=-38.0000
        chosen: right(agent5)  (best_value=-34.0000)
[DEBUG d>=2] k=6 (idx=8 in order) at (10, 6) — 5 candidates, lookahead=1
    left(agent6)                                        value=-45.0000
    right(agent6)                                       value=-45.0000
    wait(agent6)                                        value=-46.0000
    up(agent6)                                          value=-47.0000
  * down(agent6)                                        value=-43.0000
        chosen: down(agent6)  (best_value=-43.0000)
[DEBUG d>=2] k=7 (idx=1 in order) at (5, 10) — 5 candidates, lookahead=1
  * left(agent7)                                        value=-4.0000
    right(agent7)                                       value=-5.0000
    wait(agent7)                                        value=-6.0000
    up(agent7)                                          value=-5.0000
    down(agent7)                                        value=-5.0000
        chosen: left(agent7)  (best_value=-4.0000)
[DEBUG d>=2] k=4 (idx=2 in order) at (2, 8) — 3 candidates, lookahead=1
  * right(agent4)                                       value=0.0000
    wait(agent4)                                        value=0.0000
    up(agent4)                                          value=0.0000
        chosen: right(agent4)  (best_value=0.0000)
[DEBUG d>=2] k=2 (idx=3 in order) at (2, 9) — 2 candidates, lookahead=1
  * right(agent2)                                       value=0.0000
    wait(agent2)                                        value=0.0000
        chosen: right(agent2)  (best_value=0.0000)
[DEBUG d>=2] k=3 (idx=4 in order) at (13, 5) — 4 candidates, lookahead=1
    right(agent3)                                       value=-30.0000
    wait(agent3)                                        value=-30.0000
  * up(agent3)                                          value=-29.0000
    down(agent3)                                        value=-33.0000
        chosen: up(agent3)  (best_value=-29.0000)
[DEBUG d>=2] k=1 (idx=5 in order) at (2, 10) — 4 candidates, lookahead=1
  * right(agent1)                                       value=0.0000
    wait(agent1)                                        value=0.0000
    up(agent1)                                          value=0.0000
    down(agent1)                                        value=0.0000
        chosen: right(agent1)  (best_value=0.0000)
[DEBUG d>=2] k=8 (idx=6 in order) at (3, 7) — 4 candidates, lookahead=1
  * right(agent8)                                       value=0.0000
    wait(agent8)                                        value=0.0000
    up(agent8)                                          value=0.0000
    down(agent8)                                        value=0.0000
        chosen: right(agent8)  (best_value=0.0000)
[DEBUG d>=2] k=5 (idx=7 in order) at (12, 10) — 4 candidates, lookahead=1
    left(agent5)                                        value=-37.0000
  * right(agent5)                                       value=-34.0000
    wait(agent5)                                        value=-35.0000
    down(agent5)                                        value=-37.0000
        chosen: right(agent5)  (best_value=-34.0000)
[DEBUG d>=2] k=6 (idx=8 in order) at (10, 7) — 5 candidates, lookahead=1
    left(agent6)                                        value=-44.0000
  * right(agent6)                                       value=-42.0000
    wait(agent6)                                        value=-44.0000
    up(agent6)                                          value=-44.0000
    down(agent6)                                        value=-44.0000
        chosen: right(agent6)  (best_value=-42.0000)
[DEBUG d>=2] k=7 (idx=1 in order) at (4, 10) — 4 candidates, lookahead=1
    right(agent7)                                       value=-6.0000
  * wait(agent7)                                        value=-3.0000
    up(agent7)                                          value=-6.0000
    down(agent7)                                        value=-4.0000
        chosen: wait(agent7)  (best_value=-3.0000)
[DEBUG d>=2] k=4 (idx=2 in order) at (3, 8) — 4 candidates, lookahead=1
  * left(agent4)                                        value=0.0000
    right(agent4)                                       value=0.0000
    wait(agent4)                                        value=0.0000
    up(agent4)                                          value=0.0000
        chosen: left(agent4)  (best_value=0.0000)
[DEBUG d>=2] k=2 (idx=3 in order) at (3, 9) — 4 candidates, lookahead=1
  * left(agent2)                                        value=0.0000
    right(agent2)                                       value=0.0000
    wait(agent2)                                        value=0.0000
    up(agent2)                                          value=0.0000
        chosen: left(agent2)  (best_value=0.0000)
[DEBUG d>=2] k=3 (idx=4 in order) at (13, 4) — 4 candidates, lookahead=1
    right(agent3)                                       value=-28.0000
  * wait(agent3)                                        value=-27.0000
    up(agent3)                                          value=-27.0000
    down(agent3)                                        value=-29.0000
        chosen: wait(agent3)  (best_value=-27.0000)
[DEBUG d>=2] k=1 (idx=5 in order) at (3, 10) — 4 candidates, lookahead=1
  * left(agent1)                                        value=0.0000
    right(agent1)                                       value=0.0000
    wait(agent1)                                        value=0.0000
    down(agent1)                                        value=0.0000
        chosen: left(agent1)  (best_value=0.0000)
[DEBUG d>=2] k=8 (idx=6 in order) at (4, 7) — 5 candidates, lookahead=1
  * left(agent8)                                        value=0.0000
    right(agent8)                                       value=0.0000
    wait(agent8)                                        value=0.0000
    up(agent8)                                          value=0.0000
    down(agent8)                                        value=0.0000
        chosen: left(agent8)  (best_value=0.0000)
[DEBUG d>=2] k=5 (idx=7 in order) at (13, 10) — 5 candidates, lookahead=1
    left(agent5)                                        value=-34.0000
    right(agent5)                                       value=-34.0000
  * wait(agent5)                                        value=-33.0000
    up(agent5)                                          value=-34.0000
    down(agent5)                                        value=-35.0000
        chosen: wait(agent5)  (best_value=-33.0000)
[DEBUG d>=2] k=6 (idx=8 in order) at (11, 7) — 4 candidates, lookahead=1
    left(agent6)                                        value=-41.0000
    wait(agent6)                                        value=-42.0000
    up(agent6)                                          value=-44.0000
  * down(agent6)                                        value=-39.0000
        chosen: down(agent6)  (best_value=-39.0000)
[DEBUG d>=2] k=7 (idx=1 in order) at (4, 10) — 5 candidates, lookahead=1
  * left(agent7)                                        value=-2.0000
    right(agent7)                                       value=-6.0000
    wait(agent7)                                        value=-4.0000
    up(agent7)                                          value=-4.0000
    down(agent7)                                        value=-4.0000
        chosen: left(agent7)  (best_value=-2.0000)
[DEBUG d>=2] k=4 (idx=2 in order) at (2, 8) — 3 candidates, lookahead=1
  * right(agent4)                                       value=0.0000
    wait(agent4)                                        value=0.0000
    up(agent4)                                          value=0.0000
        chosen: right(agent4)  (best_value=0.0000)
[DEBUG d>=2] k=2 (idx=3 in order) at (2, 9) — 3 candidates, lookahead=1
  * right(agent2)                                       value=0.0000
    wait(agent2)                                        value=0.0000
    up(agent2)                                          value=0.0000
        chosen: right(agent2)  (best_value=0.0000)
[DEBUG d>=2] k=3 (idx=4 in order) at (13, 4) — 4 candidates, lookahead=1
  * right(agent3)                                       value=-26.0000
    wait(agent3)                                        value=-27.0000
    up(agent3)                                          value=-27.0000
    down(agent3)                                        value=-30.0000
        chosen: right(agent3)  (best_value=-26.0000)
[DEBUG d>=2] k=1 (idx=5 in order) at (2, 10) — 3 candidates, lookahead=1
  * wait(agent1)                                        value=0.0000
    up(agent1)                                          value=0.0000
    down(agent1)                                        value=0.0000
        chosen: wait(agent1)  (best_value=0.0000)
[DEBUG d>=2] k=8 (idx=6 in order) at (3, 7) — 4 candidates, lookahead=1
  * left(agent8)                                        value=0.0000
    right(agent8)                                       value=0.0000
    wait(agent8)                                        value=0.0000
    up(agent8)                                          value=0.0000
        chosen: left(agent8)  (best_value=0.0000)
[DEBUG d>=2] k=5 (idx=7 in order) at (13, 10) — 5 candidates, lookahead=1
    left(agent5)                                        value=-34.0000
    right(agent5)                                       value=-34.0000
  * wait(agent5)                                        value=-33.0000
    up(agent5)                                          value=-34.0000
    down(agent5)                                        value=-37.0000
        chosen: wait(agent5)  (best_value=-33.0000)
[DEBUG d>=2] k=6 (idx=8 in order) at (11, 8) — 4 candidates, lookahead=1
    left(agent6)                                        value=-42.0000
    wait(agent6)                                        value=-41.0000
  * up(agent6)                                          value=-40.0000
    down(agent6)                                        value=-40.0000
        chosen: up(agent6)  (best_value=-40.0000)
[DEBUG d>=2] k=7 (idx=1 in order) at (3, 10) — 3 candidates, lookahead=1
    right(agent7)                                       value=-5.0000
  * wait(agent7)                                        value=-2.0000
    down(agent7)                                        value=-3.0000
        chosen: wait(agent7)  (best_value=-2.0000)
[DEBUG d>=2] k=4 (idx=2 in order) at (3, 8) — 4 candidates, lookahead=1
  * left(agent4)                                        value=0.0000
    right(agent4)                                       value=0.0000
    wait(agent4)                                        value=0.0000
    up(agent4)                                          value=0.0000
        chosen: left(agent4)  (best_value=0.0000)
[DEBUG d>=2] k=2 (idx=3 in order) at (3, 9) — 5 candidates, lookahead=1
  * left(agent2)                                        value=0.0000
    right(agent2)                                       value=0.0000
    wait(agent2)                                        value=0.0000
    up(agent2)                                          value=0.0000
    down(agent2)                                        value=0.0000
        chosen: left(agent2)  (best_value=0.0000)
[DEBUG d>=2] k=3 (idx=4 in order) at (14, 4) — 4 candidates, lookahead=1
    left(agent3)                                        value=-27.0000
    wait(agent3)                                        value=-28.0000
  * up(agent3)                                          value=-25.0000
    down(agent3)                                        value=-27.0000
        chosen: up(agent3)  (best_value=-25.0000)
[DEBUG d>=2] k=1 (idx=5 in order) at (2, 10) — 4 candidates, lookahead=1
  * right(agent1)                                       value=0.0000
    wait(agent1)                                        value=0.0000
    up(agent1)                                          value=0.0000
    down(agent1)                                        value=0.0000
        chosen: right(agent1)  (best_value=0.0000)
[DEBUG d>=2] k=8 (idx=6 in order) at (2, 7) — 3 candidates, lookahead=1
  * right(agent8)                                       value=0.0000
    wait(agent8)                                        value=0.0000
    up(agent8)                                          value=0.0000
        chosen: right(agent8)  (best_value=0.0000)
[DEBUG d>=2] k=5 (idx=7 in order) at (13, 10) — 5 candidates, lookahead=1
    left(agent5)                                        value=-32.0000
    right(agent5)                                       value=-34.0000
  * wait(agent5)                                        value=-31.0000
    up(agent5)                                          value=-34.0000
    down(agent5)                                        value=-33.0000
        chosen: wait(agent5)  (best_value=-31.0000)
[DEBUG d>=2] k=6 (idx=8 in order) at (11, 7) — 4 candidates, lookahead=1
    left(agent6)                                        value=-41.0000
  * wait(agent6)                                        value=-40.0000
    up(agent6)                                          value=-41.0000
    down(agent6)                                        value=-41.0000
        chosen: wait(agent6)  (best_value=-40.0000)
[DEBUG d>=2] k=7 (idx=1 in order) at (3, 10) — 4 candidates, lookahead=1
    right(agent7)                                       value=-5.0000
    wait(agent7)                                        value=-4.0000
  * up(agent7)                                          value=-2.0000
    down(agent7)                                        value=-3.0000
        chosen: up(agent7)  (best_value=-2.0000)
[DEBUG d>=2] k=4 (idx=2 in order) at (2, 8) — 3 candidates, lookahead=1
  * right(agent4)                                       value=0.0000
    wait(agent4)                                        value=0.0000
    up(agent4)                                          value=0.0000
        chosen: right(agent4)  (best_value=0.0000)
[DEBUG d>=2] k=2 (idx=3 in order) at (2, 9) — 3 candidates, lookahead=1
  * right(agent2)                                       value=0.0000
    wait(agent2)                                        value=0.0000
    up(agent2)                                          value=0.0000
        chosen: right(agent2)  (best_value=0.0000)
[DEBUG d>=2] k=3 (idx=4 in order) at (14, 3) — 4 candidates, lookahead=1
    left(agent3)                                        value=-27.0000
    wait(agent3)                                        value=-29.0000
  * up(agent3)                                          value=-24.0000
    down(agent3)                                        value=-30.0000
        chosen: up(agent3)  (best_value=-24.0000)
[DEBUG d>=2] k=1 (idx=5 in order) at (2, 10) — 3 candidates, lookahead=1
  * right(agent1)                                       value=0.0000
    wait(agent1)                                        value=0.0000
    down(agent1)                                        value=0.0000
        chosen: right(agent1)  (best_value=0.0000)
[DEBUG d>=2] k=8 (idx=6 in order) at (3, 7) — 5 candidates, lookahead=1
  * left(agent8)                                        value=0.0000
    right(agent8)                                       value=0.0000
    wait(agent8)                                        value=0.0000
    up(agent8)                                          value=0.0000
    down(agent8)                                        value=0.0000
        chosen: left(agent8)  (best_value=0.0000)
[DEBUG d>=2] k=5 (idx=7 in order) at (13, 10) — 5 candidates, lookahead=1
    left(agent5)                                        value=-35.0000
    right(agent5)                                       value=-33.0000
    wait(agent5)                                        value=-33.0000
  * up(agent5)                                          value=-30.0000
    down(agent5)                                        value=-32.0000
        chosen: up(agent5)  (best_value=-30.0000)
[DEBUG d>=2] k=6 (idx=8 in order) at (11, 7) — 4 candidates, lookahead=1
    left(agent6)                                        value=-41.0000
    wait(agent6)                                        value=-44.0000
    up(agent6)                                          value=-41.0000
  * down(agent6)                                        value=-40.0000
        chosen: down(agent6)  (best_value=-40.0000)
[DEBUG d>=2] k=7 (idx=1 in order) at (3, 9) — 2 candidates, lookahead=1
    right(agent7)                                       value=-4.0000
  * wait(agent7)                                        value=-2.0000
        chosen: wait(agent7)  (best_value=-2.0000)
[DEBUG d>=2] k=4 (idx=2 in order) at (3, 8) — 5 candidates, lookahead=1
  * left(agent4)                                        value=0.0000
    right(agent4)                                       value=0.0000
    wait(agent4)                                        value=0.0000
    up(agent4)                                          value=0.0000
    down(agent4)                                        value=0.0000
        chosen: left(agent4)  (best_value=0.0000)
[DEBUG d>=2] k=2 (idx=3 in order) at (2, 9) — 4 candidates, lookahead=1
  * right(agent2)                                       value=0.0000
    wait(agent2)                                        value=0.0000
    up(agent2)                                          value=0.0000
    down(agent2)                                        value=0.0000
        chosen: right(agent2)  (best_value=0.0000)
[DEBUG d>=2] k=3 (idx=4 in order) at (14, 2) — 4 candidates, lookahead=1
    left(agent3)                                        value=-25.0000
  * collect1(agent3, well1)                             value=-23.0000
    wait(agent3)                                        value=-25.0000
    down(agent3)                                        value=-27.0000
        chosen: collect1(agent3, well1)  (best_value=-23.0000)
[DEBUG d>=2] k=1 (idx=5 in order) at (3, 10) — 4 candidates, lookahead=1
  * left(agent1)                                        value=0.0000
    right(agent1)                                       value=0.0000
    wait(agent1)                                        value=0.0000
    down(agent1)                                        value=0.0000
        chosen: left(agent1)  (best_value=0.0000)
[DEBUG d>=2] k=8 (idx=6 in order) at (2, 7) — 3 candidates, lookahead=1
  * right(agent8)                                       value=0.0000
    wait(agent8)                                        value=0.0000
    up(agent8)                                          value=0.0000
        chosen: right(agent8)  (best_value=0.0000)
[DEBUG d>=2] k=5 (idx=7 in order) at (13, 9) — 4 candidates, lookahead=1
    right(agent5)                                       value=-33.0000
    wait(agent5)                                        value=-32.0000
  * up(agent5)                                          value=-30.0000
    down(agent5)                                        value=-33.0000
        chosen: up(agent5)  (best_value=-30.0000)
[DEBUG d>=2] k=6 (idx=8 in order) at (11, 8) — 4 candidates, lookahead=1
    left(agent6)                                        value=-42.0000
    wait(agent6)                                        value=-41.0000
    up(agent6)                                          value=-41.0000
  * down(agent6)                                        value=-38.0000
        chosen: down(agent6)  (best_value=-38.0000)
[DEBUG d>=2] k=7 (idx=1 in order) at (3, 9) — 4 candidates, lookahead=1
    right(agent7)                                       value=-5.0000
    wait(agent7)                                        value=-5.0000
    up(agent7)                                          value=-4.0000
  * down(agent7)                                        value=-3.0000
        chosen: down(agent7)  (best_value=-3.0000)
[DEBUG d>=2] k=4 (idx=2 in order) at (2, 8) — 3 candidates, lookahead=1
  * right(agent4)                                       value=0.0000
    wait(agent4)                                        value=0.0000
    up(agent4)                                          value=0.0000
        chosen: right(agent4)  (best_value=0.0000)
[DEBUG d>=2] k=2 (idx=3 in order) at (2, 9) — 2 candidates, lookahead=1
  * right(agent2)                                       value=0.0000
    wait(agent2)                                        value=0.0000
        chosen: right(agent2)  (best_value=0.0000)
[DEBUG d>=2] k=1 (idx=5 in order) at (2, 10) — 2 candidates, lookahead=1
  * wait(agent1)                                        value=0.0000
    down(agent1)                                        value=0.0000
        chosen: wait(agent1)  (best_value=0.0000)
[DEBUG d>=2] k=8 (idx=6 in order) at (3, 7) — 4 candidates, lookahead=1
  * left(agent8)                                        value=0.0000
    right(agent8)                                       value=0.0000
    wait(agent8)                                        value=0.0000
    up(agent8)                                          value=0.0000
        chosen: left(agent8)  (best_value=0.0000)
[DEBUG d>=2] k=5 (idx=7 in order) at (13, 8) — 4 candidates, lookahead=1
    right(agent5)                                       value=-32.0000
    wait(agent5)                                        value=-33.0000
  * up(agent5)                                          value=-31.0000
    down(agent5)                                        value=-32.0000
        chosen: up(agent5)  (best_value=-31.0000)
[DEBUG d>=2] k=6 (idx=8 in order) at (11, 9) — 4 candidates, lookahead=1
    left(agent6)                                        value=-41.0000
    wait(agent6)                                        value=-40.0000
    up(agent6)                                          value=-41.0000
  * down(agent6)                                        value=-39.0000
        chosen: down(agent6)  (best_value=-39.0000)
[DEBUG d>=2] k=7 (idx=1 in order) at (3, 10) — 3 candidates, lookahead=1
    right(agent7)                                       value=-3.0000
  * wait(agent7)                                        value=-2.0000
    down(agent7)                                        value=-3.0000
        chosen: wait(agent7)  (best_value=-2.0000)
[DEBUG d>=2] k=4 (idx=2 in order) at (3, 8) — 4 candidates, lookahead=1
  * left(agent4)                                        value=0.0000
    right(agent4)                                       value=0.0000
    wait(agent4)                                        value=0.0000
    up(agent4)                                          value=0.0000
        chosen: left(agent4)  (best_value=0.0000)
[DEBUG d>=2] k=2 (idx=3 in order) at (3, 9) — 5 candidates, lookahead=1
  * left(agent2)                                        value=0.0000
    right(agent2)                                       value=0.0000
    wait(agent2)                                        value=0.0000
    up(agent2)                                          value=0.0000
    down(agent2)                                        value=0.0000
        chosen: left(agent2)  (best_value=0.0000)
[DEBUG d>=2] k=1 (idx=5 in order) at (2, 10) — 3 candidates, lookahead=1
  * wait(agent1)                                        value=0.0000
    up(agent1)                                          value=0.0000
    down(agent1)                                        value=0.0000
        chosen: wait(agent1)  (best_value=0.0000)
[DEBUG d>=2] k=8 (idx=6 in order) at (2, 7) — 3 candidates, lookahead=1
  * right(agent8)                                       value=0.0000
    wait(agent8)                                        value=0.0000
    up(agent8)                                          value=0.0000
        chosen: right(agent8)  (best_value=0.0000)
[DEBUG d>=2] k=5 (idx=7 in order) at (13, 7) — 4 candidates, lookahead=1
    right(agent5)                                       value=-31.0000
  * wait(agent5)                                        value=-30.0000
    up(agent5)                                          value=-30.0000
    down(agent5)                                        value=-33.0000
        chosen: wait(agent5)  (best_value=-30.0000)
[DEBUG d>=2] k=6 (idx=8 in order) at (11, 10) — 5 candidates, lookahead=1
    left(agent6)                                        value=-39.0000
  * right(agent6)                                       value=-36.0000
    wait(agent6)                                        value=-37.0000
    up(agent6)                                          value=-38.0000
    down(agent6)                                        value=-38.0000
        chosen: right(agent6)  (best_value=-36.0000)
[DEBUG d>=2] k=7 (idx=1 in order) at (3, 10) — 4 candidates, lookahead=1
    right(agent7)                                       value=-4.0000
    wait(agent7)                                        value=-4.0000
  * up(agent7)                                          value=-3.0000
    down(agent7)                                        value=-3.0000
        chosen: up(agent7)  (best_value=-3.0000)
[DEBUG d>=2] k=4 (idx=2 in order) at (2, 8) — 3 candidates, lookahead=1
  * right(agent4)                                       value=0.0000
    wait(agent4)                                        value=0.0000
    up(agent4)                                          value=0.0000
        chosen: right(agent4)  (best_value=0.0000)
[DEBUG d>=2] k=2 (idx=3 in order) at (2, 9) — 3 candidates, lookahead=1
  * right(agent2)                                       value=0.0000
    wait(agent2)                                        value=0.0000
    up(agent2)                                          value=0.0000
        chosen: right(agent2)  (best_value=0.0000)
[DEBUG d>=2] k=3 (idx=4 in order) at (14, 2) — 3 candidates, lookahead=1
    left(agent3)                                        value=-24.0000
  * wait(agent3)                                        value=-23.0000
    down(agent3)                                        value=-24.0000
        chosen: wait(agent3)  (best_value=-23.0000)
[DEBUG d>=2] k=1 (idx=5 in order) at (2, 10) — 3 candidates, lookahead=1
  * right(agent1)                                       value=0.0000
    wait(agent1)                                        value=0.0000
    down(agent1)                                        value=0.0000
        chosen: right(agent1)  (best_value=0.0000)
[DEBUG d>=2] k=8 (idx=6 in order) at (3, 7) — 4 candidates, lookahead=1
  * left(agent8)                                        value=0.0000
    right(agent8)                                       value=0.0000
    wait(agent8)                                        value=0.0000
    up(agent8)                                          value=0.0000
        chosen: left(agent8)  (best_value=0.0000)
[DEBUG d>=2] k=5 (idx=7 in order) at (13, 7) — 4 candidates, lookahead=1
    right(agent5)                                       value=-34.0000
  * wait(agent5)                                        value=-32.0000
    up(agent5)                                          value=-33.0000
    down(agent5)                                        value=-35.0000
        chosen: wait(agent5)  (best_value=-32.0000)
[DEBUG d>=2] k=6 (idx=8 in order) at (12, 10) — 4 candidates, lookahead=1
    left(agent6)                                        value=-41.0000
  * right(agent6)                                       value=-36.0000
    wait(agent6)                                        value=-39.0000
    down(agent6)                                        value=-39.0000
        chosen: right(agent6)  (best_value=-36.0000)
[DEBUG d>=2] k=7 (idx=1 in order) at (3, 9) — 2 candidates, lookahead=1
    right(agent7)                                       value=-3.0000
  * wait(agent7)                                        value=-2.0000
        chosen: wait(agent7)  (best_value=-2.0000)
[DEBUG d>=2] k=4 (idx=2 in order) at (3, 8) — 5 candidates, lookahead=1
  * left(agent4)                                        value=0.0000
    right(agent4)                                       value=0.0000
    wait(agent4)                                        value=0.0000
    up(agent4)                                          value=0.0000
    down(agent4)                                        value=0.0000
        chosen: left(agent4)  (best_value=0.0000)
[DEBUG d>=2] k=2 (idx=3 in order) at (2, 9) — 3 candidates, lookahead=1
  * right(agent2)                                       value=0.0000
    wait(agent2)                                        value=0.0000
    down(agent2)                                        value=0.0000
        chosen: right(agent2)  (best_value=0.0000)
[DEBUG d>=2] k=3 (idx=4 in order) at (14, 2) — 3 candidates, lookahead=1
    left(agent3)                                        value=-22.0000
  * wait(agent3)                                        value=-21.0000
    down(agent3)                                        value=-22.0000
        chosen: wait(agent3)  (best_value=-21.0000)
[DEBUG d>=2] k=1 (idx=5 in order) at (3, 10) — 4 candidates, lookahead=1
  * left(agent1)                                        value=0.0000
    right(agent1)                                       value=0.0000
    wait(agent1)                                        value=0.0000
    down(agent1)                                        value=0.0000
        chosen: left(agent1)  (best_value=0.0000)
[DEBUG d>=2] k=8 (idx=6 in order) at (2, 7) — 3 candidates, lookahead=1
  * right(agent8)                                       value=0.0000
    wait(agent8)                                        value=0.0000
    up(agent8)                                          value=0.0000
        chosen: right(agent8)  (best_value=0.0000)
[DEBUG d>=2] k=5 (idx=7 in order) at (13, 7) — 4 candidates, lookahead=1
    right(agent5)                                       value=-31.0000
    wait(agent5)                                        value=-32.0000
  * up(agent5)                                          value=-29.0000
    down(agent5)                                        value=-31.0000
        chosen: up(agent5)  (best_value=-29.0000)
[DEBUG d>=2] k=6 (idx=8 in order) at (13, 10) — 5 candidates, lookahead=1
    left(agent6)                                        value=-38.0000
  * right(agent6)                                       value=-34.0000
    wait(agent6)                                        value=-37.0000
    up(agent6)                                          value=-36.0000
    down(agent6)                                        value=-38.0000
        chosen: right(agent6)  (best_value=-34.0000)
[DEBUG d>=2] k=7 (idx=1 in order) at (3, 9) — 4 candidates, lookahead=1
    right(agent7)                                       value=-6.0000
    wait(agent7)                                        value=-7.0000
    up(agent7)                                          value=-3.0000
  * down(agent7)                                        value=-2.0000
        chosen: down(agent7)  (best_value=-2.0000)
[DEBUG d>=2] k=4 (idx=2 in order) at (2, 8) — 3 candidates, lookahead=1
  * right(agent4)                                       value=0.0000
    wait(agent4)                                        value=0.0000
    up(agent4)                                          value=0.0000
        chosen: right(agent4)  (best_value=0.0000)
[DEBUG d>=2] k=2 (idx=3 in order) at (2, 9) — 2 candidates, lookahead=1
  * right(agent2)                                       value=0.0000
    wait(agent2)                                        value=0.0000
        chosen: right(agent2)  (best_value=0.0000)
[DEBUG d>=2] k=3 (idx=4 in order) at (14, 2) — 3 candidates, lookahead=1
    left(agent3)                                        value=-24.0000
    wait(agent3)                                        value=-23.0000
  * down(agent3)                                        value=-21.0000
        chosen: down(agent3)  (best_value=-21.0000)
[DEBUG d>=2] k=1 (idx=5 in order) at (2, 10) — 3 candidates, lookahead=1
  * wait(agent1)                                        value=0.0000
    up(agent1)                                          value=0.0000
    down(agent1)                                        value=0.0000
        chosen: wait(agent1)  (best_value=0.0000)
[DEBUG d>=2] k=8 (idx=6 in order) at (3, 7) — 5 candidates, lookahead=1
  * left(agent8)                                        value=0.0000
    right(agent8)                                       value=0.0000
    wait(agent8)                                        value=0.0000
    up(agent8)                                          value=0.0000
    down(agent8)                                        value=0.0000
        chosen: left(agent8)  (best_value=0.0000)
[DEBUG d>=2] k=5 (idx=7 in order) at (13, 6) — 4 candidates, lookahead=1
    right(agent5)                                       value=-34.0000
    wait(agent5)                                        value=-31.0000
  * up(agent5)                                          value=-28.0000
    down(agent5)                                        value=-30.0000
        chosen: up(agent5)  (best_value=-28.0000)
[DEBUG d>=2] k=6 (idx=8 in order) at (14, 10) — 4 candidates, lookahead=1
    left(agent6)                                        value=-37.0000
    wait(agent6)                                        value=-37.0000
  * up(agent6)                                          value=-35.0000
    down(agent6)                                        value=-37.0000
        chosen: up(agent6)  (best_value=-35.0000)
[DEBUG d>=2] k=7 (idx=1 in order) at (3, 10) — 3 candidates, lookahead=1
    right(agent7)                                       value=-4.0000
  * wait(agent7)                                        value=-3.0000
    down(agent7)                                        value=-3.0000
        chosen: wait(agent7)  (best_value=-3.0000)
[DEBUG d>=2] k=4 (idx=2 in order) at (3, 8) — 4 candidates, lookahead=1
  * left(agent4)                                        value=0.0000
    right(agent4)                                       value=0.0000
    wait(agent4)                                        value=0.0000
    up(agent4)                                          value=0.0000
        chosen: left(agent4)  (best_value=0.0000)
[DEBUG d>=2] k=2 (idx=3 in order) at (3, 9) — 5 candidates, lookahead=1
  * left(agent2)                                        value=0.0000
    right(agent2)                                       value=0.0000
    wait(agent2)                                        value=0.0000
    up(agent2)                                          value=0.0000
    down(agent2)                                        value=0.0000
        chosen: left(agent2)  (best_value=0.0000)
[DEBUG d>=2] k=3 (idx=4 in order) at (14, 3) — 4 candidates, lookahead=1
    left(agent3)                                        value=-23.0000
  * wait(agent3)                                        value=-22.0000
    up(agent3)                                          value=-23.0000
    down(agent3)                                        value=-22.0000
        chosen: wait(agent3)  (best_value=-22.0000)
[DEBUG d>=2] k=1 (idx=5 in order) at (2, 10) — 4 candidates, lookahead=1
  * right(agent1)                                       value=0.0000
    wait(agent1)                                        value=0.0000
    up(agent1)                                          value=0.0000
    down(agent1)                                        value=0.0000
        chosen: right(agent1)  (best_value=0.0000)
[DEBUG d>=2] k=8 (idx=6 in order) at (2, 7) — 4 candidates, lookahead=1
  * right(agent8)                                       value=0.0000
    wait(agent8)                                        value=0.0000
    up(agent8)                                          value=0.0000
    down(agent8)                                        value=0.0000
        chosen: right(agent8)  (best_value=0.0000)
[DEBUG d>=2] k=5 (idx=7 in order) at (13, 5) — 4 candidates, lookahead=1
  * right(agent5)                                       value=-27.0000
    wait(agent5)                                        value=-30.0000
    up(agent5)                                          value=-29.0000
    down(agent5)                                        value=-29.0000
        chosen: right(agent5)  (best_value=-27.0000)
[DEBUG d>=2] k=6 (idx=8 in order) at (14, 9) — 4 candidates, lookahead=1
    left(agent6)                                        value=-Inf
    wait(agent6)                                        value=-Inf
    up(agent6)                                          value=-Inf
    down(agent6)                                        value=-Inf
        chosen: FALLBACK  (best_value=-Inf)
[DEBUG d>=2] k=7 (idx=1 in order) at (3, 10) — 4 candidates, lookahead=1
    right(agent7)                                       value=-5.0000
  * wait(agent7)                                        value=-2.0000
    up(agent7)                                          value=-5.0000
    down(agent7)                                        value=-3.0000
        chosen: wait(agent7)  (best_value=-2.0000)
[DEBUG d>=2] k=4 (idx=2 in order) at (2, 8) — 3 candidates, lookahead=1
  * right(agent4)                                       value=0.0000
    wait(agent4)                                        value=0.0000
    up(agent4)                                          value=0.0000
        chosen: right(agent4)  (best_value=0.0000)
[DEBUG d>=2] k=2 (idx=3 in order) at (2, 9) — 3 candidates, lookahead=1
  * right(agent2)                                       value=0.0000
    wait(agent2)                                        value=0.0000
    up(agent2)                                          value=0.0000
        chosen: right(agent2)  (best_value=0.0000)
[DEBUG d>=2] k=3 (idx=4 in order) at (14, 3) — 4 candidates, lookahead=1
    left(agent3)                                        value=-25.0000
  * wait(agent3)                                        value=-22.0000
    up(agent3)                                          value=-24.0000
    down(agent3)                                        value=-23.0000
        chosen: wait(agent3)  (best_value=-22.0000)
[DEBUG d>=2] k=1 (idx=5 in order) at (2, 10) — 4 candidates, lookahead=1
  * right(agent1)                                       value=0.0000
    wait(agent1)                                        value=0.0000
    up(agent1)                                          value=0.0000
    down(agent1)                                        value=0.0000
        chosen: right(agent1)  (best_value=0.0000)
[DEBUG d>=2] k=8 (idx=6 in order) at (3, 7) — 5 candidates, lookahead=1
  * left(agent8)                                        value=0.0000
    right(agent8)                                       value=0.0000
    wait(agent8)                                        value=0.0000
    up(agent8)                                          value=0.0000
    down(agent8)                                        value=0.0000
        chosen: left(agent8)  (best_value=0.0000)
[DEBUG d>=2] k=5 (idx=7 in order) at (14, 5) — 3 candidates, lookahead=1
    left(agent5)                                        value=-28.0000
  * wait(agent5)                                        value=-27.0000
    down(agent5)                                        value=-28.0000
        chosen: wait(agent5)  (best_value=-27.0000)
[DEBUG d>=2] k=6 (idx=8 in order) at (13, 9) — 4 candidates, lookahead=1
    right(agent6)                                       value=-Inf
    wait(agent6)                                        value=-Inf
    up(agent6)                                          value=-Inf
    down(agent6)                                        value=-Inf
        chosen: FALLBACK  (best_value=-Inf)
[DEBUG d>=2] k=7 (idx=1 in order) at (3, 10) — 3 candidates, lookahead=1
  * right(agent7)                                       value=-3.0000
    wait(agent7)                                        value=-4.0000
    down(agent7)                                        value=-3.0000
        chosen: right(agent7)  (best_value=-3.0000)
[DEBUG d>=2] k=4 (idx=2 in order) at (3, 8) — 4 candidates, lookahead=1
  * left(agent4)                                        value=0.0000
    right(agent4)                                       value=0.0000
    wait(agent4)                                        value=0.0000
    up(agent4)                                          value=0.0000
        chosen: left(agent4)  (best_value=0.0000)
[DEBUG d>=2] k=2 (idx=3 in order) at (3, 9) — 5 candidates, lookahead=1
  * left(agent2)                                        value=0.0000
    right(agent2)                                       value=0.0000
    wait(agent2)                                        value=0.0000
    up(agent2)                                          value=0.0000
    down(agent2)                                        value=0.0000
        chosen: left(agent2)  (best_value=0.0000)
[DEBUG d>=2] k=3 (idx=4 in order) at (14, 3) — 4 candidates, lookahead=1
    left(agent3)                                        value=-24.0000
    wait(agent3)                                        value=-22.0000
    up(agent3)                                          value=-24.0000
  * down(agent3)                                        value=-21.0000
        chosen: down(agent3)  (best_value=-21.0000)
[DEBUG d>=2] k=1 (idx=5 in order) at (2, 10) — 4 candidates, lookahead=1
  * right(agent1)                                       value=0.0000
    wait(agent1)                                        value=0.0000
    up(agent1)                                          value=0.0000
    down(agent1)                                        value=0.0000
        chosen: right(agent1)  (best_value=0.0000)
[DEBUG d>=2] k=8 (idx=6 in order) at (2, 7) — 4 candidates, lookahead=1
  * right(agent8)                                       value=0.0000
    wait(agent8)                                        value=0.0000
    up(agent8)                                          value=0.0000
    down(agent8)                                        value=0.0000
        chosen: right(agent8)  (best_value=0.0000)
[DEBUG d>=2] k=5 (idx=7 in order) at (14, 5) — 4 candidates, lookahead=1
  * left(agent5)                                        value=-28.0000
    wait(agent5)                                        value=-30.0000
    up(agent5)                                          value=-29.0000
    down(agent5)                                        value=-31.0000
        chosen: left(agent5)  (best_value=-28.0000)
[DEBUG d>=2] k=6 (idx=8 in order) at (13, 10) — 5 candidates, lookahead=1
    left(agent6)                                        value=-Inf
    right(agent6)                                       value=-Inf
    wait(agent6)                                        value=-Inf
    up(agent6)                                          value=-Inf
    down(agent6)                                        value=-Inf
        chosen: FALLBACK  (best_value=-Inf)
[DEBUG d>=2] k=7 (idx=1 in order) at (4, 10) — 4 candidates, lookahead=1
    right(agent7)                                       value=-6.0000
  * wait(agent7)                                        value=-3.0000
    up(agent7)                                          value=-6.0000
    down(agent7)                                        value=-4.0000
        chosen: wait(agent7)  (best_value=-3.0000)
[DEBUG d>=2] k=4 (idx=2 in order) at (2, 8) — 3 candidates, lookahead=1
  * right(agent4)                                       value=0.0000
    wait(agent4)                                        value=0.0000
    up(agent4)                                          value=0.0000
        chosen: right(agent4)  (best_value=0.0000)
[DEBUG d>=2] k=2 (idx=3 in order) at (2, 9) — 4 candidates, lookahead=1
  * right(agent2)                                       value=0.0000
    wait(agent2)                                        value=0.0000
    up(agent2)                                          value=0.0000
    down(agent2)                                        value=0.0000
        chosen: right(agent2)  (best_value=0.0000)
[DEBUG d>=2] k=3 (idx=4 in order) at (14, 4) — 4 candidates, lookahead=1
  * left(agent3)                                        value=-22.0000
    wait(agent3)                                        value=-23.0000
    up(agent3)                                          value=-24.0000
    down(agent3)                                        value=-22.0000
        chosen: left(agent3)  (best_value=-22.0000)
[DEBUG d>=2] k=1 (idx=5 in order) at (3, 10) — 5 candidates, lookahead=1
  * left(agent1)                                        value=0.0000
    right(agent1)                                       value=0.0000
    wait(agent1)                                        value=0.0000
    up(agent1)                                          value=0.0000
    down(agent1)                                        value=0.0000
        chosen: left(agent1)  (best_value=0.0000)
[DEBUG d>=2] k=8 (idx=6 in order) at (3, 7) — 4 candidates, lookahead=1
  * left(agent8)                                        value=0.0000
    right(agent8)                                       value=0.0000
    wait(agent8)                                        value=0.0000
    up(agent8)                                          value=0.0000
        chosen: left(agent8)  (best_value=0.0000)
[DEBUG d>=2] k=5 (idx=7 in order) at (13, 5) — 3 candidates, lookahead=1
  * wait(agent5)                                        value=-26.0000
    up(agent5)                                          value=-30.0000
    down(agent5)                                        value=-33.0000
        chosen: wait(agent5)  (best_value=-26.0000)
[DEBUG d>=2] k=6 (idx=8 in order) at (13, 10) — 5 candidates, lookahead=1
    left(agent6)                                        value=-Inf
    right(agent6)                                       value=-Inf
    wait(agent6)                                        value=-Inf
    up(agent6)                                          value=-Inf
    down(agent6)                                        value=-Inf
        chosen: FALLBACK  (best_value=-Inf)
[DEBUG d>=2] k=7 (idx=1 in order) at (4, 10) — 5 candidates, lookahead=1
  * left(agent7)                                        value=-2.0000
    right(agent7)                                       value=-5.0000
    wait(agent7)                                        value=-3.0000
    up(agent7)                                          value=-3.0000
    down(agent7)                                        value=-4.0000
        chosen: left(agent7)  (best_value=-2.0000)
[DEBUG d>=2] k=4 (idx=2 in order) at (3, 8) — 4 candidates, lookahead=1
  * left(agent4)                                        value=0.0000
    right(agent4)                                       value=0.0000
    wait(agent4)                                        value=0.0000
    up(agent4)                                          value=0.0000
        chosen: left(agent4)  (best_value=0.0000)
[DEBUG d>=2] k=2 (idx=3 in order) at (3, 9) — 4 candidates, lookahead=1
  * left(agent2)                                        value=0.0000
    right(agent2)                                       value=0.0000
    wait(agent2)                                        value=0.0000
    down(agent2)                                        value=0.0000
        chosen: left(agent2)  (best_value=0.0000)
[DEBUG d>=2] k=3 (idx=4 in order) at (13, 4) — 3 candidates, lookahead=1
    right(agent3)                                       value=-21.0000
  * wait(agent3)                                        value=-20.0000
    up(agent3)                                          value=-23.0000
        chosen: wait(agent3)  (best_value=-20.0000)
[DEBUG d>=2] k=1 (idx=5 in order) at (2, 10) — 4 candidates, lookahead=1
  * right(agent1)                                       value=0.0000
    wait(agent1)                                        value=0.0000
    up(agent1)                                          value=0.0000
    down(agent1)                                        value=0.0000
        chosen: right(agent1)  (best_value=0.0000)
[DEBUG d>=2] k=8 (idx=6 in order) at (2, 7) — 4 candidates, lookahead=1
  * right(agent8)                                       value=0.0000
    wait(agent8)                                        value=0.0000
    up(agent8)                                          value=0.0000
    down(agent8)                                        value=0.0000
        chosen: right(agent8)  (best_value=0.0000)
[DEBUG d>=2] k=5 (idx=7 in order) at (13, 5) — 4 candidates, lookahead=1
    right(agent5)                                       value=-31.0000
  * wait(agent5)                                        value=-27.0000
    up(agent5)                                          value=-27.0000
    down(agent5)                                        value=-33.0000
        chosen: wait(agent5)  (best_value=-27.0000)
[DEBUG d>=2] k=6 (idx=8 in order) at (12, 10) — 4 candidates, lookahead=1
    left(agent6)                                        value=-Inf
    right(agent6)                                       value=-Inf
    wait(agent6)                                        value=-Inf
    down(agent6)                                        value=-Inf
        chosen: FALLBACK  (best_value=-Inf)
[DEBUG d>=2] k=7 (idx=1 in order) at (3, 10) — 4 candidates, lookahead=1
    right(agent7)                                       value=-4.0000
    wait(agent7)                                        value=-4.0000
  * up(agent7)                                          value=-2.0000
    down(agent7)                                        value=-3.0000
        chosen: up(agent7)  (best_value=-2.0000)
[DEBUG d>=2] k=4 (idx=2 in order) at (2, 8) — 3 candidates, lookahead=1
  * right(agent4)                                       value=0.0000
    wait(agent4)                                        value=0.0000
    up(agent4)                                          value=0.0000
        chosen: right(agent4)  (best_value=0.0000)
[DEBUG d>=2] k=2 (idx=3 in order) at (2, 9) — 3 candidates, lookahead=1
  * right(agent2)                                       value=0.0000
    wait(agent2)                                        value=0.0000
    up(agent2)                                          value=0.0000
        chosen: right(agent2)  (best_value=0.0000)
[DEBUG d>=2] k=3 (idx=4 in order) at (13, 4) — 3 candidates, lookahead=1
  * right(agent3)                                       value=-23.0000
    wait(agent3)                                        value=-24.0000
    up(agent3)                                          value=-24.0000
        chosen: right(agent3)  (best_value=-23.0000)
[DEBUG d>=2] k=1 (idx=5 in order) at (2, 10) — 3 candidates, lookahead=1
  * right(agent1)                                       value=0.0000
    wait(agent1)                                        value=0.0000
    down(agent1)                                        value=0.0000
        chosen: right(agent1)  (best_value=0.0000)
[DEBUG d>=2] k=8 (idx=6 in order) at (3, 7) — 5 candidates, lookahead=1
  * left(agent8)                                        value=0.0000
    right(agent8)                                       value=0.0000
    wait(agent8)                                        value=0.0000
    up(agent8)                                          value=0.0000
    down(agent8)                                        value=0.0000
        chosen: left(agent8)  (best_value=0.0000)
[DEBUG d>=2] k=5 (idx=7 in order) at (13, 5) — 4 candidates, lookahead=1
    right(agent5)                                       value=-33.0000
  * wait(agent5)                                        value=-28.0000
    up(agent5)                                          value=-28.0000
    down(agent5)                                        value=-31.0000
        chosen: wait(agent5)  (best_value=-28.0000)
[DEBUG d>=2] k=6 (idx=8 in order) at (12, 10) — 4 candidates, lookahead=1
    left(agent6)                                        value=-Inf
    right(agent6)                                       value=-Inf
    wait(agent6)                                        value=-Inf
    down(agent6)                                        value=-Inf
        chosen: FALLBACK  (best_value=-Inf)
[DEBUG d>=2] k=7 (idx=1 in order) at (3, 9) — 2 candidates, lookahead=1
    right(agent7)                                       value=-6.0000
  * wait(agent7)                                        value=-2.0000
        chosen: wait(agent7)  (best_value=-2.0000)
[DEBUG d>=2] k=4 (idx=2 in order) at (3, 8) — 5 candidates, lookahead=1
  * left(agent4)                                        value=0.0000
    right(agent4)                                       value=0.0000
    wait(agent4)                                        value=0.0000
    up(agent4)                                          value=0.0000
    down(agent4)                                        value=0.0000
        chosen: left(agent4)  (best_value=0.0000)
[DEBUG d>=2] k=2 (idx=3 in order) at (2, 9) — 4 candidates, lookahead=1
  * right(agent2)                                       value=0.0000
    wait(agent2)                                        value=0.0000
    up(agent2)                                          value=0.0000
    down(agent2)                                        value=0.0000
        chosen: right(agent2)  (best_value=0.0000)
[DEBUG d>=2] k=3 (idx=4 in order) at (14, 4) — 4 candidates, lookahead=1
  * left(agent3)                                        value=-20.0000
    wait(agent3)                                        value=-21.0000
    up(agent3)                                          value=-22.0000
    down(agent3)                                        value=-20.0000
        chosen: left(agent3)  (best_value=-20.0000)
[DEBUG d>=2] k=1 (idx=5 in order) at (3, 10) — 4 candidates, lookahead=1
  * left(agent1)                                        value=0.0000
    right(agent1)                                       value=0.0000
    wait(agent1)                                        value=0.0000
    down(agent1)                                        value=0.0000
        chosen: left(agent1)  (best_value=0.0000)
[DEBUG d>=2] k=8 (idx=6 in order) at (2, 7) — 4 candidates, lookahead=1
  * right(agent8)                                       value=0.0000
    wait(agent8)                                        value=0.0000
    up(agent8)                                          value=0.0000
    down(agent8)                                        value=0.0000
        chosen: right(agent8)  (best_value=0.0000)
[DEBUG d>=2] k=5 (idx=7 in order) at (13, 5) — 3 candidates, lookahead=1
    wait(agent5)                                        value=-28.0000
  * up(agent5)                                          value=-27.0000
    down(agent5)                                        value=-29.0000
        chosen: up(agent5)  (best_value=-27.0000)
[DEBUG d>=2] k=6 (idx=8 in order) at (11, 10) — 5 candidates, lookahead=1
    left(agent6)                                        value=-Inf
    right(agent6)                                       value=-Inf
    wait(agent6)                                        value=-Inf
    up(agent6)                                          value=-Inf
    down(agent6)                                        value=-Inf
        chosen: FALLBACK  (best_value=-Inf)
[DEBUG d>=2] k=7 (idx=1 in order) at (3, 9) — 4 candidates, lookahead=1
    right(agent7)                                       value=-4.0000
    wait(agent7)                                        value=-3.0000
    up(agent7)                                          value=-3.0000
  * down(agent7)                                        value=-2.0000
        chosen: down(agent7)  (best_value=-2.0000)
[DEBUG d>=2] k=4 (idx=2 in order) at (2, 8) — 3 candidates, lookahead=1
  * right(agent4)                                       value=0.0000
    wait(agent4)                                        value=0.0000
    up(agent4)                                          value=0.0000
        chosen: right(agent4)  (best_value=0.0000)
[DEBUG d>=2] k=2 (idx=3 in order) at (2, 9) — 3 candidates, lookahead=1
  * right(agent2)                                       value=0.0000
    wait(agent2)                                        value=0.0000
    up(agent2)                                          value=0.0000
        chosen: right(agent2)  (best_value=0.0000)
[DEBUG d>=2] k=3 (idx=4 in order) at (13, 4) — 3 candidates, lookahead=1
  * right(agent3)                                       value=-21.0000
    wait(agent3)                                        value=-22.0000
    up(agent3)                                          value=-23.0000
        chosen: right(agent3)  (best_value=-21.0000)
[DEBUG d>=2] k=1 (idx=5 in order) at (2, 10) — 3 candidates, lookahead=1
  * wait(agent1)                                        value=0.0000
    up(agent1)                                          value=0.0000
    down(agent1)                                        value=0.0000
        chosen: wait(agent1)  (best_value=0.0000)
[DEBUG d>=2] k=8 (idx=6 in order) at (3, 7) — 4 candidates, lookahead=1
  * right(agent8)                                       value=0.0000
    wait(agent8)                                        value=0.0000
    up(agent8)                                          value=0.0000
    down(agent8)                                        value=0.0000
        chosen: right(agent8)  (best_value=0.0000)
[DEBUG d>=2] k=5 (idx=7 in order) at (13, 5) — 4 candidates, lookahead=1
  * right(agent5)                                       value=-29.0000
    wait(agent5)                                        value=-29.0000
    up(agent5)                                          value=-29.0000
    down(agent5)                                        value=-30.0000
        chosen: right(agent5)  (best_value=-29.0000)
[DEBUG d>=2] k=6 (idx=8 in order) at (11, 10) — 5 candidates, lookahead=1
    left(agent6)                                        value=-Inf
    right(agent6)                                       value=-Inf
    wait(agent6)                                        value=-Inf
    up(agent6)                                          value=-Inf
    down(agent6)                                        value=-Inf
        chosen: FALLBACK  (best_value=-Inf)
[DEBUG d>=2] k=7 (idx=1 in order) at (3, 10) — 3 candidates, lookahead=1
    right(agent7)                                       value=-4.0000
  * wait(agent7)                                        value=-2.0000
    down(agent7)                                        value=-3.0000
        chosen: wait(agent7)  (best_value=-2.0000)
[DEBUG d>=2] k=4 (idx=2 in order) at (3, 8) — 4 candidates, lookahead=1
  * left(agent4)                                        value=0.0000
    right(agent4)                                       value=0.0000
    wait(agent4)                                        value=0.0000
    up(agent4)                                          value=0.0000
        chosen: left(agent4)  (best_value=0.0000)
[DEBUG d>=2] k=2 (idx=3 in order) at (3, 9) — 4 candidates, lookahead=1
  * left(agent2)                                        value=0.0000
    right(agent2)                                       value=0.0000
    wait(agent2)                                        value=0.0000
    down(agent2)                                        value=0.0000
        chosen: left(agent2)  (best_value=0.0000)
[DEBUG d>=2] k=3 (idx=4 in order) at (14, 4) — 3 candidates, lookahead=1
  * left(agent3)                                        value=-20.0000
    wait(agent3)                                        value=-21.0000
    up(agent3)                                          value=-22.0000
        chosen: left(agent3)  (best_value=-20.0000)
[DEBUG d>=2] k=1 (idx=5 in order) at (2, 10) — 4 candidates, lookahead=1
  * right(agent1)                                       value=0.0000
    wait(agent1)                                        value=0.0000
    up(agent1)                                          value=0.0000
    down(agent1)                                        value=0.0000
        chosen: right(agent1)  (best_value=0.0000)
[DEBUG d>=2] k=8 (idx=6 in order) at (4, 7) — 4 candidates, lookahead=1
  * left(agent8)                                        value=0.0000
    right(agent8)                                       value=0.0000
    wait(agent8)                                        value=0.0000
    up(agent8)                                          value=0.0000
        chosen: left(agent8)  (best_value=0.0000)
[DEBUG d>=2] k=5 (idx=7 in order) at (14, 5) — 4 candidates, lookahead=1
    left(agent5)                                        value=-32.0000
    wait(agent5)                                        value=-30.0000
  * up(agent5)                                          value=-27.0000
    down(agent5)                                        value=-28.0000
        chosen: up(agent5)  (best_value=-27.0000)
[DEBUG d>=2] k=6 (idx=8 in order) at (11, 11) — 5 candidates, lookahead=1
    left(agent6)                                        value=-Inf
    right(agent6)                                       value=-Inf
    wait(agent6)                                        value=-Inf
    up(agent6)                                          value=-Inf
    down(agent6)                                        value=-Inf
        chosen: FALLBACK  (best_value=-Inf)
[DEBUG d>=2] k=7 (idx=1 in order) at (3, 10) — 4 candidates, lookahead=1
    right(agent7)                                       value=-3.0000
  * wait(agent7)                                        value=-2.0000
    up(agent7)                                          value=-7.0000
    down(agent7)                                        value=-3.0000
        chosen: wait(agent7)  (best_value=-2.0000)
[DEBUG d>=2] k=4 (idx=2 in order) at (2, 8) — 3 candidates, lookahead=1
  * right(agent4)                                       value=0.0000
    wait(agent4)                                        value=0.0000
    up(agent4)                                          value=0.0000
        chosen: right(agent4)  (best_value=0.0000)
[DEBUG d>=2] k=2 (idx=3 in order) at (2, 9) — 2 candidates, lookahead=1
  * right(agent2)                                       value=0.0000
    wait(agent2)                                        value=0.0000
        chosen: right(agent2)  (best_value=0.0000)
[DEBUG d>=2] k=3 (idx=4 in order) at (13, 4) — 3 candidates, lookahead=1
  * wait(agent3)                                        value=-18.0000
    up(agent3)                                          value=-23.0000
    down(agent3)                                        value=-18.0000
        chosen: wait(agent3)  (best_value=-18.0000)
[DEBUG d>=2] k=1 (idx=5 in order) at (2, 10) — 4 candidates, lookahead=1
  * right(agent1)                                       value=0.0000
    wait(agent1)                                        value=0.0000
    up(agent1)                                          value=0.0000
    down(agent1)                                        value=0.0000
        chosen: right(agent1)  (best_value=0.0000)
[DEBUG d>=2] k=8 (idx=6 in order) at (3, 7) — 4 candidates, lookahead=1
  * left(agent8)                                        value=0.0000
    right(agent8)                                       value=0.0000
    wait(agent8)                                        value=0.0000
    up(agent8)                                          value=0.0000
        chosen: left(agent8)  (best_value=0.0000)
[DEBUG d>=2] k=5 (idx=7 in order) at (14, 4) — 4 candidates, lookahead=1
    left(agent5)                                        value=-29.0000
    wait(agent5)                                        value=-30.0000
  * up(agent5)                                          value=-27.0000
    down(agent5)                                        value=-29.0000
        chosen: up(agent5)  (best_value=-27.0000)
[DEBUG d>=2] k=6 (idx=8 in order) at (10, 11) — 5 candidates, lookahead=1
    left(agent6)                                        value=-40.0000
  * right(agent6)                                       value=-39.0000
    wait(agent6)                                        value=-43.0000
    up(agent6)                                          value=-40.0000
    down(agent6)                                        value=-44.0000
        chosen: right(agent6)  (best_value=-39.0000)
[DEBUG d>=2] k=7 (idx=1 in order) at (3, 10) — 3 candidates, lookahead=1
    right(agent7)                                       value=-5.0000
  * wait(agent7)                                        value=-2.0000
    down(agent7)                                        value=-3.0000
        chosen: wait(agent7)  (best_value=-2.0000)
[DEBUG d>=2] k=4 (idx=2 in order) at (3, 8) — 4 candidates, lookahead=1
  * left(agent4)                                        value=0.0000
    right(agent4)                                       value=0.0000
    wait(agent4)                                        value=0.0000
    up(agent4)                                          value=0.0000
        chosen: left(agent4)  (best_value=0.0000)
[DEBUG d>=2] k=2 (idx=3 in order) at (3, 9) — 5 candidates, lookahead=1
  * left(agent2)                                        value=0.0000
    right(agent2)                                       value=0.0000
    wait(agent2)                                        value=0.0000
    up(agent2)                                          value=0.0000
    down(agent2)                                        value=0.0000
        chosen: left(agent2)  (best_value=0.0000)
[DEBUG d>=2] k=3 (idx=4 in order) at (13, 4) — 4 candidates, lookahead=1
  * right(agent3)                                       value=-20.0000
    wait(agent3)                                        value=-21.0000
    up(agent3)                                          value=-20.0000
    down(agent3)                                        value=-21.0000
        chosen: right(agent3)  (best_value=-20.0000)
[DEBUG d>=2] k=1 (idx=5 in order) at (2, 10) — 4 candidates, lookahead=1
  * right(agent1)                                       value=0.0000
    wait(agent1)                                        value=0.0000
    up(agent1)                                          value=0.0000
    down(agent1)                                        value=0.0000
        chosen: right(agent1)  (best_value=0.0000)
[DEBUG d>=2] k=8 (idx=6 in order) at (2, 7) — 4 candidates, lookahead=1
  * right(agent8)                                       value=0.0000
    wait(agent8)                                        value=0.0000
    up(agent8)                                          value=0.0000
    down(agent8)                                        value=0.0000
        chosen: right(agent8)  (best_value=0.0000)
[DEBUG d>=2] k=5 (idx=7 in order) at (14, 3) — 4 candidates, lookahead=1
    left(agent5)                                        value=-30.0000
    wait(agent5)                                        value=-28.0000
  * up(agent5)                                          value=-24.0000
    down(agent5)                                        value=-26.0000
        chosen: up(agent5)  (best_value=-24.0000)
[DEBUG d>=2] k=6 (idx=8 in order) at (11, 11) — 5 candidates, lookahead=1
    left(agent6)                                        value=-39.0000
    right(agent6)                                       value=-40.0000
    wait(agent6)                                        value=-38.0000
  * up(agent6)                                          value=-37.0000
    down(agent6)                                        value=-42.0000
        chosen: up(agent6)  (best_value=-37.0000)
[DEBUG d>=2] k=7 (idx=1 in order) at (3, 10) — 4 candidates, lookahead=1
    right(agent7)                                       value=-3.0000
    wait(agent7)                                        value=-4.0000
  * up(agent7)                                          value=-2.0000
    down(agent7)                                        value=-3.0000
        chosen: up(agent7)  (best_value=-2.0000)
[DEBUG d>=2] k=4 (idx=2 in order) at (2, 8) — 3 candidates, lookahead=1
  * right(agent4)                                       value=0.0000
    wait(agent4)                                        value=0.0000
    up(agent4)                                          value=0.0000
        chosen: right(agent4)  (best_value=0.0000)
[DEBUG d>=2] k=2 (idx=3 in order) at (2, 9) — 2 candidates, lookahead=1
  * right(agent2)                                       value=0.0000
    wait(agent2)                                        value=0.0000
        chosen: right(agent2)  (best_value=0.0000)
[DEBUG d>=2] k=3 (idx=4 in order) at (14, 4) — 4 candidates, lookahead=1
  * left(agent3)                                        value=-20.0000
    wait(agent3)                                        value=-21.0000
    up(agent3)                                          value=-22.0000
    down(agent3)                                        value=-22.0000
        chosen: left(agent3)  (best_value=-20.0000)
[DEBUG d>=2] k=1 (idx=5 in order) at (2, 10) — 4 candidates, lookahead=1
  * right(agent1)                                       value=0.0000
    wait(agent1)                                        value=0.0000
    up(agent1)                                          value=0.0000
    down(agent1)                                        value=0.0000
        chosen: right(agent1)  (best_value=0.0000)
[DEBUG d>=2] k=8 (idx=6 in order) at (3, 7) — 4 candidates, lookahead=1
  * left(agent8)                                        value=0.0000
    right(agent8)                                       value=0.0000
    wait(agent8)                                        value=0.0000
    up(agent8)                                          value=0.0000
        chosen: left(agent8)  (best_value=0.0000)
[DEBUG d>=2] k=5 (idx=7 in order) at (14, 2) — 4 candidates, lookahead=1
  * left(agent5)                                        value=-25.0000
    collect1(agent5, well1)                             value=-27.0000
    wait(agent5)                                        value=-28.0000
    down(agent5)                                        value=-25.0000
        chosen: left(agent5)  (best_value=-25.0000)
[DEBUG d>=2] k=6 (idx=8 in order) at (11, 10) — 5 candidates, lookahead=1
    left(agent6)                                        value=-38.0000
    right(agent6)                                       value=-40.0000
  * wait(agent6)                                        value=-33.0000
    up(agent6)                                          value=-37.0000
    down(agent6)                                        value=-38.0000
        chosen: wait(agent6)  (best_value=-33.0000)
[DEBUG d>=2] k=7 (idx=1 in order) at (3, 9) — 2 candidates, lookahead=1
    right(agent7)                                       value=-4.0000
  * wait(agent7)                                        value=-2.0000
        chosen: wait(agent7)  (best_value=-2.0000)
[DEBUG d>=2] k=4 (idx=2 in order) at (3, 8) — 5 candidates, lookahead=1
  * left(agent4)                                        value=0.0000
    right(agent4)                                       value=0.0000
    wait(agent4)                                        value=0.0000
    up(agent4)                                          value=0.0000
    down(agent4)                                        value=0.0000
        chosen: left(agent4)  (best_value=0.0000)
[DEBUG d>=2] k=2 (idx=3 in order) at (2, 9) — 4 candidates, lookahead=1
  * right(agent2)                                       value=0.0000
    wait(agent2)                                        value=0.0000
    up(agent2)                                          value=0.0000
    down(agent2)                                        value=0.0000
        chosen: right(agent2)  (best_value=0.0000)
[DEBUG d>=2] k=3 (idx=4 in order) at (13, 4) — 4 candidates, lookahead=1
    right(agent3)                                       value=-21.0000
  * wait(agent3)                                        value=-20.0000
    up(agent3)                                          value=-21.0000
    down(agent3)                                        value=-20.0000
        chosen: wait(agent3)  (best_value=-20.0000)
[DEBUG d>=2] k=1 (idx=5 in order) at (3, 10) — 4 candidates, lookahead=1
  * right(agent1)                                       value=0.0000
    wait(agent1)                                        value=0.0000
    up(agent1)                                          value=0.0000
    down(agent1)                                        value=0.0000
        chosen: right(agent1)  (best_value=0.0000)
[DEBUG d>=2] k=8 (idx=6 in order) at (2, 7) — 4 candidates, lookahead=1
  * right(agent8)                                       value=0.0000
    wait(agent8)                                        value=0.0000
    up(agent8)                                          value=0.0000
    down(agent8)                                        value=0.0000
        chosen: right(agent8)  (best_value=0.0000)
[DEBUG d>=2] k=5 (idx=7 in order) at (13, 2) — 4 candidates, lookahead=1
  * right(agent5)                                       value=-26.0000
    collect1(agent5, well2)                             value=-26.0000
    wait(agent5)                                        value=-27.0000
    down(agent5)                                        value=-28.0000
        chosen: right(agent5)  (best_value=-26.0000)
[DEBUG d>=2] k=6 (idx=8 in order) at (11, 10) — 5 candidates, lookahead=1
    left(agent6)                                        value=-40.0000
  * right(agent6)                                       value=-36.0000
    wait(agent6)                                        value=-39.0000
    up(agent6)                                          value=-39.0000
    down(agent6)                                        value=-37.0000
        chosen: right(agent6)  (best_value=-36.0000)
[DEBUG d>=2] k=7 (idx=1 in order) at (3, 9) — 4 candidates, lookahead=1
    right(agent7)                                       value=-3.0000
  * wait(agent7)                                        value=-2.0000
    up(agent7)                                          value=-2.0000
    down(agent7)                                        value=-2.0000
        chosen: wait(agent7)  (best_value=-2.0000)
[DEBUG d>=2] k=4 (idx=2 in order) at (2, 8) — 3 candidates, lookahead=1
  * right(agent4)                                       value=0.0000
    wait(agent4)                                        value=0.0000
    up(agent4)                                          value=0.0000
        chosen: right(agent4)  (best_value=0.0000)
[DEBUG d>=2] k=2 (idx=3 in order) at (2, 9) — 4 candidates, lookahead=1
  * right(agent2)                                       value=0.0000
    wait(agent2)                                        value=0.0000
    up(agent2)                                          value=0.0000
    down(agent2)                                        value=0.0000
        chosen: right(agent2)  (best_value=0.0000)
[DEBUG d>=2] k=3 (idx=4 in order) at (13, 4) — 4 candidates, lookahead=1
  * right(agent3)                                       value=-21.0000
    wait(agent3)                                        value=-22.0000
    up(agent3)                                          value=-24.0000
    down(agent3)                                        value=-22.0000
        chosen: right(agent3)  (best_value=-21.0000)
[DEBUG d>=2] k=1 (idx=5 in order) at (4, 10) — 4 candidates, lookahead=1
  * right(agent1)                                       value=0.0000
    wait(agent1)                                        value=0.0000
    up(agent1)                                          value=0.0000
    down(agent1)                                        value=0.0000
        chosen: right(agent1)  (best_value=0.0000)
[DEBUG d>=2] k=8 (idx=6 in order) at (3, 7) — 5 candidates, lookahead=1
  * left(agent8)                                        value=0.0000
    right(agent8)                                       value=0.0000
    wait(agent8)                                        value=0.0000
    up(agent8)                                          value=0.0000
    down(agent8)                                        value=0.0000
        chosen: left(agent8)  (best_value=0.0000)
[DEBUG d>=2] k=5 (idx=7 in order) at (14, 2) — 4 candidates, lookahead=1
    left(agent5)                                        value=-27.0000
  * collect1(agent5, well1)                             value=-25.0000
    wait(agent5)                                        value=-26.0000
    down(agent5)                                        value=-29.0000
        chosen: collect1(agent5, well1)  (best_value=-25.0000)
[DEBUG d>=2] k=6 (idx=8 in order) at (12, 10) — 4 candidates, lookahead=1
    left(agent6)                                        value=-38.0000
  * right(agent6)                                       value=-37.0000
    wait(agent6)                                        value=-37.0000
    down(agent6)                                        value=-39.0000
        chosen: right(agent6)  (best_value=-37.0000)
[DEBUG d>=2] k=7 (idx=1 in order) at (3, 9) — 3 candidates, lookahead=1
    right(agent7)                                       value=-3.0000
    wait(agent7)                                        value=-3.0000
  * down(agent7)                                        value=-2.0000
        chosen: down(agent7)  (best_value=-2.0000)
[DEBUG d>=2] k=4 (idx=2 in order) at (3, 8) — 5 candidates, lookahead=1
  * left(agent4)                                        value=0.0000
    right(agent4)                                       value=0.0000
    wait(agent4)                                        value=0.0000
    up(agent4)                                          value=0.0000
    down(agent4)                                        value=0.0000
        chosen: left(agent4)  (best_value=0.0000)
[DEBUG d>=2] k=2 (idx=3 in order) at (2, 9) — 3 candidates, lookahead=1
  * right(agent2)                                       value=0.0000
    wait(agent2)                                        value=0.0000
    down(agent2)                                        value=0.0000
        chosen: right(agent2)  (best_value=0.0000)
[DEBUG d>=2] k=3 (idx=4 in order) at (14, 4) — 4 candidates, lookahead=1
    left(agent3)                                        value=-22.0000
  * wait(agent3)                                        value=-20.0000
    up(agent3)                                          value=-22.0000
    down(agent3)                                        value=-20.0000
        chosen: wait(agent3)  (best_value=-20.0000)
[DEBUG d>=2] k=1 (idx=5 in order) at (5, 10) — 5 candidates, lookahead=1
  * left(agent1)                                        value=0.0000
    right(agent1)                                       value=0.0000
    wait(agent1)                                        value=0.0000
    up(agent1)                                          value=0.0000
    down(agent1)                                        value=0.0000
        chosen: left(agent1)  (best_value=0.0000)
[DEBUG d>=2] k=8 (idx=6 in order) at (2, 7) — 4 candidates, lookahead=1
  * right(agent8)                                       value=0.0000
    wait(agent8)                                        value=0.0000
    up(agent8)                                          value=0.0000
    down(agent8)                                        value=0.0000
        chosen: right(agent8)  (best_value=0.0000)
[DEBUG d>=2] k=6 (idx=8 in order) at (13, 10) — 5 candidates, lookahead=1
    left(agent6)                                        value=-34.0000
    right(agent6)                                       value=-34.0000
  * wait(agent6)                                        value=-32.0000
    up(agent6)                                          value=-32.0000
    down(agent6)                                        value=-34.0000
        chosen: wait(agent6)  (best_value=-32.0000)
[DEBUG d>=2] k=7 (idx=1 in order) at (3, 10) — 3 candidates, lookahead=1
  * left(agent7)                                        value=-1.0000
    wait(agent7)                                        value=-2.0000
    down(agent7)                                        value=-3.0000
        chosen: left(agent7)  (best_value=-1.0000)
[DEBUG d>=2] k=4 (idx=2 in order) at (2, 8) — 4 candidates, lookahead=1
  * right(agent4)                                       value=0.0000
    wait(agent4)                                        value=0.0000
    up(agent4)                                          value=0.0000
    down(agent4)                                        value=0.0000
        chosen: right(agent4)  (best_value=0.0000)
[DEBUG d>=2] k=2 (idx=3 in order) at (3, 9) — 4 candidates, lookahead=1
  * right(agent2)                                       value=0.0000
    wait(agent2)                                        value=0.0000
    up(agent2)                                          value=0.0000
    down(agent2)                                        value=0.0000
        chosen: right(agent2)  (best_value=0.0000)
[DEBUG d>=2] k=3 (idx=4 in order) at (14, 4) — 4 candidates, lookahead=1
    left(agent3)                                        value=-22.0000
    wait(agent3)                                        value=-21.0000
    up(agent3)                                          value=-21.0000
  * down(agent3)                                        value=-20.0000
        chosen: down(agent3)  (best_value=-20.0000)
[DEBUG d>=2] k=1 (idx=5 in order) at (4, 10) — 5 candidates, lookahead=1
  * left(agent1)                                        value=0.0000
    right(agent1)                                       value=0.0000
    wait(agent1)                                        value=0.0000
    up(agent1)                                          value=0.0000
    down(agent1)                                        value=0.0000
        chosen: left(agent1)  (best_value=0.0000)
[DEBUG d>=2] k=8 (idx=6 in order) at (3, 7) — 4 candidates, lookahead=1
  * right(agent8)                                       value=0.0000
    wait(agent8)                                        value=0.0000
    up(agent8)                                          value=0.0000
    down(agent8)                                        value=0.0000
        chosen: right(agent8)  (best_value=0.0000)
[DEBUG d>=2] k=6 (idx=8 in order) at (13, 10) — 5 candidates, lookahead=1
    left(agent6)                                        value=-34.0000
    right(agent6)                                       value=-34.0000
    wait(agent6)                                        value=-33.0000
  * up(agent6)                                          value=-32.0000
    down(agent6)                                        value=-33.0000
        chosen: up(agent6)  (best_value=-32.0000)
[DEBUG d>=2] k=7 (idx=1 in order) at (2, 10) — 4 candidates, lookahead=1
    wait(agent7)                                        value=-1.0000
  * fill(agent7, tank6)                                 value=0.0000
    up(agent7)                                          value=-1.0000
    down(agent7)                                        value=-2.0000
        chosen: fill(agent7, tank6)  (best_value=0.0000)
[DEBUG d>=2] k=4 (idx=2 in order) at (3, 8) — 5 candidates, lookahead=1
  * left(agent4)                                        value=0.0000
    right(agent4)                                       value=0.0000
    wait(agent4)                                        value=0.0000
    up(agent4)                                          value=0.0000
    down(agent4)                                        value=0.0000
        chosen: left(agent4)  (best_value=0.0000)
[DEBUG d>=2] k=2 (idx=3 in order) at (4, 9) — 5 candidates, lookahead=1
  * left(agent2)                                        value=0.0000
    right(agent2)                                       value=0.0000
    wait(agent2)                                        value=0.0000
    up(agent2)                                          value=0.0000
    down(agent2)                                        value=0.0000
        chosen: left(agent2)  (best_value=0.0000)
[DEBUG d>=2] k=3 (idx=4 in order) at (14, 5) — 4 candidates, lookahead=1
  * left(agent3)                                        value=-18.0000
    wait(agent3)                                        value=-20.0000
    up(agent3)                                          value=-20.0000
    down(agent3)                                        value=-19.0000
        chosen: left(agent3)  (best_value=-18.0000)
[DEBUG d>=2] k=1 (idx=5 in order) at (3, 10) — 4 candidates, lookahead=1
  * right(agent1)                                       value=0.0000
    wait(agent1)                                        value=0.0000
    up(agent1)                                          value=0.0000
    down(agent1)                                        value=0.0000
        chosen: right(agent1)  (best_value=0.0000)
[DEBUG d>=2] k=8 (idx=6 in order) at (4, 7) — 5 candidates, lookahead=1
  * left(agent8)                                        value=0.0000
    right(agent8)                                       value=0.0000
    wait(agent8)                                        value=0.0000
    up(agent8)                                          value=0.0000
    down(agent8)                                        value=0.0000
        chosen: left(agent8)  (best_value=0.0000)
[DEBUG d>=2] k=5 (idx=7 in order) at (14, 2) — 3 candidates, lookahead=1
  * left(agent5)                                        value=-23.0000
    wait(agent5)                                        value=-25.0000
    down(agent5)                                        value=-23.0000
        chosen: left(agent5)  (best_value=-23.0000)
[DEBUG d>=2] k=6 (idx=8 in order) at (13, 9) — 4 candidates, lookahead=1
    right(agent6)                                       value=-33.0000
  * wait(agent6)                                        value=-32.0000
    up(agent6)                                          value=-32.0000
    down(agent6)                                        value=-34.0000
        chosen: wait(agent6)  (best_value=-32.0000)
[DEBUG d>=2] k=7 (idx=1 in order) at (2, 10) — 4 candidates, lookahead=1
  * right(agent7)                                       value=0.0000
    wait(agent7)                                        value=0.0000
    up(agent7)                                          value=0.0000
    down(agent7)                                        value=0.0000
        chosen: right(agent7)  (best_value=0.0000)
[DEBUG d>=2] k=4 (idx=2 in order) at (2, 8) — 4 candidates, lookahead=1
  * right(agent4)                                       value=0.0000
    wait(agent4)                                        value=0.0000
    up(agent4)                                          value=0.0000
    down(agent4)                                        value=0.0000
        chosen: right(agent4)  (best_value=0.0000)
[DEBUG d>=2] k=2 (idx=3 in order) at (3, 9) — 3 candidates, lookahead=1
  * left(agent2)                                        value=0.0000
    right(agent2)                                       value=0.0000
    wait(agent2)                                        value=0.0000
        chosen: left(agent2)  (best_value=0.0000)
[DEBUG d>=2] k=3 (idx=4 in order) at (13, 5) — 4 candidates, lookahead=1
  * right(agent3)                                       value=-18.0000
    wait(agent3)                                        value=-19.0000
    up(agent3)                                          value=-18.0000
    down(agent3)                                        value=-20.0000
        chosen: right(agent3)  (best_value=-18.0000)
[DEBUG d>=2] k=1 (idx=5 in order) at (4, 10) — 4 candidates, lookahead=1
  * right(agent1)                                       value=0.0000
    wait(agent1)                                        value=0.0000
    up(agent1)                                          value=0.0000
    down(agent1)                                        value=0.0000
        chosen: right(agent1)  (best_value=0.0000)
[DEBUG d>=2] k=8 (idx=6 in order) at (3, 7) — 4 candidates, lookahead=1
  * left(agent8)                                        value=0.0000
    right(agent8)                                       value=0.0000
    wait(agent8)                                        value=0.0000
    up(agent8)                                          value=0.0000
        chosen: left(agent8)  (best_value=0.0000)
[DEBUG d>=2] k=5 (idx=7 in order) at (13, 2) — 3 candidates, lookahead=1
    right(agent5)                                       value=-25.0000
  * wait(agent5)                                        value=-23.0000
    down(agent5)                                        value=-23.0000
        chosen: wait(agent5)  (best_value=-23.0000)
[DEBUG d>=2] k=6 (idx=8 in order) at (13, 9) — 4 candidates, lookahead=1
  * right(agent6)                                       value=-33.0000
    wait(agent6)                                        value=-33.0000
    up(agent6)                                          value=-33.0000
    down(agent6)                                        value=-35.0000
        chosen: right(agent6)  (best_value=-33.0000)
[DEBUG d>=2] k=7 (idx=1 in order) at (3, 10) — 5 candidates, lookahead=1
  * left(agent7)                                        value=0.0000
    right(agent7)                                       value=0.0000
    wait(agent7)                                        value=0.0000
    up(agent7)                                          value=0.0000
    down(agent7)                                        value=0.0000
        chosen: left(agent7)  (best_value=0.0000)
[DEBUG d>=2] k=4 (idx=2 in order) at (3, 8) — 4 candidates, lookahead=1
  * left(agent4)                                        value=0.0000
    right(agent4)                                       value=0.0000
    wait(agent4)                                        value=0.0000
    up(agent4)                                          value=0.0000
        chosen: left(agent4)  (best_value=0.0000)
[DEBUG d>=2] k=2 (idx=3 in order) at (2, 9) — 4 candidates, lookahead=1
  * right(agent2)                                       value=0.0000
    wait(agent2)                                        value=0.0000
    up(agent2)                                          value=0.0000
    down(agent2)                                        value=0.0000
        chosen: right(agent2)  (best_value=0.0000)
[DEBUG d>=2] k=3 (idx=4 in order) at (14, 5) — 4 candidates, lookahead=1
    left(agent3)                                        value=-19.0000
    wait(agent3)                                        value=-20.0000
    up(agent3)                                          value=-21.0000
  * down(agent3)                                        value=-18.0000
        chosen: down(agent3)  (best_value=-18.0000)
[DEBUG d>=2] k=1 (idx=5 in order) at (5, 10) — 5 candidates, lookahead=1
  * left(agent1)                                        value=0.0000
    right(agent1)                                       value=0.0000
    wait(agent1)                                        value=0.0000
    up(agent1)                                          value=0.0000
    down(agent1)                                        value=0.0000
        chosen: left(agent1)  (best_value=0.0000)
[DEBUG d>=2] k=8 (idx=6 in order) at (2, 7) — 4 candidates, lookahead=1
  * right(agent8)                                       value=0.0000
    wait(agent8)                                        value=0.0000
    up(agent8)                                          value=0.0000
    down(agent8)                                        value=0.0000
        chosen: right(agent8)  (best_value=0.0000)
[DEBUG d>=2] k=5 (idx=7 in order) at (13, 2) — 3 candidates, lookahead=1
    right(agent5)                                       value=-23.0000
  * wait(agent5)                                        value=-22.0000
    down(agent5)                                        value=-23.0000
        chosen: wait(agent5)  (best_value=-22.0000)
[DEBUG d>=2] k=6 (idx=8 in order) at (14, 9) — 4 candidates, lookahead=1
    left(agent6)                                        value=-36.0000
    wait(agent6)                                        value=-35.0000
  * up(agent6)                                          value=-30.0000
    down(agent6)                                        value=-35.0000
        chosen: up(agent6)  (best_value=-30.0000)
[DEBUG d>=2] k=7 (idx=1 in order) at (2, 10) — 4 candidates, lookahead=1
  * right(agent7)                                       value=0.0000
    wait(agent7)                                        value=0.0000
    up(agent7)                                          value=0.0000
    down(agent7)                                        value=0.0000
        chosen: right(agent7)  (best_value=0.0000)
[DEBUG d>=2] k=4 (idx=2 in order) at (2, 8) — 3 candidates, lookahead=1
  * right(agent4)                                       value=0.0000
    wait(agent4)                                        value=0.0000
    up(agent4)                                          value=0.0000
        chosen: right(agent4)  (best_value=0.0000)
[DEBUG d>=2] k=2 (idx=3 in order) at (3, 9) — 4 candidates, lookahead=1
  * right(agent2)                                       value=0.0000
    wait(agent2)                                        value=0.0000
    up(agent2)                                          value=0.0000
    down(agent2)                                        value=0.0000
        chosen: right(agent2)  (best_value=0.0000)
[DEBUG d>=2] k=3 (idx=4 in order) at (14, 6) — 4 candidates, lookahead=1
    left(agent3)                                        value=-18.0000
  * wait(agent3)                                        value=-17.0000
    up(agent3)                                          value=-22.0000
    down(agent3)                                        value=-18.0000
        chosen: wait(agent3)  (best_value=-17.0000)
[DEBUG d>=2] k=1 (idx=5 in order) at (4, 10) — 5 candidates, lookahead=1
  * left(agent1)                                        value=0.0000
    right(agent1)                                       value=0.0000
    wait(agent1)                                        value=0.0000
    up(agent1)                                          value=0.0000
    down(agent1)                                        value=0.0000
        chosen: left(agent1)  (best_value=0.0000)
[DEBUG d>=2] k=8 (idx=6 in order) at (3, 7) — 4 candidates, lookahead=1
  * left(agent8)                                        value=0.0000
    right(agent8)                                       value=0.0000
    wait(agent8)                                        value=0.0000
    up(agent8)                                          value=0.0000
        chosen: left(agent8)  (best_value=0.0000)
[DEBUG d>=2] k=5 (idx=7 in order) at (13, 2) — 3 candidates, lookahead=1
    right(agent5)                                       value=-Inf
    wait(agent5)                                        value=-Inf
    down(agent5)                                        value=-Inf
        chosen: FALLBACK  (best_value=-Inf)
[DEBUG d>=2] k=6 (idx=8 in order) at (14, 8) — 3 candidates, lookahead=1
  * left(agent6)                                        value=-33.0000
    wait(agent6)                                        value=-34.0000
    down(agent6)                                        value=-34.0000
        chosen: left(agent6)  (best_value=-33.0000)
[DEBUG d>=2] k=7 (idx=1 in order) at (3, 10) — 4 candidates, lookahead=1
  * left(agent7)                                        value=0.0000
    wait(agent7)                                        value=0.0000
    up(agent7)                                          value=0.0000
    down(agent7)                                        value=0.0000
        chosen: left(agent7)  (best_value=0.0000)
[DEBUG d>=2] k=4 (idx=2 in order) at (3, 8) — 4 candidates, lookahead=1
  * left(agent4)                                        value=0.0000
    right(agent4)                                       value=0.0000
    wait(agent4)                                        value=0.0000
    up(agent4)                                          value=0.0000
        chosen: left(agent4)  (best_value=0.0000)
[DEBUG d>=2] k=2 (idx=3 in order) at (4, 9) — 3 candidates, lookahead=1
  * left(agent2)                                        value=0.0000
    right(agent2)                                       value=0.0000
    wait(agent2)                                        value=0.0000
        chosen: left(agent2)  (best_value=0.0000)
[DEBUG d>=2] k=3 (idx=4 in order) at (14, 6) — 4 candidates, lookahead=1
    left(agent3)                                        value=-18.0000
    wait(agent3)                                        value=-21.0000
    up(agent3)                                          value=-20.0000
  * down(agent3)                                        value=-16.0000
        chosen: down(agent3)  (best_value=-16.0000)
[DEBUG d>=2] k=1 (idx=5 in order) at (4, 10) — 4 candidates, lookahead=1
  * right(agent1)                                       value=0.0000
    wait(agent1)                                        value=0.0000
    up(agent1)                                          value=0.0000
    down(agent1)                                        value=0.0000
        chosen: right(agent1)  (best_value=0.0000)
[DEBUG d>=2] k=8 (idx=6 in order) at (2, 7) — 4 candidates, lookahead=1
  * right(agent8)                                       value=0.0000
    wait(agent8)                                        value=0.0000
    up(agent8)                                          value=0.0000
    down(agent8)                                        value=0.0000
        chosen: right(agent8)  (best_value=0.0000)
[DEBUG d>=2] k=5 (idx=7 in order) at (13, 3) — 4 candidates, lookahead=1
    right(agent5)                                       value=-Inf
    wait(agent5)                                        value=-Inf
    up(agent5)                                          value=-Inf
    down(agent5)                                        value=-Inf
        chosen: FALLBACK  (best_value=-Inf)
[DEBUG d>=2] k=6 (idx=8 in order) at (13, 8) — 4 candidates, lookahead=1
    right(agent6)                                       value=-34.0000
  * wait(agent6)                                        value=-32.0000
    up(agent6)                                          value=-33.0000
    down(agent6)                                        value=-34.0000
        chosen: wait(agent6)  (best_value=-32.0000)
[DEBUG d>=2] k=7 (idx=1 in order) at (2, 10) — 4 candidates, lookahead=1
  * right(agent7)                                       value=0.0000
    wait(agent7)                                        value=0.0000
    up(agent7)                                          value=0.0000
    down(agent7)                                        value=0.0000
        chosen: right(agent7)  (best_value=0.0000)
[DEBUG d>=2] k=4 (idx=2 in order) at (2, 8) — 4 candidates, lookahead=1
  * right(agent4)                                       value=0.0000
    wait(agent4)                                        value=0.0000
    up(agent4)                                          value=0.0000
    down(agent4)                                        value=0.0000
        chosen: right(agent4)  (best_value=0.0000)
[DEBUG d>=2] k=2 (idx=3 in order) at (3, 9) — 3 candidates, lookahead=1
  * left(agent2)                                        value=0.0000
    right(agent2)                                       value=0.0000
    wait(agent2)                                        value=0.0000
        chosen: left(agent2)  (best_value=0.0000)
[DEBUG d>=2] k=3 (idx=4 in order) at (14, 7) — 4 candidates, lookahead=1
    left(agent3)                                        value=-17.0000
    wait(agent3)                                        value=-18.0000
    up(agent3)                                          value=-19.0000
  * down(agent3)                                        value=-15.0000
        chosen: down(agent3)  (best_value=-15.0000)
[DEBUG d>=2] k=1 (idx=5 in order) at (5, 10) — 5 candidates, lookahead=1
  * left(agent1)                                        value=0.0000
    right(agent1)                                       value=0.0000
    wait(agent1)                                        value=0.0000
    up(agent1)                                          value=0.0000
    down(agent1)                                        value=0.0000
        chosen: left(agent1)  (best_value=0.0000)
[DEBUG d>=2] k=8 (idx=6 in order) at (3, 7) — 4 candidates, lookahead=1
  * left(agent8)                                        value=0.0000
    right(agent8)                                       value=0.0000
    wait(agent8)                                        value=0.0000
    up(agent8)                                          value=0.0000
        chosen: left(agent8)  (best_value=0.0000)
[DEBUG d>=2] k=5 (idx=7 in order) at (13, 3) — 4 candidates, lookahead=1
    right(agent5)                                       value=-Inf
    wait(agent5)                                        value=-Inf
    up(agent5)                                          value=-Inf
    down(agent5)                                        value=-Inf
        chosen: FALLBACK  (best_value=-Inf)
[DEBUG d>=2] k=6 (idx=8 in order) at (13, 8) — 3 candidates, lookahead=1
    wait(agent6)                                        value=-32.0000
  * up(agent6)                                          value=-30.0000
    down(agent6)                                        value=-31.0000
        chosen: up(agent6)  (best_value=-30.0000)
[DEBUG d>=2] k=7 (idx=1 in order) at (3, 10) — 4 candidates, lookahead=1
  * left(agent7)                                        value=0.0000
    wait(agent7)                                        value=0.0000
    up(agent7)                                          value=0.0000
    down(agent7)                                        value=0.0000
        chosen: left(agent7)  (best_value=0.0000)
[DEBUG d>=2] k=4 (idx=2 in order) at (3, 8) — 5 candidates, lookahead=1
  * left(agent4)                                        value=0.0000
    right(agent4)                                       value=0.0000
    wait(agent4)                                        value=0.0000
    up(agent4)                                          value=0.0000
    down(agent4)                                        value=0.0000
        chosen: left(agent4)  (best_value=0.0000)
[DEBUG d>=2] k=2 (idx=3 in order) at (2, 9) — 4 candidates, lookahead=1
  * right(agent2)                                       value=0.0000
    wait(agent2)                                        value=0.0000
    up(agent2)                                          value=0.0000
    down(agent2)                                        value=0.0000
        chosen: right(agent2)  (best_value=0.0000)
[DEBUG d>=2] k=3 (idx=4 in order) at (14, 8) — 4 candidates, lookahead=1
  * left(agent3)                                        value=-16.0000
    wait(agent3)                                        value=-17.0000
    up(agent3)                                          value=-17.0000
    down(agent3)                                        value=-16.0000
        chosen: left(agent3)  (best_value=-16.0000)
[DEBUG d>=2] k=1 (idx=5 in order) at (4, 10) — 4 candidates, lookahead=1
  * right(agent1)                                       value=0.0000
    wait(agent1)                                        value=0.0000
    up(agent1)                                          value=0.0000
    down(agent1)                                        value=0.0000
        chosen: right(agent1)  (best_value=0.0000)
[DEBUG d>=2] k=8 (idx=6 in order) at (2, 7) — 4 candidates, lookahead=1
  * right(agent8)                                       value=0.0000
    wait(agent8)                                        value=0.0000
    up(agent8)                                          value=0.0000
    down(agent8)                                        value=0.0000
        chosen: right(agent8)  (best_value=0.0000)
[DEBUG d>=2] k=5 (idx=7 in order) at (13, 4) — 4 candidates, lookahead=1
  * right(agent5)                                       value=-20.0000
    wait(agent5)                                        value=-22.0000
    up(agent5)                                          value=-21.0000
    down(agent5)                                        value=-21.0000
        chosen: right(agent5)  (best_value=-20.0000)
[DEBUG d>=2] k=6 (idx=8 in order) at (13, 7) — 3 candidates, lookahead=1
  * right(agent6)                                       value=-29.0000
    wait(agent6)                                        value=-32.0000
    up(agent6)                                          value=-29.0000
        chosen: right(agent6)  (best_value=-29.0000)
[DEBUG d>=2] k=7 (idx=1 in order) at (2, 10) — 4 candidates, lookahead=1
  * right(agent7)                                       value=0.0000
    wait(agent7)                                        value=0.0000
    up(agent7)                                          value=0.0000
    down(agent7)                                        value=0.0000
        chosen: right(agent7)  (best_value=0.0000)
[DEBUG d>=2] k=4 (idx=2 in order) at (2, 8) — 4 candidates, lookahead=1
  * right(agent4)                                       value=0.0000
    wait(agent4)                                        value=0.0000
    up(agent4)                                          value=0.0000
    down(agent4)                                        value=0.0000
        chosen: right(agent4)  (best_value=0.0000)
[DEBUG d>=2] k=2 (idx=3 in order) at (3, 9) — 5 candidates, lookahead=1
  * left(agent2)                                        value=0.0000
    right(agent2)                                       value=0.0000
    wait(agent2)                                        value=0.0000
    up(agent2)                                          value=0.0000
    down(agent2)                                        value=0.0000
        chosen: left(agent2)  (best_value=0.0000)
[DEBUG d>=2] k=3 (idx=4 in order) at (13, 8) — 4 candidates, lookahead=1
    right(agent3)                                       value=-17.0000
    wait(agent3)                                        value=-16.0000
    up(agent3)                                          value=-16.0000
  * down(agent3)                                        value=-15.0000
        chosen: down(agent3)  (best_value=-15.0000)
[DEBUG d>=2] k=1 (idx=5 in order) at (5, 10) — 5 candidates, lookahead=1
  * left(agent1)                                        value=0.0000
    right(agent1)                                       value=0.0000
    wait(agent1)                                        value=0.0000
    up(agent1)                                          value=0.0000
    down(agent1)                                        value=0.0000
        chosen: left(agent1)  (best_value=0.0000)
[DEBUG d>=2] k=8 (idx=6 in order) at (3, 7) — 5 candidates, lookahead=1
  * left(agent8)                                        value=0.0000
    right(agent8)                                       value=0.0000
    wait(agent8)                                        value=0.0000
    up(agent8)                                          value=0.0000
    down(agent8)                                        value=0.0000
        chosen: left(agent8)  (best_value=0.0000)
[DEBUG d>=2] k=5 (idx=7 in order) at (14, 4) — 4 candidates, lookahead=1
  * left(agent5)                                        value=-21.0000
    wait(agent5)                                        value=-21.0000
    up(agent5)                                          value=-24.0000
    down(agent5)                                        value=-22.0000
        chosen: left(agent5)  (best_value=-21.0000)
[DEBUG d>=2] k=6 (idx=8 in order) at (14, 7) — 4 candidates, lookahead=1
    left(agent6)                                        value=-32.0000
    wait(agent6)                                        value=-32.0000
  * up(agent6)                                          value=-28.0000
    down(agent6)                                        value=-31.0000
        chosen: up(agent6)  (best_value=-28.0000)
[DEBUG d>=2] k=7 (idx=1 in order) at (3, 10) — 4 candidates, lookahead=1
  * left(agent7)                                        value=0.0000
    wait(agent7)                                        value=0.0000
    up(agent7)                                          value=0.0000
    down(agent7)                                        value=0.0000
        chosen: left(agent7)  (best_value=0.0000)
[DEBUG d>=2] k=4 (idx=2 in order) at (3, 8) — 5 candidates, lookahead=1
  * left(agent4)                                        value=0.0000
    right(agent4)                                       value=0.0000
    wait(agent4)                                        value=0.0000
    up(agent4)                                          value=0.0000
    down(agent4)                                        value=0.0000
        chosen: left(agent4)  (best_value=0.0000)
[DEBUG d>=2] k=2 (idx=3 in order) at (2, 9) — 2 candidates, lookahead=1
  * wait(agent2)                                        value=0.0000
    up(agent2)                                          value=0.0000
        chosen: wait(agent2)  (best_value=0.0000)
[DEBUG d>=2] k=3 (idx=4 in order) at (13, 9) — 4 candidates, lookahead=1
    right(agent3)                                       value=-16.0000
    wait(agent3)                                        value=-15.0000
    up(agent3)                                          value=-14.0000
  * down(agent3)                                        value=-13.0000
        chosen: down(agent3)  (best_value=-13.0000)
[DEBUG d>=2] k=1 (idx=5 in order) at (4, 10) — 5 candidates, lookahead=1
  * left(agent1)                                        value=0.0000
    right(agent1)                                       value=0.0000
    wait(agent1)                                        value=0.0000
    up(agent1)                                          value=0.0000
    down(agent1)                                        value=0.0000
        chosen: left(agent1)  (best_value=0.0000)
[DEBUG d>=2] k=8 (idx=6 in order) at (2, 7) — 3 candidates, lookahead=1
  * right(agent8)                                       value=0.0000
    wait(agent8)                                        value=0.0000
    up(agent8)                                          value=0.0000
        chosen: right(agent8)  (best_value=0.0000)
[DEBUG d>=2] k=5 (idx=7 in order) at (13, 4) — 4 candidates, lookahead=1
    right(agent5)                                       value=-23.0000
    wait(agent5)                                        value=-24.0000
    up(agent5)                                          value=-24.0000
  * down(agent5)                                        value=-21.0000
        chosen: down(agent5)  (best_value=-21.0000)
[DEBUG d>=2] k=6 (idx=8 in order) at (14, 6) — 4 candidates, lookahead=1
    left(agent6)                                        value=-31.0000
    wait(agent6)                                        value=-32.0000
  * up(agent6)                                          value=-29.0000
    down(agent6)                                        value=-31.0000
        chosen: up(agent6)  (best_value=-29.0000)
[DEBUG d>=2] k=7 (idx=1 in order) at (2, 10) — 2 candidates, lookahead=1
  * wait(agent7)                                        value=0.0000
    down(agent7)                                        value=0.0000
        chosen: wait(agent7)  (best_value=0.0000)
[DEBUG d>=2] k=4 (idx=2 in order) at (2, 8) — 3 candidates, lookahead=1
  * right(agent4)                                       value=0.0000
    wait(agent4)                                        value=0.0000
    up(agent4)                                          value=0.0000
        chosen: right(agent4)  (best_value=0.0000)
[DEBUG d>=2] k=2 (idx=3 in order) at (2, 9) — 3 candidates, lookahead=1
  * right(agent2)                                       value=0.0000
    wait(agent2)                                        value=0.0000
    down(agent2)                                        value=0.0000
        chosen: right(agent2)  (best_value=0.0000)
[DEBUG d>=2] k=3 (idx=4 in order) at (13, 10) — 5 candidates, lookahead=1
  * left(agent3)                                        value=-13.0000
    right(agent3)                                       value=-14.0000
    wait(agent3)                                        value=-14.0000
    up(agent3)                                          value=-17.0000
    down(agent3)                                        value=-13.0000
        chosen: left(agent3)  (best_value=-13.0000)
[DEBUG d>=2] k=1 (idx=5 in order) at (3, 10) — 4 candidates, lookahead=1
  * right(agent1)                                       value=0.0000
    wait(agent1)                                        value=0.0000
    up(agent1)                                          value=0.0000
    down(agent1)                                        value=0.0000
        chosen: right(agent1)  (best_value=0.0000)
[DEBUG d>=2] k=8 (idx=6 in order) at (3, 7) — 4 candidates, lookahead=1
  * right(agent8)                                       value=0.0000
    wait(agent8)                                        value=0.0000
    up(agent8)                                          value=0.0000
    down(agent8)                                        value=0.0000
        chosen: right(agent8)  (best_value=0.0000)
[DEBUG d>=2] k=5 (idx=7 in order) at (13, 5) — 3 candidates, lookahead=1
    wait(agent5)                                        value=-19.0000
    up(agent5)                                          value=-22.0000
  * down(agent5)                                        value=-18.0000
        chosen: down(agent5)  (best_value=-18.0000)
[DEBUG d>=2] k=6 (idx=8 in order) at (14, 5) — 4 candidates, lookahead=1
    left(agent6)                                        value=-30.0000
    wait(agent6)                                        value=-30.0000
  * up(agent6)                                          value=-28.0000
    down(agent6)                                        value=-30.0000
        chosen: up(agent6)  (best_value=-28.0000)
[DEBUG d>=2] k=7 (idx=1 in order) at (2, 10) — 4 candidates, lookahead=1
  * right(agent7)                                       value=0.0000
    wait(agent7)                                        value=0.0000
    up(agent7)                                          value=0.0000
    down(agent7)                                        value=0.0000
        chosen: right(agent7)  (best_value=0.0000)
[DEBUG d>=2] k=4 (idx=2 in order) at (3, 8) — 4 candidates, lookahead=1
  * left(agent4)                                        value=0.0000
    right(agent4)                                       value=0.0000
    wait(agent4)                                        value=0.0000
    up(agent4)                                          value=0.0000
        chosen: left(agent4)  (best_value=0.0000)
[DEBUG d>=2] k=2 (idx=3 in order) at (3, 9) — 5 candidates, lookahead=1
  * left(agent2)                                        value=0.0000
    right(agent2)                                       value=0.0000
    wait(agent2)                                        value=0.0000
    up(agent2)                                          value=0.0000
    down(agent2)                                        value=0.0000
        chosen: left(agent2)  (best_value=0.0000)
[DEBUG d>=2] k=3 (idx=4 in order) at (12, 10) — 4 candidates, lookahead=1
    left(agent3)                                        value=-14.0000
    right(agent3)                                       value=-14.0000
  * wait(agent3)                                        value=-11.0000
    down(agent3)                                        value=-13.0000
        chosen: wait(agent3)  (best_value=-11.0000)
[DEBUG d>=2] k=1 (idx=5 in order) at (4, 10) — 4 candidates, lookahead=1
  * right(agent1)                                       value=0.0000
    wait(agent1)                                        value=0.0000
    up(agent1)                                          value=0.0000
    down(agent1)                                        value=0.0000
        chosen: right(agent1)  (best_value=0.0000)
[DEBUG d>=2] k=8 (idx=6 in order) at (4, 7) — 4 candidates, lookahead=1
  * left(agent8)                                        value=0.0000
    right(agent8)                                       value=0.0000
    wait(agent8)                                        value=0.0000
    up(agent8)                                          value=0.0000
        chosen: left(agent8)  (best_value=0.0000)
[DEBUG d>=2] k=5 (idx=7 in order) at (13, 6) — 4 candidates, lookahead=1
    right(agent5)                                       value=-19.0000
    wait(agent5)                                        value=-20.0000
    up(agent5)                                          value=-19.0000
  * down(agent5)                                        value=-17.0000
        chosen: down(agent5)  (best_value=-17.0000)
[DEBUG d>=2] k=6 (idx=8 in order) at (14, 4) — 4 candidates, lookahead=1
    left(agent6)                                        value=-31.0000
    wait(agent6)                                        value=-28.0000
  * up(agent6)                                          value=-27.0000
    down(agent6)                                        value=-29.0000
        chosen: up(agent6)  (best_value=-27.0000)
[DEBUG d>=2] k=7 (idx=1 in order) at (3, 10) — 5 candidates, lookahead=1
  * left(agent7)                                        value=0.0000
    right(agent7)                                       value=0.0000
    wait(agent7)                                        value=0.0000
    up(agent7)                                          value=0.0000
    down(agent7)                                        value=0.0000
        chosen: left(agent7)  (best_value=0.0000)
[DEBUG d>=2] k=4 (idx=2 in order) at (2, 8) — 3 candidates, lookahead=1
  * right(agent4)                                       value=0.0000
    wait(agent4)                                        value=0.0000
    up(agent4)                                          value=0.0000
        chosen: right(agent4)  (best_value=0.0000)
[DEBUG d>=2] k=2 (idx=3 in order) at (2, 9) — 3 candidates, lookahead=1
  * right(agent2)                                       value=0.0000
    wait(agent2)                                        value=0.0000
    down(agent2)                                        value=0.0000
        chosen: right(agent2)  (best_value=0.0000)
[DEBUG d>=2] k=3 (idx=4 in order) at (12, 10) — 4 candidates, lookahead=1
  * left(agent3)                                        value=-11.0000
    right(agent3)                                       value=-14.0000
    wait(agent3)                                        value=-12.0000
    down(agent3)                                        value=-13.0000
        chosen: left(agent3)  (best_value=-11.0000)
[DEBUG d>=2] k=1 (idx=5 in order) at (5, 10) — 5 candidates, lookahead=1
  * left(agent1)                                        value=0.0000
    right(agent1)                                       value=0.0000
    wait(agent1)                                        value=0.0000
    up(agent1)                                          value=0.0000
    down(agent1)                                        value=0.0000
        chosen: left(agent1)  (best_value=0.0000)
[DEBUG d>=2] k=8 (idx=6 in order) at (3, 7) — 4 candidates, lookahead=1
  * left(agent8)                                        value=0.0000
    right(agent8)                                       value=0.0000
    wait(agent8)                                        value=0.0000
    up(agent8)                                          value=0.0000
        chosen: left(agent8)  (best_value=0.0000)
[DEBUG d>=2] k=5 (idx=7 in order) at (13, 7) — 4 candidates, lookahead=1
    right(agent5)                                       value=-18.0000
  * wait(agent5)                                        value=-15.0000
    up(agent5)                                          value=-18.0000
    down(agent5)                                        value=-16.0000
        chosen: wait(agent5)  (best_value=-15.0000)
[DEBUG d>=2] k=6 (idx=8 in order) at (14, 3) — 4 candidates, lookahead=1
    left(agent6)                                        value=-28.0000
    wait(agent6)                                        value=-27.0000
  * up(agent6)                                          value=-26.0000
    down(agent6)                                        value=-28.0000
        chosen: up(agent6)  (best_value=-26.0000)
[DEBUG d>=2] k=7 (idx=1 in order) at (2, 10) — 4 candidates, lookahead=1
  * right(agent7)                                       value=0.0000
    wait(agent7)                                        value=0.0000
    up(agent7)                                          value=0.0000
    down(agent7)                                        value=0.0000
        chosen: right(agent7)  (best_value=0.0000)
[DEBUG d>=2] k=4 (idx=2 in order) at (3, 8) — 4 candidates, lookahead=1
  * left(agent4)                                        value=0.0000
    right(agent4)                                       value=0.0000
    wait(agent4)                                        value=0.0000
    up(agent4)                                          value=0.0000
        chosen: left(agent4)  (best_value=0.0000)
[DEBUG d>=2] k=2 (idx=3 in order) at (3, 9) — 3 candidates, lookahead=1
  * left(agent2)                                        value=0.0000
    right(agent2)                                       value=0.0000
    wait(agent2)                                        value=0.0000
        chosen: left(agent2)  (best_value=0.0000)
[DEBUG d>=2] k=3 (idx=4 in order) at (11, 10) — 5 candidates, lookahead=1
    left(agent3)                                        value=-11.0000
    right(agent3)                                       value=-13.0000
    wait(agent3)                                        value=-12.0000
  * up(agent3)                                          value=-10.0000
    down(agent3)                                        value=-13.0000
        chosen: up(agent3)  (best_value=-10.0000)
[DEBUG d>=2] k=1 (idx=5 in order) at (4, 10) — 4 candidates, lookahead=1
  * right(agent1)                                       value=0.0000
    wait(agent1)                                        value=0.0000
    up(agent1)                                          value=0.0000
    down(agent1)                                        value=0.0000
        chosen: right(agent1)  (best_value=0.0000)
[DEBUG d>=2] k=8 (idx=6 in order) at (2, 7) — 4 candidates, lookahead=1
  * right(agent8)                                       value=0.0000
    wait(agent8)                                        value=0.0000
    up(agent8)                                          value=0.0000
    down(agent8)                                        value=0.0000
        chosen: right(agent8)  (best_value=0.0000)
[DEBUG d>=2] k=5 (idx=7 in order) at (13, 7) — 4 candidates, lookahead=1
    right(agent5)                                       value=-20.0000
    wait(agent5)                                        value=-19.0000
    up(agent5)                                          value=-18.0000
  * down(agent5)                                        value=-16.0000
        chosen: down(agent5)  (best_value=-16.0000)
[DEBUG d>=2] k=6 (idx=8 in order) at (14, 2) — 4 candidates, lookahead=1
    left(agent6)                                        value=-27.0000
  * collect1(agent6, well1)                             value=-23.0000
    wait(agent6)                                        value=-25.0000
    down(agent6)                                        value=-25.0000
        chosen: collect1(agent6, well1)  (best_value=-23.0000)
[DEBUG d>=2] k=7 (idx=1 in order) at (3, 10) — 5 candidates, lookahead=1
  * left(agent7)                                        value=0.0000
    right(agent7)                                       value=0.0000
    wait(agent7)                                        value=0.0000
    up(agent7)                                          value=0.0000
    down(agent7)                                        value=0.0000
        chosen: left(agent7)  (best_value=0.0000)
[DEBUG d>=2] k=4 (idx=2 in order) at (2, 8) — 3 candidates, lookahead=1
  * right(agent4)                                       value=0.0000
    wait(agent4)                                        value=0.0000
    up(agent4)                                          value=0.0000
        chosen: right(agent4)  (best_value=0.0000)
[DEBUG d>=2] k=2 (idx=3 in order) at (2, 9) — 4 candidates, lookahead=1
  * right(agent2)                                       value=0.0000
    wait(agent2)                                        value=0.0000
    up(agent2)                                          value=0.0000
    down(agent2)                                        value=0.0000
        chosen: right(agent2)  (best_value=0.0000)
[DEBUG d>=2] k=3 (idx=4 in order) at (11, 9) — 4 candidates, lookahead=1
  * left(agent3)                                        value=-10.0000
    wait(agent3)                                        value=-11.0000
    up(agent3)                                          value=-10.0000
    down(agent3)                                        value=-11.0000
        chosen: left(agent3)  (best_value=-10.0000)
[DEBUG d>=2] k=1 (idx=5 in order) at (5, 10) — 5 candidates, lookahead=1
  * left(agent1)                                        value=0.0000
    right(agent1)                                       value=0.0000
    wait(agent1)                                        value=0.0000
    up(agent1)                                          value=0.0000
    down(agent1)                                        value=0.0000
        chosen: left(agent1)  (best_value=0.0000)
[DEBUG d>=2] k=8 (idx=6 in order) at (3, 7) — 4 candidates, lookahead=1
  * left(agent8)                                        value=0.0000
    right(agent8)                                       value=0.0000
    wait(agent8)                                        value=0.0000
    up(agent8)                                          value=0.0000
        chosen: left(agent8)  (best_value=0.0000)
[DEBUG d>=2] k=5 (idx=7 in order) at (13, 8) — 4 candidates, lookahead=1
    right(agent5)                                       value=-17.0000
    wait(agent5)                                        value=-16.0000
  * up(agent5)                                          value=-15.0000
    down(agent5)                                        value=-15.0000
        chosen: up(agent5)  (best_value=-15.0000)
[DEBUG d>=2] k=7 (idx=1 in order) at (2, 10) — 4 candidates, lookahead=1
  * right(agent7)                                       value=0.0000
    wait(agent7)                                        value=0.0000
    up(agent7)                                          value=0.0000
    down(agent7)                                        value=0.0000
        chosen: right(agent7)  (best_value=0.0000)
[DEBUG d>=2] k=4 (idx=2 in order) at (3, 8) — 4 candidates, lookahead=1
  * left(agent4)                                        value=0.0000
    right(agent4)                                       value=0.0000
    wait(agent4)                                        value=0.0000
    up(agent4)                                          value=0.0000
        chosen: left(agent4)  (best_value=0.0000)
[DEBUG d>=2] k=2 (idx=3 in order) at (3, 9) — 3 candidates, lookahead=1
  * right(agent2)                                       value=0.0000
    wait(agent2)                                        value=0.0000
    down(agent2)                                        value=0.0000
        chosen: right(agent2)  (best_value=0.0000)
[DEBUG d>=2] k=3 (idx=4 in order) at (10, 9) — 5 candidates, lookahead=1
    left(agent3)                                        value=-11.0000
    right(agent3)                                       value=-11.0000
    wait(agent3)                                        value=-11.0000
  * up(agent3)                                          value=-10.0000
    down(agent3)                                        value=-12.0000
        chosen: up(agent3)  (best_value=-10.0000)
[DEBUG d>=2] k=1 (idx=5 in order) at (4, 10) — 5 candidates, lookahead=1
  * left(agent1)                                        value=0.0000
    right(agent1)                                       value=0.0000
    wait(agent1)                                        value=0.0000
    up(agent1)                                          value=0.0000
    down(agent1)                                        value=0.0000
        chosen: left(agent1)  (best_value=0.0000)
[DEBUG d>=2] k=8 (idx=6 in order) at (2, 7) — 3 candidates, lookahead=1
  * right(agent8)                                       value=0.0000
    wait(agent8)                                        value=0.0000
    up(agent8)                                          value=0.0000
        chosen: right(agent8)  (best_value=0.0000)
[DEBUG d>=2] k=5 (idx=7 in order) at (13, 7) — 4 candidates, lookahead=1
    right(agent5)                                       value=-18.0000
    wait(agent5)                                        value=-17.0000
    up(agent5)                                          value=-18.0000
  * down(agent5)                                        value=-16.0000
        chosen: down(agent5)  (best_value=-16.0000)
[DEBUG d>=2] k=7 (idx=1 in order) at (3, 10) — 4 candidates, lookahead=1
  * left(agent7)                                        value=0.0000
    wait(agent7)                                        value=0.0000
    up(agent7)                                          value=0.0000
    down(agent7)                                        value=0.0000
        chosen: left(agent7)  (best_value=0.0000)
[DEBUG d>=2] k=4 (idx=2 in order) at (2, 8) — 4 candidates, lookahead=1
  * right(agent4)                                       value=0.0000
    wait(agent4)                                        value=0.0000
    up(agent4)                                          value=0.0000
    down(agent4)                                        value=0.0000
        chosen: right(agent4)  (best_value=0.0000)
[DEBUG d>=2] k=2 (idx=3 in order) at (4, 9) — 4 candidates, lookahead=1
  * left(agent2)                                        value=0.0000
    right(agent2)                                       value=0.0000
    wait(agent2)                                        value=0.0000
    up(agent2)                                          value=0.0000
        chosen: left(agent2)  (best_value=0.0000)
[DEBUG d>=2] k=3 (idx=4 in order) at (10, 8) — 5 candidates, lookahead=1
  * left(agent3)                                        value=-9.0000
    right(agent3)                                       value=-11.0000
    wait(agent3)                                        value=-10.0000
    up(agent3)                                          value=-10.0000
    down(agent3)                                        value=-11.0000
        chosen: left(agent3)  (best_value=-9.0000)
[DEBUG d>=2] k=1 (idx=5 in order) at (4, 10) — 5 candidates, lookahead=1
  * left(agent1)                                        value=0.0000
    right(agent1)                                       value=0.0000
    wait(agent1)                                        value=0.0000
    up(agent1)                                          value=0.0000
    down(agent1)                                        value=0.0000
        chosen: left(agent1)  (best_value=0.0000)
[DEBUG d>=2] k=8 (idx=6 in order) at (3, 7) — 5 candidates, lookahead=1
  * left(agent8)                                        value=0.0000
    right(agent8)                                       value=0.0000
    wait(agent8)                                        value=0.0000
    up(agent8)                                          value=0.0000
    down(agent8)                                        value=0.0000
        chosen: left(agent8)  (best_value=0.0000)
[DEBUG d>=2] k=5 (idx=7 in order) at (13, 8) — 4 candidates, lookahead=1
    right(agent5)                                       value=-17.0000
    wait(agent5)                                        value=-18.0000
    up(agent5)                                          value=-15.0000
  * down(agent5)                                        value=-14.0000
        chosen: down(agent5)  (best_value=-14.0000)
[DEBUG d>=2] k=6 (idx=8 in order) at (14, 2) — 3 candidates, lookahead=1
    left(agent6)                                        value=-22.0000
    wait(agent6)                                        value=-22.0000
  * down(agent6)                                        value=-21.0000
        chosen: down(agent6)  (best_value=-21.0000)
[DEBUG d>=2] k=7 (idx=1 in order) at (2, 10) — 3 candidates, lookahead=1
  * wait(agent7)                                        value=0.0000
    up(agent7)                                          value=0.0000
    down(agent7)                                        value=0.0000
        chosen: wait(agent7)  (best_value=0.0000)
[DEBUG d>=2] k=4 (idx=2 in order) at (3, 8) — 4 candidates, lookahead=1
  * left(agent4)                                        value=0.0000
    right(agent4)                                       value=0.0000
    wait(agent4)                                        value=0.0000
    up(agent4)                                          value=0.0000
        chosen: left(agent4)  (best_value=0.0000)
[DEBUG d>=2] k=2 (idx=3 in order) at (3, 9) — 3 candidates, lookahead=1
  * left(agent2)                                        value=0.0000
    right(agent2)                                       value=0.0000
    wait(agent2)                                        value=0.0000
        chosen: left(agent2)  (best_value=0.0000)
[DEBUG d>=2] k=3 (idx=4 in order) at (9, 8) — 5 candidates, lookahead=1
    left(agent3)                                        value=-9.0000
    right(agent3)                                       value=-10.0000
    wait(agent3)                                        value=-10.0000
  * up(agent3)                                          value=-8.0000
    down(agent3)                                        value=-11.0000
        chosen: up(agent3)  (best_value=-8.0000)
[DEBUG d>=2] k=1 (idx=5 in order) at (3, 10) — 4 candidates, lookahead=1
  * right(agent1)                                       value=0.0000
    wait(agent1)                                        value=0.0000
    up(agent1)                                          value=0.0000
    down(agent1)                                        value=0.0000
        chosen: right(agent1)  (best_value=0.0000)
[DEBUG d>=2] k=8 (idx=6 in order) at (2, 7) — 4 candidates, lookahead=1
  * right(agent8)                                       value=0.0000
    wait(agent8)                                        value=0.0000
    up(agent8)                                          value=0.0000
    down(agent8)                                        value=0.0000
        chosen: right(agent8)  (best_value=0.0000)
[DEBUG d>=2] k=5 (idx=7 in order) at (13, 9) — 4 candidates, lookahead=1
    right(agent5)                                       value=-16.0000
    wait(agent5)                                        value=-15.0000
    up(agent5)                                          value=-17.0000
  * down(agent5)                                        value=-13.0000
        chosen: down(agent5)  (best_value=-13.0000)
[DEBUG d>=2] k=6 (idx=8 in order) at (14, 3) — 4 candidates, lookahead=1
    left(agent6)                                        value=-23.0000
  * wait(agent6)                                        value=-22.0000
    up(agent6)                                          value=-23.0000
    down(agent6)                                        value=-22.0000
        chosen: wait(agent6)  (best_value=-22.0000)
[DEBUG d>=2] k=7 (idx=1 in order) at (2, 10) — 3 candidates, lookahead=1
  * right(agent7)                                       value=0.0000
    wait(agent7)                                        value=0.0000
    down(agent7)                                        value=0.0000
        chosen: right(agent7)  (best_value=0.0000)
[DEBUG d>=2] k=4 (idx=2 in order) at (2, 8) — 3 candidates, lookahead=1
  * right(agent4)                                       value=0.0000
    wait(agent4)                                        value=0.0000
    up(agent4)                                          value=0.0000
        chosen: right(agent4)  (best_value=0.0000)
[DEBUG d>=2] k=2 (idx=3 in order) at (2, 9) — 3 candidates, lookahead=1
  * right(agent2)                                       value=0.0000
    wait(agent2)                                        value=0.0000
    up(agent2)                                          value=0.0000
        chosen: right(agent2)  (best_value=0.0000)
[DEBUG d>=2] k=3 (idx=4 in order) at (9, 7) — 5 candidates, lookahead=1
  * left(agent3)                                        value=-8.0000
    right(agent3)                                       value=-10.0000
    wait(agent3)                                        value=-9.0000
    up(agent3)                                          value=-8.0000
    down(agent3)                                        value=-10.0000
        chosen: left(agent3)  (best_value=-8.0000)
[DEBUG d>=2] k=1 (idx=5 in order) at (4, 10) — 5 candidates, lookahead=1
  * left(agent1)                                        value=0.0000
    right(agent1)                                       value=0.0000
    wait(agent1)                                        value=0.0000
    up(agent1)                                          value=0.0000
    down(agent1)                                        value=0.0000
        chosen: left(agent1)  (best_value=0.0000)
[DEBUG d>=2] k=8 (idx=6 in order) at (3, 7) — 4 candidates, lookahead=1
  * left(agent8)                                        value=0.0000
    right(agent8)                                       value=0.0000
    wait(agent8)                                        value=0.0000
    up(agent8)                                          value=0.0000
        chosen: left(agent8)  (best_value=0.0000)
[DEBUG d>=2] k=5 (idx=7 in order) at (13, 10) — 5 candidates, lookahead=1
  * left(agent5)                                        value=-13.0000
    right(agent5)                                       value=-13.0000
    wait(agent5)                                        value=-14.0000
    up(agent5)                                          value=-14.0000
    down(agent5)                                        value=-13.0000
        chosen: left(agent5)  (best_value=-13.0000)
[DEBUG d>=2] k=6 (idx=8 in order) at (14, 3) — 4 candidates, lookahead=1
  * left(agent6)                                        value=-21.0000
    wait(agent6)                                        value=-22.0000
    up(agent6)                                          value=-23.0000
    down(agent6)                                        value=-23.0000
        chosen: left(agent6)  (best_value=-21.0000)
[DEBUG d>=2] k=7 (idx=1 in order) at (3, 10) — 3 candidates, lookahead=1
  * left(agent7)                                        value=0.0000
    wait(agent7)                                        value=0.0000
    down(agent7)                                        value=0.0000
        chosen: left(agent7)  (best_value=0.0000)
[DEBUG d>=2] k=4 (idx=2 in order) at (3, 8) — 4 candidates, lookahead=1
  * left(agent4)                                        value=0.0000
    right(agent4)                                       value=0.0000
    wait(agent4)                                        value=0.0000
    up(agent4)                                          value=0.0000
        chosen: left(agent4)  (best_value=0.0000)
[DEBUG d>=2] k=2 (idx=3 in order) at (3, 9) — 5 candidates, lookahead=1
  * left(agent2)                                        value=0.0000
    right(agent2)                                       value=0.0000
    wait(agent2)                                        value=0.0000
    up(agent2)                                          value=0.0000
    down(agent2)                                        value=0.0000
        chosen: left(agent2)  (best_value=0.0000)
[DEBUG d>=2] k=3 (idx=4 in order) at (8, 7) — 5 candidates, lookahead=1
  * left(agent3)                                        value=-7.0000
    right(agent3)                                       value=-9.0000
    wait(agent3)                                        value=-7.0000
    up(agent3)                                          value=-7.0000
    down(agent3)                                        value=-9.0000
        chosen: left(agent3)  (best_value=-7.0000)
[DEBUG d>=2] k=1 (idx=5 in order) at (4, 10) — 3 candidates, lookahead=1
  * right(agent1)                                       value=0.0000
    wait(agent1)                                        value=0.0000
    down(agent1)                                        value=0.0000
        chosen: right(agent1)  (best_value=0.0000)
[DEBUG d>=2] k=8 (idx=6 in order) at (2, 7) — 3 candidates, lookahead=1
  * wait(agent8)                                        value=0.0000
    up(agent8)                                          value=0.0000
    down(agent8)                                        value=0.0000
        chosen: wait(agent8)  (best_value=0.0000)
[DEBUG d>=2] k=5 (idx=7 in order) at (12, 10) — 4 candidates, lookahead=1
  * left(agent5)                                        value=-12.0000
    right(agent5)                                       value=-12.0000
    wait(agent5)                                        value=-13.0000
    down(agent5)                                        value=-12.0000
        chosen: left(agent5)  (best_value=-12.0000)
[DEBUG d>=2] k=6 (idx=8 in order) at (13, 3) — 4 candidates, lookahead=1
    right(agent6)                                       value=-22.0000
    wait(agent6)                                        value=-23.0000
    up(agent6)                                          value=-22.0000
  * down(agent6)                                        value=-20.0000
        chosen: down(agent6)  (best_value=-20.0000)
[DEBUG d>=2] k=7 (idx=1 in order) at (2, 10) — 3 candidates, lookahead=1
  * right(agent7)                                       value=0.0000
    wait(agent7)                                        value=0.0000
    down(agent7)                                        value=0.0000
        chosen: right(agent7)  (best_value=0.0000)
[DEBUG d>=2] k=4 (idx=2 in order) at (2, 8) — 2 candidates, lookahead=1
  * right(agent4)                                       value=0.0000
    wait(agent4)                                        value=0.0000
        chosen: right(agent4)  (best_value=0.0000)
[DEBUG d>=2] k=2 (idx=3 in order) at (2, 9) — 4 candidates, lookahead=1
  * right(agent2)                                       value=0.0000
    wait(agent2)                                        value=0.0000
    up(agent2)                                          value=0.0000
    down(agent2)                                        value=0.0000
        chosen: right(agent2)  (best_value=0.0000)
[DEBUG d>=2] k=3 (idx=4 in order) at (7, 7) — 5 candidates, lookahead=1
  * left(agent3)                                        value=-5.0000
    right(agent3)                                       value=-8.0000
    wait(agent3)                                        value=-7.0000
    up(agent3)                                          value=-7.0000
    down(agent3)                                        value=-7.0000
        chosen: left(agent3)  (best_value=-5.0000)
[DEBUG d>=2] k=1 (idx=5 in order) at (5, 10) — 5 candidates, lookahead=1
  * left(agent1)                                        value=0.0000
    right(agent1)                                       value=0.0000
    wait(agent1)                                        value=0.0000
    up(agent1)                                          value=0.0000
    down(agent1)                                        value=0.0000
        chosen: left(agent1)  (best_value=0.0000)
[DEBUG d>=2] k=8 (idx=6 in order) at (2, 7) — 3 candidates, lookahead=1
  * right(agent8)                                       value=0.0000
    wait(agent8)                                        value=0.0000
    up(agent8)                                          value=0.0000
        chosen: right(agent8)  (best_value=0.0000)
[DEBUG d>=2] k=5 (idx=7 in order) at (11, 10) — 5 candidates, lookahead=1
  * left(agent5)                                        value=-9.0000
    right(agent5)                                       value=-13.0000
    wait(agent5)                                        value=-10.0000
    up(agent5)                                          value=-11.0000
    down(agent5)                                        value=-11.0000
        chosen: left(agent5)  (best_value=-9.0000)
[DEBUG d>=2] k=6 (idx=8 in order) at (13, 4) — 4 candidates, lookahead=1
    right(agent6)                                       value=-21.0000
    wait(agent6)                                        value=-20.0000
    up(agent6)                                          value=-21.0000
  * down(agent6)                                        value=-18.0000
        chosen: down(agent6)  (best_value=-18.0000)
[DEBUG d>=2] k=7 (idx=1 in order) at (3, 10) — 3 candidates, lookahead=1
  * left(agent7)                                        value=0.0000
    wait(agent7)                                        value=0.0000
    down(agent7)                                        value=0.0000
        chosen: left(agent7)  (best_value=0.0000)
[DEBUG d>=2] k=4 (idx=2 in order) at (3, 8) — 3 candidates, lookahead=1
  * left(agent4)                                        value=0.0000
    right(agent4)                                       value=0.0000
    wait(agent4)                                        value=0.0000
        chosen: left(agent4)  (best_value=0.0000)
[DEBUG d>=2] k=2 (idx=3 in order) at (3, 9) — 4 candidates, lookahead=1
  * left(agent2)                                        value=0.0000
    right(agent2)                                       value=0.0000
    wait(agent2)                                        value=0.0000
    up(agent2)                                          value=0.0000
        chosen: left(agent2)  (best_value=0.0000)
[DEBUG d>=2] k=3 (idx=4 in order) at (6, 7) — 5 candidates, lookahead=1
  * left(agent3)                                        value=-5.0000
    right(agent3)                                       value=-7.0000
    wait(agent3)                                        value=-5.0000
    up(agent3)                                          value=-5.0000
    down(agent3)                                        value=-6.0000
        chosen: left(agent3)  (best_value=-5.0000)
[DEBUG d>=2] k=1 (idx=5 in order) at (4, 10) — 5 candidates, lookahead=1
  * left(agent1)                                        value=0.0000
    right(agent1)                                       value=0.0000
    wait(agent1)                                        value=0.0000
    up(agent1)                                          value=0.0000
    down(agent1)                                        value=0.0000
        chosen: left(agent1)  (best_value=0.0000)
[DEBUG d>=2] k=8 (idx=6 in order) at (3, 7) — 5 candidates, lookahead=1
  * left(agent8)                                        value=0.0000
    right(agent8)                                       value=0.0000
    wait(agent8)                                        value=0.0000
    up(agent8)                                          value=0.0000
    down(agent8)                                        value=0.0000
        chosen: left(agent8)  (best_value=0.0000)
[DEBUG d>=2] k=5 (idx=7 in order) at (10, 10) — 5 candidates, lookahead=1
    left(agent5)                                        value=-12.0000
    right(agent5)                                       value=-12.0000
  * wait(agent5)                                        value=-10.0000
    up(agent5)                                          value=-12.0000
    down(agent5)                                        value=-10.0000
        chosen: wait(agent5)  (best_value=-10.0000)
[DEBUG d>=2] k=6 (idx=8 in order) at (13, 5) — 4 candidates, lookahead=1
    right(agent6)                                       value=-20.0000
    wait(agent6)                                        value=-19.0000
    up(agent6)                                          value=-19.0000
  * down(agent6)                                        value=-17.0000
        chosen: down(agent6)  (best_value=-17.0000)
[DEBUG d>=2] k=7 (idx=1 in order) at (2, 10) — 2 candidates, lookahead=1
  * wait(agent7)                                        value=0.0000
    down(agent7)                                        value=0.0000
        chosen: wait(agent7)  (best_value=0.0000)
[DEBUG d>=2] k=4 (idx=2 in order) at (2, 8) — 2 candidates, lookahead=1
  * right(agent4)                                       value=0.0000
    wait(agent4)                                        value=0.0000
        chosen: right(agent4)  (best_value=0.0000)
[DEBUG d>=2] k=2 (idx=3 in order) at (2, 9) — 4 candidates, lookahead=1
  * right(agent2)                                       value=0.0000
    wait(agent2)                                        value=0.0000
    up(agent2)                                          value=0.0000
    down(agent2)                                        value=0.0000
        chosen: right(agent2)  (best_value=0.0000)
[DEBUG d>=2] k=3 (idx=4 in order) at (5, 7) — 5 candidates, lookahead=1
  * left(agent3)                                        value=-4.0000
    right(agent3)                                       value=-5.0000
    wait(agent3)                                        value=-5.0000
    up(agent3)                                          value=-4.0000
    down(agent3)                                        value=-5.0000
        chosen: left(agent3)  (best_value=-4.0000)
[DEBUG d>=2] k=1 (idx=5 in order) at (3, 10) — 4 candidates, lookahead=1
  * right(agent1)                                       value=0.0000
    wait(agent1)                                        value=0.0000
    up(agent1)                                          value=0.0000
    down(agent1)                                        value=0.0000
        chosen: right(agent1)  (best_value=0.0000)
[DEBUG d>=2] k=8 (idx=6 in order) at (2, 7) — 4 candidates, lookahead=1
  * right(agent8)                                       value=0.0000
    wait(agent8)                                        value=0.0000
    up(agent8)                                          value=0.0000
    down(agent8)                                        value=0.0000
        chosen: right(agent8)  (best_value=0.0000)
[DEBUG d>=2] k=5 (idx=7 in order) at (10, 10) — 5 candidates, lookahead=1
  * left(agent5)                                        value=-10.0000
    right(agent5)                                       value=-13.0000
    wait(agent5)                                        value=-10.0000
    up(agent5)                                          value=-12.0000
    down(agent5)                                        value=-12.0000
        chosen: left(agent5)  (best_value=-10.0000)
[DEBUG d>=2] k=6 (idx=8 in order) at (13, 6) — 4 candidates, lookahead=1
    right(agent6)                                       value=-21.0000
  * wait(agent6)                                        value=-18.0000
    up(agent6)                                          value=-19.0000
    down(agent6)                                        value=-18.0000
        chosen: wait(agent6)  (best_value=-18.0000)
[DEBUG d>=2] k=7 (idx=1 in order) at (2, 10) — 4 candidates, lookahead=1
  * right(agent7)                                       value=0.0000
    wait(agent7)                                        value=0.0000
    up(agent7)                                          value=0.0000
    down(agent7)                                        value=0.0000
        chosen: right(agent7)  (best_value=0.0000)
[DEBUG d>=2] k=4 (idx=2 in order) at (3, 8) — 3 candidates, lookahead=1
  * left(agent4)                                        value=0.0000
    right(agent4)                                       value=0.0000
    wait(agent4)                                        value=0.0000
        chosen: left(agent4)  (best_value=0.0000)
[DEBUG d>=2] k=2 (idx=3 in order) at (3, 9) — 4 candidates, lookahead=1
  * left(agent2)                                        value=0.0000
    right(agent2)                                       value=0.0000
    wait(agent2)                                        value=0.0000
    up(agent2)                                          value=0.0000
        chosen: left(agent2)  (best_value=0.0000)
[DEBUG d>=2] k=3 (idx=4 in order) at (4, 7) — 4 candidates, lookahead=1
    right(agent3)                                       value=-5.0000
  * wait(agent3)                                        value=-3.0000
    up(agent3)                                          value=-3.0000
    down(agent3)                                        value=-4.0000
        chosen: wait(agent3)  (best_value=-3.0000)
[DEBUG d>=2] k=1 (idx=5 in order) at (4, 10) — 4 candidates, lookahead=1
  * right(agent1)                                       value=0.0000
    wait(agent1)                                        value=0.0000
    up(agent1)                                          value=0.0000
    down(agent1)                                        value=0.0000
        chosen: right(agent1)  (best_value=0.0000)
[DEBUG d>=2] k=8 (idx=6 in order) at (3, 7) — 5 candidates, lookahead=1
  * left(agent8)                                        value=0.0000
    right(agent8)                                       value=0.0000
    wait(agent8)                                        value=0.0000
    up(agent8)                                          value=0.0000
    down(agent8)                                        value=0.0000
        chosen: left(agent8)  (best_value=0.0000)
[DEBUG d>=2] k=5 (idx=7 in order) at (9, 10) — 5 candidates, lookahead=1
  * left(agent5)                                        value=-8.0000
    right(agent5)                                       value=-12.0000
    wait(agent5)                                        value=-10.0000
    up(agent5)                                          value=-11.0000
    down(agent5)                                        value=-9.0000
        chosen: left(agent5)  (best_value=-8.0000)
[DEBUG d>=2] k=6 (idx=8 in order) at (13, 6) — 4 candidates, lookahead=1
    right(agent6)                                       value=-19.0000
  * wait(agent6)                                        value=-18.0000
    up(agent6)                                          value=-19.0000
    down(agent6)                                        value=-18.0000
        chosen: wait(agent6)  (best_value=-18.0000)
[DEBUG d>=2] k=7 (idx=1 in order) at (3, 10) — 5 candidates, lookahead=1
  * left(agent7)                                        value=0.0000
    right(agent7)                                       value=0.0000
    wait(agent7)                                        value=0.0000
    up(agent7)                                          value=0.0000
    down(agent7)                                        value=0.0000
        chosen: left(agent7)  (best_value=0.0000)
[DEBUG d>=2] k=4 (idx=2 in order) at (2, 8) — 2 candidates, lookahead=1
  * right(agent4)                                       value=0.0000
    wait(agent4)                                        value=0.0000
        chosen: right(agent4)  (best_value=0.0000)
[DEBUG d>=2] k=2 (idx=3 in order) at (2, 9) — 3 candidates, lookahead=1
  * right(agent2)                                       value=0.0000
    wait(agent2)                                        value=0.0000
    down(agent2)                                        value=0.0000
        chosen: right(agent2)  (best_value=0.0000)
[DEBUG d>=2] k=3 (idx=4 in order) at (4, 7) — 5 candidates, lookahead=1
  * left(agent3)                                        value=-2.0000
    right(agent3)                                       value=-5.0000
    wait(agent3)                                        value=-4.0000
    up(agent3)                                          value=-4.0000
    down(agent3)                                        value=-5.0000
        chosen: left(agent3)  (best_value=-2.0000)
[DEBUG d>=2] k=1 (idx=5 in order) at (5, 10) — 5 candidates, lookahead=1
  * left(agent1)                                        value=0.0000
    right(agent1)                                       value=0.0000
    wait(agent1)                                        value=0.0000
    up(agent1)                                          value=0.0000
    down(agent1)                                        value=0.0000
        chosen: left(agent1)  (best_value=0.0000)
[DEBUG d>=2] k=8 (idx=6 in order) at (2, 7) — 3 candidates, lookahead=1
  * wait(agent8)                                        value=0.0000
    up(agent8)                                          value=0.0000
    down(agent8)                                        value=0.0000
        chosen: wait(agent8)  (best_value=0.0000)
[DEBUG d>=2] k=5 (idx=7 in order) at (8, 10) — 5 candidates, lookahead=1
  * left(agent5)                                        value=-6.0000
    right(agent5)                                       value=-10.0000
    wait(agent5)                                        value=-9.0000
    up(agent5)                                          value=-10.0000
    down(agent5)                                        value=-8.0000
        chosen: left(agent5)  (best_value=-6.0000)
[DEBUG d>=2] k=6 (idx=8 in order) at (13, 6) — 4 candidates, lookahead=1
    right(agent6)                                       value=-18.0000
    wait(agent6)                                        value=-18.0000
    up(agent6)                                          value=-19.0000
  * down(agent6)                                        value=-17.0000
        chosen: down(agent6)  (best_value=-17.0000)
[DEBUG d>=2] k=7 (idx=1 in order) at (2, 10) — 4 candidates, lookahead=1
  * right(agent7)                                       value=0.0000
    wait(agent7)                                        value=0.0000
    up(agent7)                                          value=0.0000
    down(agent7)                                        value=0.0000
        chosen: right(agent7)  (best_value=0.0000)
[DEBUG d>=2] k=4 (idx=2 in order) at (3, 8) — 3 candidates, lookahead=1
  * left(agent4)                                        value=0.0000
    right(agent4)                                       value=0.0000
    wait(agent4)                                        value=0.0000
        chosen: left(agent4)  (best_value=0.0000)
[DEBUG d>=2] k=2 (idx=3 in order) at (3, 9) — 5 candidates, lookahead=1
  * left(agent2)                                        value=0.0000
    right(agent2)                                       value=0.0000
    wait(agent2)                                        value=0.0000
    up(agent2)                                          value=0.0000
    down(agent2)                                        value=0.0000
        chosen: left(agent2)  (best_value=0.0000)
[DEBUG d>=2] k=3 (idx=4 in order) at (3, 7) — 4 candidates, lookahead=1
    right(agent3)                                       value=-3.0000
  * wait(agent3)                                        value=-2.0000
    up(agent3)                                          value=-3.0000
    down(agent3)                                        value=-3.0000
        chosen: wait(agent3)  (best_value=-2.0000)
[DEBUG d>=2] k=1 (idx=5 in order) at (4, 10) — 4 candidates, lookahead=1
  * right(agent1)                                       value=0.0000
    wait(agent1)                                        value=0.0000
    up(agent1)                                          value=0.0000
    down(agent1)                                        value=0.0000
        chosen: right(agent1)  (best_value=0.0000)
[DEBUG d>=2] k=8 (idx=6 in order) at (2, 7) — 4 candidates, lookahead=1
  * right(agent8)                                       value=0.0000
    wait(agent8)                                        value=0.0000
    up(agent8)                                          value=0.0000
    down(agent8)                                        value=0.0000
        chosen: right(agent8)  (best_value=0.0000)
[DEBUG d>=2] k=5 (idx=7 in order) at (7, 10) — 5 candidates, lookahead=1
    left(agent5)                                        value=-9.0000
    right(agent5)                                       value=-9.0000
  * wait(agent5)                                        value=-8.0000
    up(agent5)                                          value=-9.0000
    down(agent5)                                        value=-8.0000
        chosen: wait(agent5)  (best_value=-8.0000)
[DEBUG d>=2] k=6 (idx=8 in order) at (13, 7) — 4 candidates, lookahead=1
    right(agent6)                                       value=-17.0000
    wait(agent6)                                        value=-17.0000
    up(agent6)                                          value=-17.0000
  * down(agent6)                                        value=-16.0000
        chosen: down(agent6)  (best_value=-16.0000)
[DEBUG d>=2] k=7 (idx=1 in order) at (3, 10) — 5 candidates, lookahead=1
  * left(agent7)                                        value=0.0000
    right(agent7)                                       value=0.0000
    wait(agent7)                                        value=0.0000
    up(agent7)                                          value=0.0000
    down(agent7)                                        value=0.0000
        chosen: left(agent7)  (best_value=0.0000)
[DEBUG d>=2] k=4 (idx=2 in order) at (2, 8) — 2 candidates, lookahead=1
  * right(agent4)                                       value=0.0000
    wait(agent4)                                        value=0.0000
        chosen: right(agent4)  (best_value=0.0000)
[DEBUG d>=2] k=2 (idx=3 in order) at (2, 9) — 3 candidates, lookahead=1
  * right(agent2)                                       value=0.0000
    wait(agent2)                                        value=0.0000
    up(agent2)                                          value=0.0000
        chosen: right(agent2)  (best_value=0.0000)
[DEBUG d>=2] k=3 (idx=4 in order) at (3, 7) — 4 candidates, lookahead=1
    right(agent3)                                       value=-4.0000
    wait(agent3)                                        value=-3.0000
    up(agent3)                                          value=-3.0000
  * down(agent3)                                        value=-2.0000
        chosen: down(agent3)  (best_value=-2.0000)
[DEBUG d>=2] k=1 (idx=5 in order) at (5, 10) — 5 candidates, lookahead=1
  * left(agent1)                                        value=0.0000
    right(agent1)                                       value=0.0000
    wait(agent1)                                        value=0.0000
    up(agent1)                                          value=0.0000
    down(agent1)                                        value=0.0000
        chosen: left(agent1)  (best_value=0.0000)
[DEBUG d>=2] k=8 (idx=6 in order) at (2, 7) — 4 candidates, lookahead=1
  * right(agent8)                                       value=0.0000
    wait(agent8)                                        value=0.0000
    up(agent8)                                          value=0.0000
    down(agent8)                                        value=0.0000
        chosen: right(agent8)  (best_value=0.0000)
[DEBUG d>=2] k=5 (idx=7 in order) at (7, 10) — 5 candidates, lookahead=1
    left(agent5)                                        value=-8.0000
    right(agent5)                                       value=-9.0000
    wait(agent5)                                        value=-8.0000
    up(agent5)                                          value=-9.0000
  * down(agent5)                                        value=-7.0000
        chosen: down(agent5)  (best_value=-7.0000)
[DEBUG d>=2] k=6 (idx=8 in order) at (13, 8) — 4 candidates, lookahead=1
    right(agent6)                                       value=-17.0000
    wait(agent6)                                        value=-16.0000
    up(agent6)                                          value=-16.0000
  * down(agent6)                                        value=-15.0000
        chosen: down(agent6)  (best_value=-15.0000)
[DEBUG d>=2] k=7 (idx=1 in order) at (2, 10) — 4 candidates, lookahead=1
  * right(agent7)                                       value=0.0000
    wait(agent7)                                        value=0.0000
    up(agent7)                                          value=0.0000
    down(agent7)                                        value=0.0000
        chosen: right(agent7)  (best_value=0.0000)
[DEBUG d>=2] k=4 (idx=2 in order) at (3, 8) — 3 candidates, lookahead=1
  * left(agent4)                                        value=0.0000
    right(agent4)                                       value=0.0000
    wait(agent4)                                        value=0.0000
        chosen: left(agent4)  (best_value=0.0000)
[DEBUG d>=2] k=2 (idx=3 in order) at (3, 9) — 4 candidates, lookahead=1
  * right(agent2)                                       value=0.0000
    wait(agent2)                                        value=0.0000
    up(agent2)                                          value=0.0000
    down(agent2)                                        value=0.0000
        chosen: right(agent2)  (best_value=0.0000)
[DEBUG d>=2] k=3 (idx=4 in order) at (3, 7) — 3 candidates, lookahead=1
    right(agent3)                                       value=-4.0000
  * wait(agent3)                                        value=-2.0000
    up(agent3)                                          value=-2.0000
        chosen: wait(agent3)  (best_value=-2.0000)
[DEBUG d>=2] k=1 (idx=5 in order) at (4, 10) — 5 candidates, lookahead=1
  * left(agent1)                                        value=0.0000
    right(agent1)                                       value=0.0000
    wait(agent1)                                        value=0.0000
    up(agent1)                                          value=0.0000
    down(agent1)                                        value=0.0000
        chosen: left(agent1)  (best_value=0.0000)
[DEBUG d>=2] k=8 (idx=6 in order) at (2, 7) — 4 candidates, lookahead=1
  * right(agent8)                                       value=0.0000
    wait(agent8)                                        value=0.0000
    up(agent8)                                          value=0.0000
    down(agent8)                                        value=0.0000
        chosen: right(agent8)  (best_value=0.0000)
[DEBUG d>=2] k=5 (idx=7 in order) at (7, 11) — 5 candidates, lookahead=1
  * left(agent5)                                        value=-6.0000
    right(agent5)                                       value=-8.0000
    wait(agent5)                                        value=-7.0000
    up(agent5)                                          value=-10.0000
    down(agent5)                                        value=-8.0000
        chosen: left(agent5)  (best_value=-6.0000)
[DEBUG d>=2] k=6 (idx=8 in order) at (13, 9) — 4 candidates, lookahead=1
    right(agent6)                                       value=-16.0000
  * wait(agent6)                                        value=-15.0000
    up(agent6)                                          value=-18.0000
    down(agent6)                                        value=-15.0000
        chosen: wait(agent6)  (best_value=-15.0000)
[DEBUG d>=2] k=7 (idx=1 in order) at (3, 10) — 4 candidates, lookahead=1
  * left(agent7)                                        value=0.0000
    wait(agent7)                                        value=0.0000
    up(agent7)                                          value=0.0000
    down(agent7)                                        value=0.0000
        chosen: left(agent7)  (best_value=0.0000)
[DEBUG d>=2] k=4 (idx=2 in order) at (2, 8) — 3 candidates, lookahead=1
  * right(agent4)                                       value=0.0000
    wait(agent4)                                        value=0.0000
    down(agent4)                                        value=0.0000
        chosen: right(agent4)  (best_value=0.0000)
[DEBUG d>=2] k=2 (idx=3 in order) at (4, 9) — 4 candidates, lookahead=1
  * left(agent2)                                        value=0.0000
    right(agent2)                                       value=0.0000
    wait(agent2)                                        value=0.0000
    up(agent2)                                          value=0.0000
        chosen: left(agent2)  (best_value=0.0000)
[DEBUG d>=2] k=3 (idx=4 in order) at (3, 7) — 3 candidates, lookahead=1
    right(agent3)                                       value=-4.0000
  * wait(agent3)                                        value=-2.0000
    up(agent3)                                          value=-3.0000
        chosen: wait(agent3)  (best_value=-2.0000)
[DEBUG d>=2] k=1 (idx=5 in order) at (4, 10) — 5 candidates, lookahead=1
  * left(agent1)                                        value=0.0000
    right(agent1)                                       value=0.0000
    wait(agent1)                                        value=0.0000
    up(agent1)                                          value=0.0000
    down(agent1)                                        value=0.0000
        chosen: left(agent1)  (best_value=0.0000)
[DEBUG d>=2] k=8 (idx=6 in order) at (2, 7) — 4 candidates, lookahead=1
  * right(agent8)                                       value=0.0000
    wait(agent8)                                        value=0.0000
    up(agent8)                                          value=0.0000
    down(agent8)                                        value=0.0000
        chosen: right(agent8)  (best_value=0.0000)
[DEBUG d>=2] k=5 (idx=7 in order) at (6, 11) — 5 candidates, lookahead=1
  * left(agent5)                                        value=-5.0000
    right(agent5)                                       value=-7.0000
    wait(agent5)                                        value=-8.0000
    up(agent5)                                          value=-7.0000
    down(agent5)                                        value=-7.0000
        chosen: left(agent5)  (best_value=-5.0000)
[DEBUG d>=2] k=6 (idx=8 in order) at (13, 9) — 4 candidates, lookahead=1
    right(agent6)                                       value=-16.0000
    wait(agent6)                                        value=-16.0000
    up(agent6)                                          value=-14.0000
  * down(agent6)                                        value=-13.0000
        chosen: down(agent6)  (best_value=-13.0000)
[DEBUG d>=2] k=7 (idx=1 in order) at (2, 10) — 3 candidates, lookahead=1
  * wait(agent7)                                        value=0.0000
    up(agent7)                                          value=0.0000
    down(agent7)                                        value=0.0000
        chosen: wait(agent7)  (best_value=0.0000)
[DEBUG d>=2] k=4 (idx=2 in order) at (3, 8) — 3 candidates, lookahead=1
  * left(agent4)                                        value=0.0000
    right(agent4)                                       value=0.0000
    wait(agent4)                                        value=0.0000
        chosen: left(agent4)  (best_value=0.0000)
[DEBUG d>=2] k=2 (idx=3 in order) at (3, 9) — 3 candidates, lookahead=1
  * right(agent2)                                       value=0.0000
    wait(agent2)                                        value=0.0000
    up(agent2)                                          value=0.0000
        chosen: right(agent2)  (best_value=0.0000)
[DEBUG d>=2] k=3 (idx=4 in order) at (3, 7) — 3 candidates, lookahead=1
  * right(agent3)                                       value=-3.0000
    wait(agent3)                                        value=-3.0000
    up(agent3)                                          value=-3.0000
        chosen: right(agent3)  (best_value=-3.0000)
[DEBUG d>=2] k=1 (idx=5 in order) at (3, 10) — 5 candidates, lookahead=1
  * left(agent1)                                        value=0.0000
    right(agent1)                                       value=0.0000
    wait(agent1)                                        value=0.0000
    up(agent1)                                          value=0.0000
    down(agent1)                                        value=0.0000
        chosen: left(agent1)  (best_value=0.0000)
[DEBUG d>=2] k=8 (idx=6 in order) at (2, 7) — 4 candidates, lookahead=1
  * right(agent8)                                       value=0.0000
    wait(agent8)                                        value=0.0000
    up(agent8)                                          value=0.0000
    down(agent8)                                        value=0.0000
        chosen: right(agent8)  (best_value=0.0000)
[DEBUG d>=2] k=5 (idx=7 in order) at (5, 11) — 5 candidates, lookahead=1
    left(agent5)                                        value=-6.0000
    right(agent5)                                       value=-6.0000
  * wait(agent5)                                        value=-5.0000
    up(agent5)                                          value=-6.0000
    down(agent5)                                        value=-6.0000
        chosen: wait(agent5)  (best_value=-5.0000)
[DEBUG d>=2] k=6 (idx=8 in order) at (13, 10) — 5 candidates, lookahead=1
  * left(agent6)                                        value=-13.0000
    right(agent6)                                       value=-17.0000
    wait(agent6)                                        value=-15.0000
    up(agent6)                                          value=-15.0000
    down(agent6)                                        value=-15.0000
        chosen: left(agent6)  (best_value=-13.0000)
[DEBUG d>=2] k=7 (idx=1 in order) at (2, 10) — 3 candidates, lookahead=1
  * wait(agent7)                                        value=0.0000
    up(agent7)                                          value=0.0000
    down(agent7)                                        value=0.0000
        chosen: wait(agent7)  (best_value=0.0000)
[DEBUG d>=2] k=4 (idx=2 in order) at (2, 8) — 3 candidates, lookahead=1
  * right(agent4)                                       value=0.0000
    wait(agent4)                                        value=0.0000
    up(agent4)                                          value=0.0000
        chosen: right(agent4)  (best_value=0.0000)
[DEBUG d>=2] k=2 (idx=3 in order) at (4, 9) — 5 candidates, lookahead=1
  * left(agent2)                                        value=0.0000
    right(agent2)                                       value=0.0000
    wait(agent2)                                        value=0.0000
    up(agent2)                                          value=0.0000
    down(agent2)                                        value=0.0000
        chosen: left(agent2)  (best_value=0.0000)
[DEBUG d>=2] k=3 (idx=4 in order) at (4, 7) — 4 candidates, lookahead=1
    right(agent3)                                       value=-5.0000
  * wait(agent3)                                        value=-4.0000
    up(agent3)                                          value=-4.0000
    down(agent3)                                        value=-4.0000
        chosen: wait(agent3)  (best_value=-4.0000)
[DEBUG d>=2] k=1 (idx=5 in order) at (3, 10) — 4 candidates, lookahead=1
  * right(agent1)                                       value=0.0000
    wait(agent1)                                        value=0.0000
    up(agent1)                                          value=0.0000
    down(agent1)                                        value=0.0000
        chosen: right(agent1)  (best_value=0.0000)
[DEBUG d>=2] k=8 (idx=6 in order) at (3, 7) — 4 candidates, lookahead=1
  * left(agent8)                                        value=0.0000
    right(agent8)                                       value=0.0000
    wait(agent8)                                        value=0.0000
    up(agent8)                                          value=0.0000
        chosen: left(agent8)  (best_value=0.0000)
[DEBUG d>=2] k=5 (idx=7 in order) at (5, 11) — 5 candidates, lookahead=1
  * left(agent5)                                        value=-6.0000
    right(agent5)                                       value=-6.0000
    wait(agent5)                                        value=-7.0000
    up(agent5)                                          value=-6.0000
    down(agent5)                                        value=-6.0000
        chosen: left(agent5)  (best_value=-6.0000)
[DEBUG d>=2] k=6 (idx=8 in order) at (12, 10) — 4 candidates, lookahead=1
  * left(agent6)                                        value=-11.0000
    right(agent6)                                       value=-15.0000
    wait(agent6)                                        value=-14.0000
    down(agent6)                                        value=-12.0000
        chosen: left(agent6)  (best_value=-11.0000)
[DEBUG d>=2] k=7 (idx=1 in order) at (2, 10) — 4 candidates, lookahead=1
  * right(agent7)                                       value=0.0000
    wait(agent7)                                        value=0.0000
    up(agent7)                                          value=0.0000
    down(agent7)                                        value=0.0000
        chosen: right(agent7)  (best_value=0.0000)
[DEBUG d>=2] k=4 (idx=2 in order) at (3, 8) — 4 candidates, lookahead=1
  * left(agent4)                                        value=0.0000
    right(agent4)                                       value=0.0000
    wait(agent4)                                        value=0.0000
    up(agent4)                                          value=0.0000
        chosen: left(agent4)  (best_value=0.0000)
[DEBUG d>=2] k=2 (idx=3 in order) at (3, 9) — 4 candidates, lookahead=1
  * left(agent2)                                        value=0.0000
    right(agent2)                                       value=0.0000
    wait(agent2)                                        value=0.0000
    up(agent2)                                          value=0.0000
        chosen: left(agent2)  (best_value=0.0000)
[DEBUG d>=2] k=3 (idx=4 in order) at (4, 7) — 5 candidates, lookahead=1
  * left(agent3)                                        value=-2.0000
    right(agent3)                                       value=-4.0000
    wait(agent3)                                        value=-3.0000
    up(agent3)                                          value=-3.0000
    down(agent3)                                        value=-4.0000
        chosen: left(agent3)  (best_value=-2.0000)
[DEBUG d>=2] k=1 (idx=5 in order) at (4, 10) — 3 candidates, lookahead=1
  * right(agent1)                                       value=0.0000
    wait(agent1)                                        value=0.0000
    up(agent1)                                          value=0.0000
        chosen: right(agent1)  (best_value=0.0000)
[DEBUG d>=2] k=8 (idx=6 in order) at (2, 7) — 2 candidates, lookahead=1
  * wait(agent8)                                        value=0.0000
    up(agent8)                                          value=0.0000
        chosen: wait(agent8)  (best_value=0.0000)
[DEBUG d>=2] k=5 (idx=7 in order) at (4, 11) — 5 candidates, lookahead=1
  * left(agent5)                                        value=-3.0000
    right(agent5)                                       value=-5.0000
    wait(agent5)                                        value=-4.0000
    up(agent5)                                          value=-3.0000
    down(agent5)                                        value=-5.0000
        chosen: left(agent5)  (best_value=-3.0000)
[DEBUG d>=2] k=6 (idx=8 in order) at (11, 10) — 5 candidates, lookahead=1
    left(agent6)                                        value=-12.0000
    right(agent6)                                       value=-13.0000
  * wait(agent6)                                        value=-11.0000
    up(agent6)                                          value=-13.0000
    down(agent6)                                        value=-13.0000
        chosen: wait(agent6)  (best_value=-11.0000)
[DEBUG d>=2] k=7 (idx=1 in order) at (3, 10) — 4 candidates, lookahead=1
  * left(agent7)                                        value=0.0000
    right(agent7)                                       value=0.0000
    wait(agent7)                                        value=0.0000
    up(agent7)                                          value=0.0000
        chosen: left(agent7)  (best_value=0.0000)
[DEBUG d>=2] k=4 (idx=2 in order) at (2, 8) — 2 candidates, lookahead=1
  * right(agent4)                                       value=0.0000
    wait(agent4)                                        value=0.0000
        chosen: right(agent4)  (best_value=0.0000)
[DEBUG d>=2] k=2 (idx=3 in order) at (2, 9) — 2 candidates, lookahead=1
  * wait(agent2)                                        value=0.0000
    down(agent2)                                        value=0.0000
        chosen: wait(agent2)  (best_value=0.0000)
[DEBUG d>=2] k=3 (idx=4 in order) at (3, 7) — 4 candidates, lookahead=1
  * right(agent3)                                       value=-3.0000
    wait(agent3)                                        value=-3.0000
    up(agent3)                                          value=-3.0000
    down(agent3)                                        value=-3.0000
        chosen: right(agent3)  (best_value=-3.0000)
[DEBUG d>=2] k=1 (idx=5 in order) at (5, 10) — 5 candidates, lookahead=1
  * left(agent1)                                        value=0.0000
    right(agent1)                                       value=0.0000
    wait(agent1)                                        value=0.0000
    up(agent1)                                          value=0.0000
    down(agent1)                                        value=0.0000
        chosen: left(agent1)  (best_value=0.0000)
[DEBUG d>=2] k=8 (idx=6 in order) at (2, 7) — 4 candidates, lookahead=1
  * right(agent8)                                       value=0.0000
    wait(agent8)                                        value=0.0000
    up(agent8)                                          value=0.0000
    down(agent8)                                        value=0.0000
        chosen: right(agent8)  (best_value=0.0000)
[DEBUG d>=2] k=5 (idx=7 in order) at (3, 11) — 4 candidates, lookahead=1
  * left(agent5)                                        value=-2.0000
    right(agent5)                                       value=-4.0000
    wait(agent5)                                        value=-3.0000
    down(agent5)                                        value=-4.0000
        chosen: left(agent5)  (best_value=-2.0000)
[DEBUG d>=2] k=6 (idx=8 in order) at (11, 10) — 5 candidates, lookahead=1
  * left(agent6)                                        value=-12.0000
    right(agent6)                                       value=-13.0000
    wait(agent6)                                        value=-12.0000
    up(agent6)                                          value=-12.0000
    down(agent6)                                        value=-12.0000
        chosen: left(agent6)  (best_value=-12.0000)
[DEBUG d>=2] k=7 (idx=1 in order) at (2, 10) — 2 candidates, lookahead=1
  * right(agent7)                                       value=0.0000
    wait(agent7)                                        value=0.0000
        chosen: right(agent7)  (best_value=0.0000)
[DEBUG d>=2] k=4 (idx=2 in order) at (3, 8) — 4 candidates, lookahead=1
  * left(agent4)                                        value=0.0000
    right(agent4)                                       value=0.0000
    wait(agent4)                                        value=0.0000
    down(agent4)                                        value=0.0000
        chosen: left(agent4)  (best_value=0.0000)
[DEBUG d>=2] k=2 (idx=3 in order) at (2, 9) — 2 candidates, lookahead=1
  * right(agent2)                                       value=0.0000
    wait(agent2)                                        value=0.0000
        chosen: right(agent2)  (best_value=0.0000)
[DEBUG d>=2] k=3 (idx=4 in order) at (4, 7) — 4 candidates, lookahead=1
    right(agent3)                                       value=-5.0000
  * wait(agent3)                                        value=-3.0000
    up(agent3)                                          value=-3.0000
    down(agent3)                                        value=-4.0000
        chosen: wait(agent3)  (best_value=-3.0000)
[DEBUG d>=2] k=1 (idx=5 in order) at (4, 10) — 5 candidates, lookahead=1
  * left(agent1)                                        value=0.0000
    right(agent1)                                       value=0.0000
    wait(agent1)                                        value=0.0000
    up(agent1)                                          value=0.0000
    down(agent1)                                        value=0.0000
        chosen: left(agent1)  (best_value=0.0000)
[DEBUG d>=2] k=8 (idx=6 in order) at (3, 7) — 5 candidates, lookahead=1
  * left(agent8)                                        value=0.0000
    right(agent8)                                       value=0.0000
    wait(agent8)                                        value=0.0000
    up(agent8)                                          value=0.0000
    down(agent8)                                        value=0.0000
        chosen: left(agent8)  (best_value=0.0000)
[DEBUG d>=2] k=5 (idx=7 in order) at (2, 11) — 4 candidates, lookahead=1
  * left(agent5)                                        value=-1.0000
    right(agent5)                                       value=-3.0000
    wait(agent5)                                        value=-2.0000
    down(agent5)                                        value=-3.0000
        chosen: left(agent5)  (best_value=-1.0000)
[DEBUG d>=2] k=6 (idx=8 in order) at (10, 10) — 5 candidates, lookahead=1
    left(agent6)                                        value=-11.0000
    right(agent6)                                       value=-11.0000
  * wait(agent6)                                        value=-10.0000
    up(agent6)                                          value=-13.0000
    down(agent6)                                        value=-13.0000
        chosen: wait(agent6)  (best_value=-10.0000)
[DEBUG d>=2] k=7 (idx=1 in order) at (3, 10) — 3 candidates, lookahead=1
  * left(agent7)                                        value=0.0000
    wait(agent7)                                        value=0.0000
    down(agent7)                                        value=0.0000
        chosen: left(agent7)  (best_value=0.0000)
[DEBUG d>=2] k=4 (idx=2 in order) at (2, 8) — 3 candidates, lookahead=1
  * right(agent4)                                       value=0.0000
    wait(agent4)                                        value=0.0000
    down(agent4)                                        value=0.0000
        chosen: right(agent4)  (best_value=0.0000)
[DEBUG d>=2] k=2 (idx=3 in order) at (3, 9) — 5 candidates, lookahead=1
  * left(agent2)                                        value=0.0000
    right(agent2)                                       value=0.0000
    wait(agent2)                                        value=0.0000
    up(agent2)                                          value=0.0000
    down(agent2)                                        value=0.0000
        chosen: left(agent2)  (best_value=0.0000)
[DEBUG d>=2] k=3 (idx=4 in order) at (4, 7) — 5 candidates, lookahead=1
  * left(agent3)                                        value=-3.0000
    right(agent3)                                       value=-5.0000
    wait(agent3)                                        value=-3.0000
    up(agent3)                                          value=-3.0000
    down(agent3)                                        value=-3.0000
        chosen: left(agent3)  (best_value=-3.0000)
[DEBUG d>=2] k=1 (idx=5 in order) at (4, 10) — 4 candidates, lookahead=1
  * left(agent1)                                        value=0.0000
    right(agent1)                                       value=0.0000
    wait(agent1)                                        value=0.0000
    down(agent1)                                        value=0.0000
        chosen: left(agent1)  (best_value=0.0000)
[DEBUG d>=2] k=8 (idx=6 in order) at (2, 7) — 2 candidates, lookahead=1
  * wait(agent8)                                        value=0.0000
    up(agent8)                                          value=0.0000
        chosen: wait(agent8)  (best_value=0.0000)
[DEBUG d>=2] k=5 (idx=7 in order) at (1, 11) — 4 candidates, lookahead=1
    right(agent5)                                       value=-2.0000
    wait(agent5)                                        value=-1.0000
  * fill(agent5, tank6)                                 value=0.0000
    down(agent5)                                        value=-2.0000
        chosen: fill(agent5, tank6)  (best_value=0.0000)
[DEBUG d>=2] k=6 (idx=8 in order) at (10, 10) — 5 candidates, lookahead=1
    left(agent6)                                        value=-12.0000
    right(agent6)                                       value=-13.0000
  * wait(agent6)                                        value=-11.0000
    up(agent6)                                          value=-12.0000
    down(agent6)                                        value=-12.0000
        chosen: wait(agent6)  (best_value=-11.0000)
[DEBUG d>=2] k=7 (idx=1 in order) at (2, 10) — 2 candidates, lookahead=1
  * wait(agent7)                                        value=0.0000
    down(agent7)                                        value=0.0000
        chosen: wait(agent7)  (best_value=0.0000)
[DEBUG d>=2] k=4 (idx=2 in order) at (3, 8) — 4 candidates, lookahead=1
  * left(agent4)                                        value=0.0000
    right(agent4)                                       value=0.0000
    wait(agent4)                                        value=0.0000
    down(agent4)                                        value=0.0000
        chosen: left(agent4)  (best_value=0.0000)
[DEBUG d>=2] k=2 (idx=3 in order) at (2, 9) — 4 candidates, lookahead=1
  * right(agent2)                                       value=0.0000
    wait(agent2)                                        value=0.0000
    up(agent2)                                          value=0.0000
    down(agent2)                                        value=0.0000
        chosen: right(agent2)  (best_value=0.0000)
[DEBUG d>=2] k=3 (idx=4 in order) at (3, 7) — 4 candidates, lookahead=1
    right(agent3)                                       value=-3.0000
  * wait(agent3)                                        value=-2.0000
    up(agent3)                                          value=-2.0000
    down(agent3)                                        value=-2.0000
        chosen: wait(agent3)  (best_value=-2.0000)
[DEBUG d>=2] k=1 (idx=5 in order) at (3, 10) — 5 candidates, lookahead=1
  * left(agent1)                                        value=0.0000
    right(agent1)                                       value=0.0000
    wait(agent1)                                        value=0.0000
    up(agent1)                                          value=0.0000
    down(agent1)                                        value=0.0000
        chosen: left(agent1)  (best_value=0.0000)
[DEBUG d>=2] k=8 (idx=6 in order) at (2, 7) — 3 candidates, lookahead=1
  * right(agent8)                                       value=0.0000
    wait(agent8)                                        value=0.0000
    up(agent8)                                          value=0.0000
        chosen: right(agent8)  (best_value=0.0000)
[DEBUG d>=2] k=5 (idx=7 in order) at (1, 11) — 2 candidates, lookahead=1
  * wait(agent5)                                        value=0.0000
    down(agent5)                                        value=0.0000
        chosen: wait(agent5)  (best_value=0.0000)
[DEBUG d>=2] k=6 (idx=8 in order) at (10, 10) — 5 candidates, lookahead=1
    left(agent6)                                        value=-13.0000
    right(agent6)                                       value=-12.0000
    wait(agent6)                                        value=-14.0000
  * up(agent6)                                          value=-9.0000
    down(agent6)                                        value=-10.0000
        chosen: up(agent6)  (best_value=-9.0000)
[DEBUG d>=2] k=7 (idx=1 in order) at (2, 10) — 3 candidates, lookahead=1
  * wait(agent7)                                        value=0.0000
    up(agent7)                                          value=0.0000
    down(agent7)                                        value=0.0000
        chosen: wait(agent7)  (best_value=0.0000)
[DEBUG d>=2] k=4 (idx=2 in order) at (2, 8) — 2 candidates, lookahead=1
  * right(agent4)                                       value=0.0000
    wait(agent4)                                        value=0.0000
        chosen: right(agent4)  (best_value=0.0000)
[DEBUG d>=2] k=2 (idx=3 in order) at (3, 9) — 4 candidates, lookahead=1
  * left(agent2)                                        value=0.0000
    right(agent2)                                       value=0.0000
    wait(agent2)                                        value=0.0000
    up(agent2)                                          value=0.0000
        chosen: left(agent2)  (best_value=0.0000)
[DEBUG d>=2] k=3 (idx=4 in order) at (3, 7) — 3 candidates, lookahead=1
    right(agent3)                                       value=-3.0000
  * wait(agent3)                                        value=-2.0000
    up(agent3)                                          value=-3.0000
        chosen: wait(agent3)  (best_value=-2.0000)
[DEBUG d>=2] k=1 (idx=5 in order) at (3, 10) — 5 candidates, lookahead=1
  * left(agent1)                                        value=0.0000
    right(agent1)                                       value=0.0000
    wait(agent1)                                        value=0.0000
    up(agent1)                                          value=0.0000
    down(agent1)                                        value=0.0000
        chosen: left(agent1)  (best_value=0.0000)
[DEBUG d>=2] k=8 (idx=6 in order) at (2, 7) — 3 candidates, lookahead=1
  * right(agent8)                                       value=0.0000
    wait(agent8)                                        value=0.0000
    up(agent8)                                          value=0.0000
        chosen: right(agent8)  (best_value=0.0000)
[DEBUG d>=2] k=5 (idx=7 in order) at (1, 11) — 3 candidates, lookahead=1
  * right(agent5)                                       value=0.0000
    wait(agent5)                                        value=0.0000
    down(agent5)                                        value=0.0000
        chosen: right(agent5)  (best_value=0.0000)
[DEBUG d>=2] k=6 (idx=8 in order) at (10, 9) — 5 candidates, lookahead=1
  * left(agent6)                                        value=-9.0000
    right(agent6)                                       value=-11.0000
    wait(agent6)                                        value=-11.0000
    up(agent6)                                          value=-10.0000
    down(agent6)                                        value=-9.0000
        chosen: left(agent6)  (best_value=-9.0000)
[DEBUG d>=2] k=4 (idx=2 in order) at (3, 8) — 4 candidates, lookahead=1
  * left(agent4)                                        value=0.0000
    right(agent4)                                       value=0.0000
    wait(agent4)                                        value=0.0000
    down(agent4)                                        value=0.0000
        chosen: left(agent4)  (best_value=0.0000)
[DEBUG d>=2] k=2 (idx=3 in order) at (2, 9) — 2 candidates, lookahead=1
  * wait(agent2)                                        value=0.0000
    up(agent2)                                          value=0.0000
        chosen: wait(agent2)  (best_value=0.0000)
[DEBUG d>=2] k=3 (idx=4 in order) at (3, 7) — 3 candidates, lookahead=1
    right(agent3)                                       value=-4.0000
  * wait(agent3)                                        value=-2.0000
    up(agent3)                                          value=-2.0000
        chosen: wait(agent3)  (best_value=-2.0000)
[DEBUG d>=2] k=1 (idx=5 in order) at (3, 10) — 3 candidates, lookahead=1
  * right(agent1)                                       value=0.0000
    wait(agent1)                                        value=0.0000
    down(agent1)                                        value=0.0000
        chosen: right(agent1)  (best_value=0.0000)
[DEBUG d>=2] k=8 (idx=6 in order) at (2, 7) — 3 candidates, lookahead=1
  * right(agent8)                                       value=0.0000
    wait(agent8)                                        value=0.0000
    up(agent8)                                          value=0.0000
        chosen: right(agent8)  (best_value=0.0000)
[DEBUG d>=2] k=5 (idx=7 in order) at (2, 11) — 4 candidates, lookahead=1
  * left(agent5)                                        value=0.0000
    right(agent5)                                       value=0.0000
    wait(agent5)                                        value=0.0000
    down(agent5)                                        value=0.0000
        chosen: left(agent5)  (best_value=0.0000)
[DEBUG d>=2] k=6 (idx=8 in order) at (9, 9) — 5 candidates, lookahead=1
    left(agent6)                                        value=-11.0000
    right(agent6)                                       value=-11.0000
    wait(agent6)                                        value=-10.0000
  * up(agent6)                                          value=-8.0000
    down(agent6)                                        value=-11.0000
        chosen: up(agent6)  (best_value=-8.0000)
[DEBUG d>=2] k=7 (idx=1 in order) at (2, 10) — 3 candidates, lookahead=1
  * right(agent7)                                       value=0.0000
    wait(agent7)                                        value=0.0000
    down(agent7)                                        value=0.0000
        chosen: right(agent7)  (best_value=0.0000)
[DEBUG d>=2] k=4 (idx=2 in order) at (2, 8) — 2 candidates, lookahead=1
  * right(agent4)                                       value=0.0000
    wait(agent4)                                        value=0.0000
        chosen: right(agent4)  (best_value=0.0000)
[DEBUG d>=2] k=2 (idx=3 in order) at (2, 9) — 3 candidates, lookahead=1
  * right(agent2)                                       value=0.0000
    wait(agent2)                                        value=0.0000
    up(agent2)                                          value=0.0000
        chosen: right(agent2)  (best_value=0.0000)
[DEBUG d>=2] k=3 (idx=4 in order) at (3, 7) — 4 candidates, lookahead=1
    right(agent3)                                       value=-4.0000
  * wait(agent3)                                        value=-3.0000
    up(agent3)                                          value=-3.0000
    down(agent3)                                        value=-4.0000
        chosen: wait(agent3)  (best_value=-3.0000)
[DEBUG d>=2] k=1 (idx=5 in order) at (4, 10) — 5 candidates, lookahead=1
  * left(agent1)                                        value=0.0000
    right(agent1)                                       value=0.0000
    wait(agent1)                                        value=0.0000
    up(agent1)                                          value=0.0000
    down(agent1)                                        value=0.0000
        chosen: left(agent1)  (best_value=0.0000)
[DEBUG d>=2] k=8 (idx=6 in order) at (2, 7) — 3 candidates, lookahead=1
  * right(agent8)                                       value=0.0000
    wait(agent8)                                        value=0.0000
    up(agent8)                                          value=0.0000
        chosen: right(agent8)  (best_value=0.0000)
[DEBUG d>=2] k=5 (idx=7 in order) at (1, 11) — 3 candidates, lookahead=1
  * right(agent5)                                       value=0.0000
    wait(agent5)                                        value=0.0000
    down(agent5)                                        value=0.0000
        chosen: right(agent5)  (best_value=0.0000)
[DEBUG d>=2] k=6 (idx=8 in order) at (9, 8) — 5 candidates, lookahead=1
    left(agent6)                                        value=-10.0000
    right(agent6)                                       value=-10.0000
  * wait(agent6)                                        value=-9.0000
    up(agent6)                                          value=-10.0000
    down(agent6)                                        value=-10.0000
        chosen: wait(agent6)  (best_value=-9.0000)
[DEBUG d>=2] k=7 (idx=1 in order) at (3, 10) — 3 candidates, lookahead=1
  * left(agent7)                                        value=0.0000
    wait(agent7)                                        value=0.0000
    down(agent7)                                        value=0.0000
        chosen: left(agent7)  (best_value=0.0000)
[DEBUG d>=2] k=4 (idx=2 in order) at (3, 8) — 3 candidates, lookahead=1
  * left(agent4)                                        value=0.0000
    right(agent4)                                       value=0.0000
    wait(agent4)                                        value=0.0000
        chosen: left(agent4)  (best_value=0.0000)
[DEBUG d>=2] k=2 (idx=3 in order) at (3, 9) — 5 candidates, lookahead=1
  * left(agent2)                                        value=0.0000
    right(agent2)                                       value=0.0000
    wait(agent2)                                        value=0.0000
    up(agent2)                                          value=0.0000
    down(agent2)                                        value=0.0000
        chosen: left(agent2)  (best_value=0.0000)
[DEBUG d>=2] k=3 (idx=4 in order) at (3, 7) — 3 candidates, lookahead=1
    right(agent3)                                       value=-4.0000
    wait(agent3)                                        value=-3.0000
  * up(agent3)                                          value=-2.0000
        chosen: up(agent3)  (best_value=-2.0000)
[DEBUG d>=2] k=1 (idx=5 in order) at (4, 10) — 5 candidates, lookahead=1
  * left(agent1)                                        value=0.0000
    right(agent1)                                       value=0.0000
    wait(agent1)                                        value=0.0000
    up(agent1)                                          value=0.0000
    down(agent1)                                        value=0.0000
        chosen: left(agent1)  (best_value=0.0000)
[DEBUG d>=2] k=8 (idx=6 in order) at (2, 7) — 4 candidates, lookahead=1
  * right(agent8)                                       value=0.0000
    wait(agent8)                                        value=0.0000
    up(agent8)                                          value=0.0000
    down(agent8)                                        value=0.0000
        chosen: right(agent8)  (best_value=0.0000)
[DEBUG d>=2] k=5 (idx=7 in order) at (2, 11) — 5 candidates, lookahead=1
  * left(agent5)                                        value=0.0000
    right(agent5)                                       value=0.0000
    wait(agent5)                                        value=0.0000
    up(agent5)                                          value=0.0000
    down(agent5)                                        value=0.0000
        chosen: left(agent5)  (best_value=0.0000)
[DEBUG d>=2] k=6 (idx=8 in order) at (9, 8) — 5 candidates, lookahead=1
    left(agent6)                                        value=-10.0000
    right(agent6)                                       value=-10.0000
    wait(agent6)                                        value=-9.0000
    up(agent6)                                          value=-10.0000
  * down(agent6)                                        value=-8.0000
        chosen: down(agent6)  (best_value=-8.0000)
[DEBUG d>=2] k=7 (idx=1 in order) at (2, 10) — 2 candidates, lookahead=1
  * wait(agent7)                                        value=0.0000
    down(agent7)                                        value=0.0000
        chosen: wait(agent7)  (best_value=0.0000)
[DEBUG d>=2] k=4 (idx=2 in order) at (2, 8) — 3 candidates, lookahead=1
  * right(agent4)                                       value=0.0000
    wait(agent4)                                        value=0.0000
    up(agent4)                                          value=0.0000
        chosen: right(agent4)  (best_value=0.0000)
[DEBUG d>=2] k=2 (idx=3 in order) at (2, 9) — 4 candidates, lookahead=1
  * right(agent2)                                       value=0.0000
    wait(agent2)                                        value=0.0000
    up(agent2)                                          value=0.0000
    down(agent2)                                        value=0.0000
        chosen: right(agent2)  (best_value=0.0000)
[DEBUG d>=2] k=3 (idx=4 in order) at (3, 6) — 4 candidates, lookahead=1
  * left(agent3)                                        value=-1.0000
    right(agent3)                                       value=-3.0000
    wait(agent3)                                        value=-2.0000
    up(agent3)                                          value=-2.0000
        chosen: left(agent3)  (best_value=-1.0000)
[DEBUG d>=2] k=1 (idx=5 in order) at (3, 10) — 3 candidates, lookahead=1
  * right(agent1)                                       value=0.0000
    wait(agent1)                                        value=0.0000
    down(agent1)                                        value=0.0000
        chosen: right(agent1)  (best_value=0.0000)
[DEBUG d>=2] k=8 (idx=6 in order) at (3, 7) — 4 candidates, lookahead=1
  * right(agent8)                                       value=0.0000
    wait(agent8)                                        value=0.0000
    up(agent8)                                          value=0.0000
    down(agent8)                                        value=0.0000
        chosen: right(agent8)  (best_value=0.0000)
[DEBUG d>=2] k=5 (idx=7 in order) at (1, 11) — 2 candidates, lookahead=1
  * wait(agent5)                                        value=0.0000
    down(agent5)                                        value=0.0000
        chosen: wait(agent5)  (best_value=0.0000)
[DEBUG d>=2] k=6 (idx=8 in order) at (9, 9) — 5 candidates, lookahead=1
  * left(agent6)                                        value=-9.0000
    right(agent6)                                       value=-9.0000
    wait(agent6)                                        value=-10.0000
    up(agent6)                                          value=-11.0000
    down(agent6)                                        value=-11.0000
        chosen: left(agent6)  (best_value=-9.0000)
[DEBUG d>=2] k=7 (idx=1 in order) at (2, 10) — 4 candidates, lookahead=1
  * right(agent7)                                       value=0.0000
    wait(agent7)                                        value=0.0000
    up(agent7)                                          value=0.0000
    down(agent7)                                        value=0.0000
        chosen: right(agent7)  (best_value=0.0000)
[DEBUG d>=2] k=4 (idx=2 in order) at (3, 8) — 4 candidates, lookahead=1
  * left(agent4)                                        value=0.0000
    right(agent4)                                       value=0.0000
    wait(agent4)                                        value=0.0000
    up(agent4)                                          value=0.0000
        chosen: left(agent4)  (best_value=0.0000)
[DEBUG d>=2] k=2 (idx=3 in order) at (3, 9) — 5 candidates, lookahead=1
  * left(agent2)                                        value=0.0000
    right(agent2)                                       value=0.0000
    wait(agent2)                                        value=0.0000
    up(agent2)                                          value=0.0000
    down(agent2)                                        value=0.0000
        chosen: left(agent2)  (best_value=0.0000)
[DEBUG d>=2] k=3 (idx=4 in order) at (2, 6) — 5 candidates, lookahead=1
    right(agent3)                                       value=-2.0000
    wait(agent3)                                        value=-1.0000
  * fill(agent3, tank2)                                 value=0.0000
    up(agent3)                                          value=-1.0000
    down(agent3)                                        value=-1.0000
        chosen: fill(agent3, tank2)  (best_value=0.0000)
[DEBUG d>=2] k=1 (idx=5 in order) at (4, 10) — 4 candidates, lookahead=1
  * left(agent1)                                        value=0.0000
    right(agent1)                                       value=0.0000
    wait(agent1)                                        value=0.0000
    down(agent1)                                        value=0.0000
        chosen: left(agent1)  (best_value=0.0000)
[DEBUG d>=2] k=8 (idx=6 in order) at (4, 7) — 5 candidates, lookahead=1
  * left(agent8)                                        value=0.0000
    right(agent8)                                       value=0.0000
    wait(agent8)                                        value=0.0000
    up(agent8)                                          value=0.0000
    down(agent8)                                        value=0.0000
        chosen: left(agent8)  (best_value=0.0000)
[DEBUG d>=2] k=5 (idx=7 in order) at (1, 11) — 3 candidates, lookahead=1
  * right(agent5)                                       value=0.0000
    wait(agent5)                                        value=0.0000
    down(agent5)                                        value=0.0000
        chosen: right(agent5)  (best_value=0.0000)
[DEBUG d>=2] k=6 (idx=8 in order) at (8, 9) — 5 candidates, lookahead=1
  * left(agent6)                                        value=-7.0000
    right(agent6)                                       value=-12.0000
    wait(agent6)                                        value=-8.0000
    up(agent6)                                          value=-7.0000
    down(agent6)                                        value=-9.0000
        chosen: left(agent6)  (best_value=-7.0000)
[DEBUG d>=2] k=7 (idx=1 in order) at (3, 10) — 4 candidates, lookahead=1
  * left(agent7)                                        value=0.0000
    wait(agent7)                                        value=0.0000
    up(agent7)                                          value=0.0000
    down(agent7)                                        value=0.0000
        chosen: left(agent7)  (best_value=0.0000)
[DEBUG d>=2] k=4 (idx=2 in order) at (2, 8) — 3 candidates, lookahead=1
  * right(agent4)                                       value=0.0000
    wait(agent4)                                        value=0.0000
    up(agent4)                                          value=0.0000
        chosen: right(agent4)  (best_value=0.0000)
[DEBUG d>=2] k=2 (idx=3 in order) at (2, 9) — 4 candidates, lookahead=1
  * right(agent2)                                       value=0.0000
    wait(agent2)                                        value=0.0000
    up(agent2)                                          value=0.0000
    down(agent2)                                        value=0.0000
        chosen: right(agent2)  (best_value=0.0000)
[DEBUG d>=2] k=3 (idx=4 in order) at (2, 6) — 4 candidates, lookahead=1
  * right(agent3)                                       value=0.0000
    wait(agent3)                                        value=0.0000
    up(agent3)                                          value=0.0000
    down(agent3)                                        value=0.0000
        chosen: right(agent3)  (best_value=0.0000)
[DEBUG d>=2] k=1 (idx=5 in order) at (4, 10) — 5 candidates, lookahead=1
  * left(agent1)                                        value=0.0000
    right(agent1)                                       value=0.0000
    wait(agent1)                                        value=0.0000
    up(agent1)                                          value=0.0000
    down(agent1)                                        value=0.0000
        chosen: left(agent1)  (best_value=0.0000)
[DEBUG d>=2] k=8 (idx=6 in order) at (3, 7) — 3 candidates, lookahead=1
  * right(agent8)                                       value=0.0000
    wait(agent8)                                        value=0.0000
    down(agent8)                                        value=0.0000
        chosen: right(agent8)  (best_value=0.0000)
[DEBUG d>=2] k=5 (idx=7 in order) at (2, 11) — 4 candidates, lookahead=1
  * left(agent5)                                        value=0.0000
    right(agent5)                                       value=0.0000
    wait(agent5)                                        value=0.0000
    down(agent5)                                        value=0.0000
        chosen: left(agent5)  (best_value=0.0000)
[DEBUG d>=2] k=6 (idx=8 in order) at (7, 9) — 5 candidates, lookahead=1
    left(agent6)                                        value=-7.0000
    right(agent6)                                       value=-8.0000
  * wait(agent6)                                        value=-6.0000
    up(agent6)                                          value=-7.0000
    down(agent6)                                        value=-8.0000
        chosen: wait(agent6)  (best_value=-6.0000)
[DEBUG d>=2] k=7 (idx=1 in order) at (2, 10) — 3 candidates, lookahead=1
  * wait(agent7)                                        value=0.0000
    up(agent7)                                          value=0.0000
    down(agent7)                                        value=0.0000
        chosen: wait(agent7)  (best_value=0.0000)
[DEBUG d>=2] k=4 (idx=2 in order) at (3, 8) — 4 candidates, lookahead=1
  * left(agent4)                                        value=0.0000
    right(agent4)                                       value=0.0000
    wait(agent4)                                        value=0.0000
    up(agent4)                                          value=0.0000
        chosen: left(agent4)  (best_value=0.0000)
[DEBUG d>=2] k=2 (idx=3 in order) at (3, 9) — 4 candidates, lookahead=1
  * left(agent2)                                        value=0.0000
    right(agent2)                                       value=0.0000
    wait(agent2)                                        value=0.0000
    up(agent2)                                          value=0.0000
        chosen: left(agent2)  (best_value=0.0000)
[DEBUG d>=2] k=3 (idx=4 in order) at (3, 6) — 5 candidates, lookahead=1
  * left(agent3)                                        value=0.0000
    right(agent3)                                       value=0.0000
    wait(agent3)                                        value=0.0000
    up(agent3)                                          value=0.0000
    down(agent3)                                        value=0.0000
        chosen: left(agent3)  (best_value=0.0000)
[DEBUG d>=2] k=1 (idx=5 in order) at (3, 10) — 4 candidates, lookahead=1
  * right(agent1)                                       value=0.0000
    wait(agent1)                                        value=0.0000
    up(agent1)                                          value=0.0000
    down(agent1)                                        value=0.0000
        chosen: right(agent1)  (best_value=0.0000)
[DEBUG d>=2] k=8 (idx=6 in order) at (4, 7) — 4 candidates, lookahead=1
  * right(agent8)                                       value=0.0000
    wait(agent8)                                        value=0.0000
    up(agent8)                                          value=0.0000
    down(agent8)                                        value=0.0000
        chosen: right(agent8)  (best_value=0.0000)
[DEBUG d>=2] k=5 (idx=7 in order) at (1, 11) — 2 candidates, lookahead=1
  * wait(agent5)                                        value=0.0000
    down(agent5)                                        value=0.0000
        chosen: wait(agent5)  (best_value=0.0000)
[DEBUG d>=2] k=6 (idx=8 in order) at (7, 9) — 5 candidates, lookahead=1
    left(agent6)                                        value=-8.0000
    right(agent6)                                       value=-8.0000
    wait(agent6)                                        value=-10.0000
  * up(agent6)                                          value=-7.0000
    down(agent6)                                        value=-7.0000
        chosen: up(agent6)  (best_value=-7.0000)
[DEBUG d>=2] k=7 (idx=1 in order) at (2, 10) — 3 candidates, lookahead=1
  * right(agent7)                                       value=0.0000
    wait(agent7)                                        value=0.0000
    down(agent7)                                        value=0.0000
        chosen: right(agent7)  (best_value=0.0000)
[DEBUG d>=2] k=4 (idx=2 in order) at (2, 8) — 3 candidates, lookahead=1
  * right(agent4)                                       value=0.0000
    wait(agent4)                                        value=0.0000
    up(agent4)                                          value=0.0000
        chosen: right(agent4)  (best_value=0.0000)
[DEBUG d>=2] k=2 (idx=3 in order) at (2, 9) — 3 candidates, lookahead=1
  * right(agent2)                                       value=0.0000
    wait(agent2)                                        value=0.0000
    up(agent2)                                          value=0.0000
        chosen: right(agent2)  (best_value=0.0000)
[DEBUG d>=2] k=3 (idx=4 in order) at (2, 6) — 4 candidates, lookahead=1
  * right(agent3)                                       value=0.0000
    wait(agent3)                                        value=0.0000
    up(agent3)                                          value=0.0000
    down(agent3)                                        value=0.0000
        chosen: right(agent3)  (best_value=0.0000)
[DEBUG d>=2] k=1 (idx=5 in order) at (4, 10) — 5 candidates, lookahead=1
  * left(agent1)                                        value=0.0000
    right(agent1)                                       value=0.0000
    wait(agent1)                                        value=0.0000
    up(agent1)                                          value=0.0000
    down(agent1)                                        value=0.0000
        chosen: left(agent1)  (best_value=0.0000)
[DEBUG d>=2] k=8 (idx=6 in order) at (5, 7) — 5 candidates, lookahead=1
  * left(agent8)                                        value=0.0000
    right(agent8)                                       value=0.0000
    wait(agent8)                                        value=0.0000
    up(agent8)                                          value=0.0000
    down(agent8)                                        value=0.0000
        chosen: left(agent8)  (best_value=0.0000)
[DEBUG d>=2] k=5 (idx=7 in order) at (1, 11) — 3 candidates, lookahead=1
  * right(agent5)                                       value=0.0000
    wait(agent5)                                        value=0.0000
    down(agent5)                                        value=0.0000
        chosen: right(agent5)  (best_value=0.0000)
[DEBUG d>=2] k=6 (idx=8 in order) at (7, 8) — 5 candidates, lookahead=1
  * left(agent6)                                        value=-6.0000
    right(agent6)                                       value=-8.0000
    wait(agent6)                                        value=-7.0000
    up(agent6)                                          value=-6.0000
    down(agent6)                                        value=-7.0000
        chosen: left(agent6)  (best_value=-6.0000)
[DEBUG d>=2] k=7 (idx=1 in order) at (3, 10) — 3 candidates, lookahead=1
  * left(agent7)                                        value=0.0000
    wait(agent7)                                        value=0.0000
    down(agent7)                                        value=0.0000
        chosen: left(agent7)  (best_value=0.0000)
[DEBUG d>=2] k=4 (idx=2 in order) at (3, 8) — 4 candidates, lookahead=1
  * left(agent4)                                        value=0.0000
    right(agent4)                                       value=0.0000
    wait(agent4)                                        value=0.0000
    up(agent4)                                          value=0.0000
        chosen: left(agent4)  (best_value=0.0000)
[DEBUG d>=2] k=2 (idx=3 in order) at (3, 9) — 4 candidates, lookahead=1
  * left(agent2)                                        value=0.0000
    right(agent2)                                       value=0.0000
    wait(agent2)                                        value=0.0000
    down(agent2)                                        value=0.0000
        chosen: left(agent2)  (best_value=0.0000)
[DEBUG d>=2] k=3 (idx=4 in order) at (3, 6) — 5 candidates, lookahead=1
  * left(agent3)                                        value=0.0000
    right(agent3)                                       value=0.0000
    wait(agent3)                                        value=0.0000
    up(agent3)                                          value=0.0000
    down(agent3)                                        value=0.0000
        chosen: left(agent3)  (best_value=0.0000)
[DEBUG d>=2] k=1 (idx=5 in order) at (4, 10) — 5 candidates, lookahead=1
  * left(agent1)                                        value=0.0000
    right(agent1)                                       value=0.0000
    wait(agent1)                                        value=0.0000
    up(agent1)                                          value=0.0000
    down(agent1)                                        value=0.0000
        chosen: left(agent1)  (best_value=0.0000)
[DEBUG d>=2] k=8 (idx=6 in order) at (4, 7) — 4 candidates, lookahead=1
  * left(agent8)                                        value=0.0000
    right(agent8)                                       value=0.0000
    wait(agent8)                                        value=0.0000
    up(agent8)                                          value=0.0000
        chosen: left(agent8)  (best_value=0.0000)
[DEBUG d>=2] k=5 (idx=7 in order) at (2, 11) — 5 candidates, lookahead=1
  * left(agent5)                                        value=0.0000
    right(agent5)                                       value=0.0000
    wait(agent5)                                        value=0.0000
    up(agent5)                                          value=0.0000
    down(agent5)                                        value=0.0000
        chosen: left(agent5)  (best_value=0.0000)
[DEBUG d>=2] k=6 (idx=8 in order) at (6, 8) — 5 candidates, lookahead=1
    left(agent6)                                        value=-7.0000
    right(agent6)                                       value=-8.0000
    wait(agent6)                                        value=-8.0000
  * up(agent6)                                          value=-6.0000
    down(agent6)                                        value=-7.0000
        chosen: up(agent6)  (best_value=-6.0000)
[DEBUG d>=2] k=7 (idx=1 in order) at (2, 10) — 2 candidates, lookahead=1
  * wait(agent7)                                        value=0.0000
    down(agent7)                                        value=0.0000
        chosen: wait(agent7)  (best_value=0.0000)
[DEBUG d>=2] k=4 (idx=2 in order) at (2, 8) — 3 candidates, lookahead=1
  * right(agent4)                                       value=0.0000
    wait(agent4)                                        value=0.0000
    up(agent4)                                          value=0.0000
        chosen: right(agent4)  (best_value=0.0000)
[DEBUG d>=2] k=2 (idx=3 in order) at (2, 9) — 4 candidates, lookahead=1
  * right(agent2)                                       value=0.0000
    wait(agent2)                                        value=0.0000
    up(agent2)                                          value=0.0000
    down(agent2)                                        value=0.0000
        chosen: right(agent2)  (best_value=0.0000)
[DEBUG d>=2] k=3 (idx=4 in order) at (2, 6) — 3 candidates, lookahead=1
  * right(agent3)                                       value=0.0000
    wait(agent3)                                        value=0.0000
    up(agent3)                                          value=0.0000
        chosen: right(agent3)  (best_value=0.0000)
[DEBUG d>=2] k=1 (idx=5 in order) at (3, 10) — 4 candidates, lookahead=1
  * right(agent1)                                       value=0.0000
    wait(agent1)                                        value=0.0000
    up(agent1)                                          value=0.0000
    down(agent1)                                        value=0.0000
        chosen: right(agent1)  (best_value=0.0000)
[DEBUG d>=2] k=8 (idx=6 in order) at (3, 7) — 3 candidates, lookahead=1
  * right(agent8)                                       value=0.0000
    wait(agent8)                                        value=0.0000
    down(agent8)                                        value=0.0000
        chosen: right(agent8)  (best_value=0.0000)
[DEBUG d>=2] k=5 (idx=7 in order) at (1, 11) — 2 candidates, lookahead=1
  * wait(agent5)                                        value=0.0000
    down(agent5)                                        value=0.0000
        chosen: wait(agent5)  (best_value=0.0000)
[DEBUG d>=2] k=6 (idx=8 in order) at (6, 7) — 5 candidates, lookahead=1
  * left(agent6)                                        value=-6.0000
    right(agent6)                                       value=-7.0000
    wait(agent6)                                        value=-7.0000
    up(agent6)                                          value=-6.0000
    down(agent6)                                        value=-7.0000
        chosen: left(agent6)  (best_value=-6.0000)
[DEBUG d>=2] k=7 (idx=1 in order) at (2, 10) — 4 candidates, lookahead=1
  * right(agent7)                                       value=0.0000
    wait(agent7)                                        value=0.0000
    up(agent7)                                          value=0.0000
    down(agent7)                                        value=0.0000
        chosen: right(agent7)  (best_value=0.0000)
[DEBUG d>=2] k=4 (idx=2 in order) at (3, 8) — 4 candidates, lookahead=1
  * left(agent4)                                        value=0.0000
    right(agent4)                                       value=0.0000
    wait(agent4)                                        value=0.0000
    up(agent4)                                          value=0.0000
        chosen: left(agent4)  (best_value=0.0000)
[DEBUG d>=2] k=2 (idx=3 in order) at (3, 9) — 5 candidates, lookahead=1
  * left(agent2)                                        value=0.0000
    right(agent2)                                       value=0.0000
    wait(agent2)                                        value=0.0000
    up(agent2)                                          value=0.0000
    down(agent2)                                        value=0.0000
        chosen: left(agent2)  (best_value=0.0000)
[DEBUG d>=2] k=3 (idx=4 in order) at (3, 6) — 5 candidates, lookahead=1
  * left(agent3)                                        value=0.0000
    right(agent3)                                       value=0.0000
    wait(agent3)                                        value=0.0000
    up(agent3)                                          value=0.0000
    down(agent3)                                        value=0.0000
        chosen: left(agent3)  (best_value=0.0000)
[DEBUG d>=2] k=1 (idx=5 in order) at (4, 10) — 4 candidates, lookahead=1
  * left(agent1)                                        value=0.0000
    right(agent1)                                       value=0.0000
    wait(agent1)                                        value=0.0000
    down(agent1)                                        value=0.0000
        chosen: left(agent1)  (best_value=0.0000)
[DEBUG d>=2] k=8 (idx=6 in order) at (4, 7) — 3 candidates, lookahead=1
  * left(agent8)                                        value=0.0000
    wait(agent8)                                        value=0.0000
    up(agent8)                                          value=0.0000
        chosen: left(agent8)  (best_value=0.0000)
[DEBUG d>=2] k=5 (idx=7 in order) at (1, 11) — 3 candidates, lookahead=1
  * right(agent5)                                       value=0.0000
    wait(agent5)                                        value=0.0000
    down(agent5)                                        value=0.0000
        chosen: right(agent5)  (best_value=0.0000)
[DEBUG d>=2] k=6 (idx=8 in order) at (5, 7) — 4 candidates, lookahead=1
    right(agent6)                                       value=-6.0000
    wait(agent6)                                        value=-6.0000
  * up(agent6)                                          value=-5.0000
    down(agent6)                                        value=-6.0000
        chosen: up(agent6)  (best_value=-5.0000)
[DEBUG d>=2] k=7 (idx=1 in order) at (3, 10) — 4 candidates, lookahead=1
  * left(agent7)                                        value=0.0000
    wait(agent7)                                        value=0.0000
    up(agent7)                                          value=0.0000
    down(agent7)                                        value=0.0000
        chosen: left(agent7)  (best_value=0.0000)
[DEBUG d>=2] k=4 (idx=2 in order) at (2, 8) — 3 candidates, lookahead=1
  * right(agent4)                                       value=0.0000
    wait(agent4)                                        value=0.0000
    up(agent4)                                          value=0.0000
        chosen: right(agent4)  (best_value=0.0000)
[DEBUG d>=2] k=2 (idx=3 in order) at (2, 9) — 3 candidates, lookahead=1
  * right(agent2)                                       value=0.0000
    wait(agent2)                                        value=0.0000
    down(agent2)                                        value=0.0000
        chosen: right(agent2)  (best_value=0.0000)
[DEBUG d>=2] k=3 (idx=4 in order) at (2, 6) — 4 candidates, lookahead=1
  * right(agent3)                                       value=0.0000
    wait(agent3)                                        value=0.0000
    up(agent3)                                          value=0.0000
    down(agent3)                                        value=0.0000
        chosen: right(agent3)  (best_value=0.0000)
[DEBUG d>=2] k=1 (idx=5 in order) at (4, 10) — 5 candidates, lookahead=1
  * left(agent1)                                        value=0.0000
    right(agent1)                                       value=0.0000
    wait(agent1)                                        value=0.0000
    up(agent1)                                          value=0.0000
    down(agent1)                                        value=0.0000
        chosen: left(agent1)  (best_value=0.0000)
[DEBUG d>=2] k=8 (idx=6 in order) at (3, 7) — 4 candidates, lookahead=1
  * right(agent8)                                       value=0.0000
    wait(agent8)                                        value=0.0000
    up(agent8)                                          value=0.0000
    down(agent8)                                        value=0.0000
        chosen: right(agent8)  (best_value=0.0000)
[DEBUG d>=2] k=5 (idx=7 in order) at (2, 11) — 5 candidates, lookahead=1
  * left(agent5)                                        value=0.0000
    right(agent5)                                       value=0.0000
    wait(agent5)                                        value=0.0000
    up(agent5)                                          value=0.0000
    down(agent5)                                        value=0.0000
        chosen: left(agent5)  (best_value=0.0000)
[DEBUG d>=2] k=6 (idx=8 in order) at (5, 6) — 5 candidates, lookahead=1
  * left(agent6)                                        value=-4.0000
    right(agent6)                                       value=-5.0000
    wait(agent6)                                        value=-5.0000
    up(agent6)                                          value=-4.0000
    down(agent6)                                        value=-6.0000
        chosen: left(agent6)  (best_value=-4.0000)
[DEBUG d>=2] k=7 (idx=1 in order) at (2, 10) — 3 candidates, lookahead=1
  * wait(agent7)                                        value=0.0000
    up(agent7)                                          value=0.0000
    down(agent7)                                        value=0.0000
        chosen: wait(agent7)  (best_value=0.0000)
[DEBUG d>=2] k=4 (idx=2 in order) at (3, 8) — 4 candidates, lookahead=1
  * left(agent4)                                        value=0.0000
    right(agent4)                                       value=0.0000
    wait(agent4)                                        value=0.0000
    up(agent4)                                          value=0.0000
        chosen: left(agent4)  (best_value=0.0000)
[DEBUG d>=2] k=2 (idx=3 in order) at (3, 9) — 4 candidates, lookahead=1
  * left(agent2)                                        value=0.0000
    right(agent2)                                       value=0.0000
    wait(agent2)                                        value=0.0000
    up(agent2)                                          value=0.0000
        chosen: left(agent2)  (best_value=0.0000)
[DEBUG d>=2] k=3 (idx=4 in order) at (3, 6) — 3 candidates, lookahead=1
  * left(agent3)                                        value=0.0000
    wait(agent3)                                        value=0.0000
    up(agent3)                                          value=0.0000
        chosen: left(agent3)  (best_value=0.0000)
[DEBUG d>=2] k=1 (idx=5 in order) at (3, 10) — 5 candidates, lookahead=1
  * left(agent1)                                        value=0.0000
    right(agent1)                                       value=0.0000
    wait(agent1)                                        value=0.0000
    up(agent1)                                          value=0.0000
    down(agent1)                                        value=0.0000
        chosen: left(agent1)  (best_value=0.0000)
[DEBUG d>=2] k=8 (idx=6 in order) at (4, 7) — 4 candidates, lookahead=1
  * left(agent8)                                        value=0.0000
    right(agent8)                                       value=0.0000
    wait(agent8)                                        value=0.0000
    down(agent8)                                        value=0.0000
        chosen: left(agent8)  (best_value=0.0000)
[DEBUG d>=2] k=5 (idx=7 in order) at (1, 11) — 3 candidates, lookahead=1
  * right(agent5)                                       value=0.0000
    wait(agent5)                                        value=0.0000
    down(agent5)                                        value=0.0000
        chosen: right(agent5)  (best_value=0.0000)
[DEBUG d>=2] k=6 (idx=8 in order) at (4, 6) — 5 candidates, lookahead=1
  * left(agent6)                                        value=-2.0000
    right(agent6)                                       value=-4.0000
    wait(agent6)                                        value=-3.0000
    up(agent6)                                          value=-4.0000
    down(agent6)                                        value=-3.0000
        chosen: left(agent6)  (best_value=-2.0000)
[DEBUG d>=2] k=4 (idx=2 in order) at (2, 8) — 3 candidates, lookahead=1
  * right(agent4)                                       value=0.0000
    wait(agent4)                                        value=0.0000
    up(agent4)                                          value=0.0000
        chosen: right(agent4)  (best_value=0.0000)
[DEBUG d>=2] k=2 (idx=3 in order) at (2, 9) — 2 candidates, lookahead=1
  * right(agent2)                                       value=0.0000
    wait(agent2)                                        value=0.0000
        chosen: right(agent2)  (best_value=0.0000)
[DEBUG d>=2] k=3 (idx=4 in order) at (2, 6) — 3 candidates, lookahead=1
  * wait(agent3)                                        value=0.0000
    up(agent3)                                          value=0.0000
    down(agent3)                                        value=0.0000
        chosen: wait(agent3)  (best_value=0.0000)
[DEBUG d>=2] k=1 (idx=5 in order) at (3, 10) — 3 candidates, lookahead=1
  * right(agent1)                                       value=0.0000
    wait(agent1)                                        value=0.0000
    down(agent1)                                        value=0.0000
        chosen: right(agent1)  (best_value=0.0000)
[DEBUG d>=2] k=8 (idx=6 in order) at (3, 7) — 4 candidates, lookahead=1
  * left(agent8)                                        value=0.0000
    right(agent8)                                       value=0.0000
    wait(agent8)                                        value=0.0000
    down(agent8)                                        value=0.0000
        chosen: left(agent8)  (best_value=0.0000)
[DEBUG d>=2] k=5 (idx=7 in order) at (2, 11) — 4 candidates, lookahead=1
  * left(agent5)                                        value=0.0000
    right(agent5)                                       value=0.0000
    wait(agent5)                                        value=0.0000
    down(agent5)                                        value=0.0000
        chosen: left(agent5)  (best_value=0.0000)
[DEBUG d>=2] k=6 (idx=8 in order) at (3, 6) — 5 candidates, lookahead=1
    left(agent6)                                        value=-3.0000
    right(agent6)                                       value=-4.0000
  * wait(agent6)                                        value=-2.0000
    up(agent6)                                          value=-2.0000
    down(agent6)                                        value=-4.0000
        chosen: wait(agent6)  (best_value=-2.0000)
[DEBUG d>=2] k=7 (idx=1 in order) at (2, 10) — 4 candidates, lookahead=1
  * right(agent7)                                       value=0.0000
    wait(agent7)                                        value=0.0000
    up(agent7)                                          value=0.0000
    down(agent7)                                        value=0.0000
        chosen: right(agent7)  (best_value=0.0000)
[DEBUG d>=2] k=4 (idx=2 in order) at (3, 8) — 4 candidates, lookahead=1
  * left(agent4)                                        value=0.0000
    right(agent4)                                       value=0.0000
    wait(agent4)                                        value=0.0000
    up(agent4)                                          value=0.0000
        chosen: left(agent4)  (best_value=0.0000)
[DEBUG d>=2] k=2 (idx=3 in order) at (3, 9) — 5 candidates, lookahead=1
  * left(agent2)                                        value=0.0000
    right(agent2)                                       value=0.0000
    wait(agent2)                                        value=0.0000
    up(agent2)                                          value=0.0000
    down(agent2)                                        value=0.0000
        chosen: left(agent2)  (best_value=0.0000)
[DEBUG d>=2] k=3 (idx=4 in order) at (2, 6) — 2 candidates, lookahead=1
  * wait(agent3)                                        value=0.0000
    up(agent3)                                          value=0.0000
        chosen: wait(agent3)  (best_value=0.0000)
[DEBUG d>=2] k=1 (idx=5 in order) at (4, 10) — 5 candidates, lookahead=1
  * left(agent1)                                        value=0.0000
    right(agent1)                                       value=0.0000
    wait(agent1)                                        value=0.0000
    up(agent1)                                          value=0.0000
    down(agent1)                                        value=0.0000
        chosen: left(agent1)  (best_value=0.0000)
[DEBUG d>=2] k=8 (idx=6 in order) at (2, 7) — 3 candidates, lookahead=1
  * wait(agent8)                                        value=0.0000
    up(agent8)                                          value=0.0000
    down(agent8)                                        value=0.0000
        chosen: wait(agent8)  (best_value=0.0000)
[DEBUG d>=2] k=5 (idx=7 in order) at (1, 11) — 2 candidates, lookahead=1
  * wait(agent5)                                        value=0.0000
    down(agent5)                                        value=0.0000
        chosen: wait(agent5)  (best_value=0.0000)
[DEBUG d>=2] k=6 (idx=8 in order) at (3, 6) — 5 candidates, lookahead=1
  * left(agent6)                                        value=-1.0000
    right(agent6)                                       value=-3.0000
    wait(agent6)                                        value=-3.0000
    up(agent6)                                          value=-2.0000
    down(agent6)                                        value=-2.0000
        chosen: left(agent6)  (best_value=-1.0000)
[DEBUG d>=2] k=7 (idx=1 in order) at (3, 10) — 4 candidates, lookahead=1
  * left(agent7)                                        value=0.0000
    wait(agent7)                                        value=0.0000
    up(agent7)                                          value=0.0000
    down(agent7)                                        value=0.0000
        chosen: left(agent7)  (best_value=0.0000)
[DEBUG d>=2] k=4 (idx=2 in order) at (2, 8) — 2 candidates, lookahead=1
  * right(agent4)                                       value=0.0000
    wait(agent4)                                        value=0.0000
        chosen: right(agent4)  (best_value=0.0000)
[DEBUG d>=2] k=2 (idx=3 in order) at (2, 9) — 2 candidates, lookahead=1
  * right(agent2)                                       value=0.0000
    wait(agent2)                                        value=0.0000
        chosen: right(agent2)  (best_value=0.0000)
[DEBUG d>=2] k=3 (idx=4 in order) at (2, 6) — 2 candidates, lookahead=1
  * wait(agent3)                                        value=0.0000
    up(agent3)                                          value=0.0000
        chosen: wait(agent3)  (best_value=0.0000)
[DEBUG d>=2] k=1 (idx=5 in order) at (4, 10) — 4 candidates, lookahead=1
  * right(agent1)                                       value=0.0000
    wait(agent1)                                        value=0.0000
    up(agent1)                                          value=0.0000
    down(agent1)                                        value=0.0000
        chosen: right(agent1)  (best_value=0.0000)
[DEBUG d>=2] k=8 (idx=6 in order) at (2, 7) — 3 candidates, lookahead=1
  * right(agent8)                                       value=0.0000
    wait(agent8)                                        value=0.0000
    up(agent8)                                          value=0.0000
        chosen: right(agent8)  (best_value=0.0000)
[DEBUG d>=2] k=5 (idx=7 in order) at (1, 11) — 3 candidates, lookahead=1
  * right(agent5)                                       value=0.0000
    wait(agent5)                                        value=0.0000
    down(agent5)                                        value=0.0000
        chosen: right(agent5)  (best_value=0.0000)
[DEBUG d>=2] k=6 (idx=8 in order) at (3, 6) — 4 candidates, lookahead=1
  * left(agent6)                                        value=-3.0000
    right(agent6)                                       value=-3.0000
    wait(agent6)                                        value=-3.0000
    up(agent6)                                          value=-3.0000
        chosen: left(agent6)  (best_value=-3.0000)
[DEBUG d>=2] k=7 (idx=1 in order) at (2, 10) — 3 candidates, lookahead=1
  * right(agent7)                                       value=0.0000
    wait(agent7)                                        value=0.0000
    up(agent7)                                          value=0.0000
        chosen: right(agent7)  (best_value=0.0000)
[DEBUG d>=2] k=4 (idx=2 in order) at (3, 8) — 3 candidates, lookahead=1
  * left(agent4)                                        value=0.0000
    right(agent4)                                       value=0.0000
    wait(agent4)                                        value=0.0000
        chosen: left(agent4)  (best_value=0.0000)
[DEBUG d>=2] k=2 (idx=3 in order) at (3, 9) — 4 candidates, lookahead=1
  * left(agent2)                                        value=0.0000
    right(agent2)                                       value=0.0000
    wait(agent2)                                        value=0.0000
    down(agent2)                                        value=0.0000
        chosen: left(agent2)  (best_value=0.0000)
[DEBUG d>=2] k=3 (idx=4 in order) at (2, 6) — 3 candidates, lookahead=1
  * wait(agent3)                                        value=0.0000
    up(agent3)                                          value=0.0000
    down(agent3)                                        value=0.0000
        chosen: wait(agent3)  (best_value=0.0000)
[DEBUG d>=2] k=1 (idx=5 in order) at (5, 10) — 5 candidates, lookahead=1
  * left(agent1)                                        value=0.0000
    right(agent1)                                       value=0.0000
    wait(agent1)                                        value=0.0000
    up(agent1)                                          value=0.0000
    down(agent1)                                        value=0.0000
        chosen: left(agent1)  (best_value=0.0000)
[DEBUG d>=2] k=8 (idx=6 in order) at (3, 7) — 3 candidates, lookahead=1
  * left(agent8)                                        value=0.0000
    right(agent8)                                       value=0.0000
    wait(agent8)                                        value=0.0000
        chosen: left(agent8)  (best_value=0.0000)
[DEBUG d>=2] k=5 (idx=7 in order) at (2, 11) — 5 candidates, lookahead=1
  * left(agent5)                                        value=0.0000
    right(agent5)                                       value=0.0000
    wait(agent5)                                        value=0.0000
    up(agent5)                                          value=0.0000
    down(agent5)                                        value=0.0000
        chosen: left(agent5)  (best_value=0.0000)
[DEBUG d>=2] k=6 (idx=8 in order) at (3, 6) — 4 candidates, lookahead=1
    left(agent6)                                        value=-3.0000
    right(agent6)                                       value=-3.0000
  * wait(agent6)                                        value=-2.0000
    up(agent6)                                          value=-2.0000
        chosen: wait(agent6)  (best_value=-2.0000)
[DEBUG d>=2] k=7 (idx=1 in order) at (3, 10) — 4 candidates, lookahead=1
  * left(agent7)                                        value=0.0000
    wait(agent7)                                        value=0.0000
    up(agent7)                                          value=0.0000
    down(agent7)                                        value=0.0000
        chosen: left(agent7)  (best_value=0.0000)
[DEBUG d>=2] k=4 (idx=2 in order) at (2, 8) — 2 candidates, lookahead=1
  * right(agent4)                                       value=0.0000
    wait(agent4)                                        value=0.0000
        chosen: right(agent4)  (best_value=0.0000)
[DEBUG d>=2] k=2 (idx=3 in order) at (2, 9) — 3 candidates, lookahead=1
  * right(agent2)                                       value=0.0000
    wait(agent2)                                        value=0.0000
    down(agent2)                                        value=0.0000
        chosen: right(agent2)  (best_value=0.0000)
[DEBUG d>=2] k=3 (idx=4 in order) at (2, 6) — 2 candidates, lookahead=1
  * wait(agent3)                                        value=0.0000
    up(agent3)                                          value=0.0000
        chosen: wait(agent3)  (best_value=0.0000)
[DEBUG d>=2] k=1 (idx=5 in order) at (4, 10) — 4 candidates, lookahead=1
  * right(agent1)                                       value=0.0000
    wait(agent1)                                        value=0.0000
    up(agent1)                                          value=0.0000
    down(agent1)                                        value=0.0000
        chosen: right(agent1)  (best_value=0.0000)
[DEBUG d>=2] k=8 (idx=6 in order) at (2, 7) — 3 candidates, lookahead=1
  * right(agent8)                                       value=0.0000
    wait(agent8)                                        value=0.0000
    down(agent8)                                        value=0.0000
        chosen: right(agent8)  (best_value=0.0000)
[DEBUG d>=2] k=5 (idx=7 in order) at (1, 11) — 3 candidates, lookahead=1
  * right(agent5)                                       value=0.0000
    wait(agent5)                                        value=0.0000
    down(agent5)                                        value=0.0000
        chosen: right(agent5)  (best_value=0.0000)
[DEBUG d>=2] k=6 (idx=8 in order) at (3, 6) — 4 candidates, lookahead=1
  * left(agent6)                                        value=-3.0000
    right(agent6)                                       value=-4.0000
    wait(agent6)                                        value=-3.0000
    up(agent6)                                          value=-4.0000
        chosen: left(agent6)  (best_value=-3.0000)
[DEBUG d>=2] k=7 (idx=1 in order) at (2, 10) — 3 candidates, lookahead=1
  * right(agent7)                                       value=0.0000
    wait(agent7)                                        value=0.0000
    up(agent7)                                          value=0.0000
        chosen: right(agent7)  (best_value=0.0000)
[DEBUG d>=2] k=4 (idx=2 in order) at (3, 8) — 3 candidates, lookahead=1
  * left(agent4)                                        value=0.0000
    right(agent4)                                       value=0.0000
    wait(agent4)                                        value=0.0000
        chosen: left(agent4)  (best_value=0.0000)
[DEBUG d>=2] k=2 (idx=3 in order) at (3, 9) — 4 candidates, lookahead=1
  * left(agent2)                                        value=0.0000
    right(agent2)                                       value=0.0000
    wait(agent2)                                        value=0.0000
    up(agent2)                                          value=0.0000
        chosen: left(agent2)  (best_value=0.0000)
[DEBUG d>=2] k=3 (idx=4 in order) at (2, 6) — 3 candidates, lookahead=1
  * wait(agent3)                                        value=0.0000
    up(agent3)                                          value=0.0000
    down(agent3)                                        value=0.0000
        chosen: wait(agent3)  (best_value=0.0000)
[DEBUG d>=2] k=1 (idx=5 in order) at (5, 10) — 5 candidates, lookahead=1
  * left(agent1)                                        value=0.0000
    right(agent1)                                       value=0.0000
    wait(agent1)                                        value=0.0000
    up(agent1)                                          value=0.0000
    down(agent1)                                        value=0.0000
        chosen: left(agent1)  (best_value=0.0000)
[DEBUG d>=2] k=8 (idx=6 in order) at (3, 7) — 4 candidates, lookahead=1
  * left(agent8)                                        value=0.0000
    right(agent8)                                       value=0.0000
    wait(agent8)                                        value=0.0000
    down(agent8)                                        value=0.0000
        chosen: left(agent8)  (best_value=0.0000)
[DEBUG d>=2] k=5 (idx=7 in order) at (2, 11) — 4 candidates, lookahead=1
  * left(agent5)                                        value=0.0000
    right(agent5)                                       value=0.0000
    wait(agent5)                                        value=0.0000
    down(agent5)                                        value=0.0000
        chosen: left(agent5)  (best_value=0.0000)
[DEBUG d>=2] k=6 (idx=8 in order) at (3, 6) — 5 candidates, lookahead=1
  * left(agent6)                                        value=-1.0000
    right(agent6)                                       value=-3.0000
    wait(agent6)                                        value=-3.0000
    up(agent6)                                          value=-2.0000
    down(agent6)                                        value=-2.0000
        chosen: left(agent6)  (best_value=-1.0000)
[DEBUG d>=2] k=7 (idx=1 in order) at (3, 10) — 4 candidates, lookahead=1
  * left(agent7)                                        value=0.0000
    wait(agent7)                                        value=0.0000
    up(agent7)                                          value=0.0000
    down(agent7)                                        value=0.0000
        chosen: left(agent7)  (best_value=0.0000)
[DEBUG d>=2] k=4 (idx=2 in order) at (2, 8) — 2 candidates, lookahead=1
  * right(agent4)                                       value=0.0000
    wait(agent4)                                        value=0.0000
        chosen: right(agent4)  (best_value=0.0000)
[DEBUG d>=2] k=2 (idx=3 in order) at (2, 9) — 3 candidates, lookahead=1
  * right(agent2)                                       value=0.0000
    wait(agent2)                                        value=0.0000
    down(agent2)                                        value=0.0000
        chosen: right(agent2)  (best_value=0.0000)
[DEBUG d>=2] k=3 (idx=4 in order) at (2, 6) — 2 candidates, lookahead=1
  * wait(agent3)                                        value=0.0000
    up(agent3)                                          value=0.0000
        chosen: wait(agent3)  (best_value=0.0000)
[DEBUG d>=2] k=1 (idx=5 in order) at (4, 10) — 5 candidates, lookahead=1
  * left(agent1)                                        value=0.0000
    right(agent1)                                       value=0.0000
    wait(agent1)                                        value=0.0000
    up(agent1)                                          value=0.0000
    down(agent1)                                        value=0.0000
        chosen: left(agent1)  (best_value=0.0000)
[DEBUG d>=2] k=8 (idx=6 in order) at (2, 7) — 4 candidates, lookahead=1
  * right(agent8)                                       value=0.0000
    wait(agent8)                                        value=0.0000
    up(agent8)                                          value=0.0000
    down(agent8)                                        value=0.0000
        chosen: right(agent8)  (best_value=0.0000)
[DEBUG d>=2] k=5 (idx=7 in order) at (1, 11) — 3 candidates, lookahead=1
  * right(agent5)                                       value=0.0000
    wait(agent5)                                        value=0.0000
    down(agent5)                                        value=0.0000
        chosen: right(agent5)  (best_value=0.0000)
[DEBUG d>=2] k=6 (idx=8 in order) at (3, 6) — 4 candidates, lookahead=1
    right(agent6)                                       value=-4.0000
  * wait(agent6)                                        value=-3.0000
    up(agent6)                                          value=-3.0000
    down(agent6)                                        value=-4.0000
        chosen: wait(agent6)  (best_value=-3.0000)
[DEBUG d>=2] k=7 (idx=1 in order) at (2, 10) — 2 candidates, lookahead=1
  * wait(agent7)                                        value=0.0000
    up(agent7)                                          value=0.0000
        chosen: wait(agent7)  (best_value=0.0000)
[DEBUG d>=2] k=4 (idx=2 in order) at (3, 8) — 3 candidates, lookahead=1
  * left(agent4)                                        value=0.0000
    right(agent4)                                       value=0.0000
    wait(agent4)                                        value=0.0000
        chosen: left(agent4)  (best_value=0.0000)
[DEBUG d>=2] k=2 (idx=3 in order) at (3, 9) — 4 candidates, lookahead=1
  * left(agent2)                                        value=0.0000
    right(agent2)                                       value=0.0000
    wait(agent2)                                        value=0.0000
    up(agent2)                                          value=0.0000
        chosen: left(agent2)  (best_value=0.0000)
[DEBUG d>=2] k=3 (idx=4 in order) at (2, 6) — 3 candidates, lookahead=1
  * wait(agent3)                                        value=0.0000
    up(agent3)                                          value=0.0000
    down(agent3)                                        value=0.0000
        chosen: wait(agent3)  (best_value=0.0000)
[DEBUG d>=2] k=1 (idx=5 in order) at (3, 10) — 5 candidates, lookahead=1
  * left(agent1)                                        value=0.0000
    right(agent1)                                       value=0.0000
    wait(agent1)                                        value=0.0000
    up(agent1)                                          value=0.0000
    down(agent1)                                        value=0.0000
        chosen: left(agent1)  (best_value=0.0000)
[DEBUG d>=2] k=8 (idx=6 in order) at (3, 7) — 3 candidates, lookahead=1
  * right(agent8)                                       value=0.0000
    wait(agent8)                                        value=0.0000
    down(agent8)                                        value=0.0000
        chosen: right(agent8)  (best_value=0.0000)
[DEBUG d>=2] k=5 (idx=7 in order) at (2, 11) — 5 candidates, lookahead=1
  * left(agent5)                                        value=0.0000
    right(agent5)                                       value=0.0000
    wait(agent5)                                        value=0.0000
    up(agent5)                                          value=0.0000
    down(agent5)                                        value=0.0000
        chosen: left(agent5)  (best_value=0.0000)
[DEBUG d>=2] k=6 (idx=8 in order) at (3, 6) — 5 candidates, lookahead=1
  * left(agent6)                                        value=-1.0000
    right(agent6)                                       value=-4.0000
    wait(agent6)                                        value=-3.0000
    up(agent6)                                          value=-2.0000
    down(agent6)                                        value=-2.0000
        chosen: left(agent6)  (best_value=-1.0000)
[DEBUG d>=2] k=7 (idx=1 in order) at (2, 10) — 2 candidates, lookahead=1
  * wait(agent7)                                        value=0.0000
    down(agent7)                                        value=0.0000
        chosen: wait(agent7)  (best_value=0.0000)
[DEBUG d>=2] k=4 (idx=2 in order) at (2, 8) — 3 candidates, lookahead=1
  * right(agent4)                                       value=0.0000
    wait(agent4)                                        value=0.0000
    up(agent4)                                          value=0.0000
        chosen: right(agent4)  (best_value=0.0000)
[DEBUG d>=2] k=2 (idx=3 in order) at (2, 9) — 3 candidates, lookahead=1
  * right(agent2)                                       value=0.0000
    wait(agent2)                                        value=0.0000
    down(agent2)                                        value=0.0000
        chosen: right(agent2)  (best_value=0.0000)
[DEBUG d>=2] k=3 (idx=4 in order) at (2, 6) — 3 candidates, lookahead=1
  * wait(agent3)                                        value=0.0000
    up(agent3)                                          value=0.0000
    down(agent3)                                        value=0.0000
        chosen: wait(agent3)  (best_value=0.0000)
[DEBUG d>=2] k=1 (idx=5 in order) at (3, 10) — 4 candidates, lookahead=1
  * left(agent1)                                        value=0.0000
    right(agent1)                                       value=0.0000
    wait(agent1)                                        value=0.0000
    down(agent1)                                        value=0.0000
        chosen: left(agent1)  (best_value=0.0000)
[DEBUG d>=2] k=8 (idx=6 in order) at (4, 7) — 5 candidates, lookahead=1
  * left(agent8)                                        value=0.0000
    right(agent8)                                       value=0.0000
    wait(agent8)                                        value=0.0000
    up(agent8)                                          value=0.0000
    down(agent8)                                        value=0.0000
        chosen: left(agent8)  (best_value=0.0000)
[DEBUG d>=2] k=5 (idx=7 in order) at (1, 11) — 3 candidates, lookahead=1
  * right(agent5)                                       value=0.0000
    wait(agent5)                                        value=0.0000
    down(agent5)                                        value=0.0000
        chosen: right(agent5)  (best_value=0.0000)
[DEBUG d>=2] k=6 (idx=8 in order) at (3, 6) — 3 candidates, lookahead=1
    right(agent6)                                       value=-4.0000
  * wait(agent6)                                        value=-2.0000
    up(agent6)                                          value=-3.0000
        chosen: wait(agent6)  (best_value=-2.0000)
[DEBUG d>=2] k=7 (idx=1 in order) at (2, 10) — 2 candidates, lookahead=1
  * wait(agent7)                                        value=0.0000
    up(agent7)                                          value=0.0000
        chosen: wait(agent7)  (best_value=0.0000)
[DEBUG d>=2] k=4 (idx=2 in order) at (3, 8) — 3 candidates, lookahead=1
  * left(agent4)                                        value=0.0000
    right(agent4)                                       value=0.0000
    wait(agent4)                                        value=0.0000
        chosen: left(agent4)  (best_value=0.0000)
[DEBUG d>=2] k=2 (idx=3 in order) at (3, 9) — 3 candidates, lookahead=1
  * right(agent2)                                       value=0.0000
    wait(agent2)                                        value=0.0000
    up(agent2)                                          value=0.0000
        chosen: right(agent2)  (best_value=0.0000)
[DEBUG d>=2] k=3 (idx=4 in order) at (2, 6) — 3 candidates, lookahead=1
  * wait(agent3)                                        value=0.0000
    up(agent3)                                          value=0.0000
    down(agent3)                                        value=0.0000
        chosen: wait(agent3)  (best_value=0.0000)
[DEBUG d>=2] k=1 (idx=5 in order) at (3, 10) — 4 candidates, lookahead=1
  * right(agent1)                                       value=0.0000
    wait(agent1)                                        value=0.0000
    up(agent1)                                          value=0.0000
    down(agent1)                                        value=0.0000
        chosen: right(agent1)  (best_value=0.0000)
[DEBUG d>=2] k=8 (idx=6 in order) at (3, 7) — 2 candidates, lookahead=1
  * right(agent8)                                       value=0.0000
    wait(agent8)                                        value=0.0000
        chosen: right(agent8)  (best_value=0.0000)
[DEBUG d>=2] k=5 (idx=7 in order) at (2, 11) — 5 candidates, lookahead=1
  * left(agent5)                                        value=0.0000
    right(agent5)                                       value=0.0000
    wait(agent5)                                        value=0.0000
    up(agent5)                                          value=0.0000
    down(agent5)                                        value=0.0000
        chosen: left(agent5)  (best_value=0.0000)
[DEBUG d>=2] k=6 (idx=8 in order) at (3, 6) — 5 candidates, lookahead=1
  * left(agent6)                                        value=-1.0000
    right(agent6)                                       value=-4.0000
    wait(agent6)                                        value=-2.0000
    up(agent6)                                          value=-3.0000
    down(agent6)                                        value=-3.0000
        chosen: left(agent6)  (best_value=-1.0000)
[DEBUG d>=2] k=7 (idx=1 in order) at (2, 10) — 4 candidates, lookahead=1
  * right(agent7)                                       value=0.0000
    wait(agent7)                                        value=0.0000
    up(agent7)                                          value=0.0000
    down(agent7)                                        value=0.0000
        chosen: right(agent7)  (best_value=0.0000)
[DEBUG d>=2] k=4 (idx=2 in order) at (2, 8) — 4 candidates, lookahead=1
  * right(agent4)                                       value=0.0000
    wait(agent4)                                        value=0.0000
    up(agent4)                                          value=0.0000
    down(agent4)                                        value=0.0000
        chosen: right(agent4)  (best_value=0.0000)
[DEBUG d>=2] k=2 (idx=3 in order) at (4, 9) — 4 candidates, lookahead=1
  * left(agent2)                                        value=0.0000
    right(agent2)                                       value=0.0000
    wait(agent2)                                        value=0.0000
    up(agent2)                                          value=0.0000
        chosen: left(agent2)  (best_value=0.0000)
[DEBUG d>=2] k=3 (idx=4 in order) at (2, 6) — 3 candidates, lookahead=1
  * wait(agent3)                                        value=0.0000
    up(agent3)                                          value=0.0000
    down(agent3)                                        value=0.0000
        chosen: wait(agent3)  (best_value=0.0000)
[DEBUG d>=2] k=1 (idx=5 in order) at (4, 10) — 4 candidates, lookahead=1
  * left(agent1)                                        value=0.0000
    right(agent1)                                       value=0.0000
    wait(agent1)                                        value=0.0000
    down(agent1)                                        value=0.0000
        chosen: left(agent1)  (best_value=0.0000)
[DEBUG d>=2] k=8 (idx=6 in order) at (4, 7) — 4 candidates, lookahead=1
  * left(agent8)                                        value=0.0000
    right(agent8)                                       value=0.0000
    wait(agent8)                                        value=0.0000
    up(agent8)                                          value=0.0000
        chosen: left(agent8)  (best_value=0.0000)
[DEBUG d>=2] k=5 (idx=7 in order) at (1, 11) — 3 candidates, lookahead=1
  * right(agent5)                                       value=0.0000
    wait(agent5)                                        value=0.0000
    down(agent5)                                        value=0.0000
        chosen: right(agent5)  (best_value=0.0000)
[DEBUG d>=2] k=6 (idx=8 in order) at (3, 6) — 3 candidates, lookahead=1
  * wait(agent6)                                        value=-2.0000
    up(agent6)                                          value=-2.0000
    down(agent6)                                        value=-2.0000
        chosen: wait(agent6)  (best_value=-2.0000)
[DEBUG d>=2] k=7 (idx=1 in order) at (3, 10) — 3 candidates, lookahead=1
  * left(agent7)                                        value=0.0000
    wait(agent7)                                        value=0.0000
    down(agent7)                                        value=0.0000
        chosen: left(agent7)  (best_value=0.0000)
[DEBUG d>=2] k=4 (idx=2 in order) at (3, 8) — 3 candidates, lookahead=1
  * left(agent4)                                        value=0.0000
    right(agent4)                                       value=0.0000
    wait(agent4)                                        value=0.0000
        chosen: left(agent4)  (best_value=0.0000)
[DEBUG d>=2] k=2 (idx=3 in order) at (3, 9) — 5 candidates, lookahead=1
  * left(agent2)                                        value=0.0000
    right(agent2)                                       value=0.0000
    wait(agent2)                                        value=0.0000
    up(agent2)                                          value=0.0000
    down(agent2)                                        value=0.0000
        chosen: left(agent2)  (best_value=0.0000)
[DEBUG d>=2] k=3 (idx=4 in order) at (2, 6) — 3 candidates, lookahead=1
  * wait(agent3)                                        value=0.0000
    up(agent3)                                          value=0.0000
    down(agent3)                                        value=0.0000
        chosen: wait(agent3)  (best_value=0.0000)
[DEBUG d>=2] k=1 (idx=5 in order) at (4, 10) — 4 candidates, lookahead=1
  * right(agent1)                                       value=0.0000
    wait(agent1)                                        value=0.0000
    up(agent1)                                          value=0.0000
    down(agent1)                                        value=0.0000
        chosen: right(agent1)  (best_value=0.0000)
[DEBUG d>=2] k=8 (idx=6 in order) at (3, 7) — 3 candidates, lookahead=1
  * left(agent8)                                        value=0.0000
    right(agent8)                                       value=0.0000
    wait(agent8)                                        value=0.0000
        chosen: left(agent8)  (best_value=0.0000)
[DEBUG d>=2] k=5 (idx=7 in order) at (2, 11) — 4 candidates, lookahead=1
  * left(agent5)                                        value=0.0000
    right(agent5)                                       value=0.0000
    wait(agent5)                                        value=0.0000
    down(agent5)                                        value=0.0000
        chosen: left(agent5)  (best_value=0.0000)
[DEBUG d>=2] k=6 (idx=8 in order) at (3, 6) — 4 candidates, lookahead=1
    left(agent6)                                        value=-3.0000
    right(agent6)                                       value=-4.0000
  * wait(agent6)                                        value=-2.0000
    up(agent6)                                          value=-2.0000
        chosen: wait(agent6)  (best_value=-2.0000)
[DEBUG d>=2] k=7 (idx=1 in order) at (2, 10) — 3 candidates, lookahead=1
  * right(agent7)                                       value=0.0000
    wait(agent7)                                        value=0.0000
    down(agent7)                                        value=0.0000
        chosen: right(agent7)  (best_value=0.0000)
[DEBUG d>=2] k=4 (idx=2 in order) at (2, 8) — 2 candidates, lookahead=1
  * right(agent4)                                       value=0.0000
    wait(agent4)                                        value=0.0000
        chosen: right(agent4)  (best_value=0.0000)
[DEBUG d>=2] k=2 (idx=3 in order) at (2, 9) — 3 candidates, lookahead=1
  * right(agent2)                                       value=0.0000
    wait(agent2)                                        value=0.0000
    down(agent2)                                        value=0.0000
        chosen: right(agent2)  (best_value=0.0000)
[DEBUG d>=2] k=3 (idx=4 in order) at (2, 6) — 2 candidates, lookahead=1
  * wait(agent3)                                        value=0.0000
    up(agent3)                                          value=0.0000
        chosen: wait(agent3)  (best_value=0.0000)
[DEBUG d>=2] k=1 (idx=5 in order) at (5, 10) — 5 candidates, lookahead=1
  * left(agent1)                                        value=0.0000
    right(agent1)                                       value=0.0000
    wait(agent1)                                        value=0.0000
    up(agent1)                                          value=0.0000
    down(agent1)                                        value=0.0000
        chosen: left(agent1)  (best_value=0.0000)
[DEBUG d>=2] k=8 (idx=6 in order) at (2, 7) — 3 candidates, lookahead=1
  * right(agent8)                                       value=0.0000
    wait(agent8)                                        value=0.0000
    up(agent8)                                          value=0.0000
        chosen: right(agent8)  (best_value=0.0000)
[DEBUG d>=2] k=5 (idx=7 in order) at (1, 11) — 3 candidates, lookahead=1
  * right(agent5)                                       value=0.0000
    wait(agent5)                                        value=0.0000
    down(agent5)                                        value=0.0000
        chosen: right(agent5)  (best_value=0.0000)
[DEBUG d>=2] k=6 (idx=8 in order) at (3, 6) — 3 candidates, lookahead=1
    right(agent6)                                       value=-3.0000
  * wait(agent6)                                        value=-2.0000
    up(agent6)                                          value=-2.0000
        chosen: wait(agent6)  (best_value=-2.0000)
[DEBUG d>=2] k=7 (idx=1 in order) at (3, 10) — 3 candidates, lookahead=1
  * left(agent7)                                        value=0.0000
    wait(agent7)                                        value=0.0000
    down(agent7)                                        value=0.0000
        chosen: left(agent7)  (best_value=0.0000)
[DEBUG d>=2] k=4 (idx=2 in order) at (3, 8) — 3 candidates, lookahead=1
  * left(agent4)                                        value=0.0000
    right(agent4)                                       value=0.0000
    wait(agent4)                                        value=0.0000
        chosen: left(agent4)  (best_value=0.0000)
[DEBUG d>=2] k=2 (idx=3 in order) at (3, 9) — 4 candidates, lookahead=1
  * left(agent2)                                        value=0.0000
    right(agent2)                                       value=0.0000
    wait(agent2)                                        value=0.0000
    down(agent2)                                        value=0.0000
        chosen: left(agent2)  (best_value=0.0000)
[DEBUG d>=2] k=3 (idx=4 in order) at (2, 6) — 3 candidates, lookahead=1
  * wait(agent3)                                        value=0.0000
    up(agent3)                                          value=0.0000
    down(agent3)                                        value=0.0000
        chosen: wait(agent3)  (best_value=0.0000)
[DEBUG d>=2] k=1 (idx=5 in order) at (4, 10) — 5 candidates, lookahead=1
  * left(agent1)                                        value=0.0000
    right(agent1)                                       value=0.0000
    wait(agent1)                                        value=0.0000
    up(agent1)                                          value=0.0000
    down(agent1)                                        value=0.0000
        chosen: left(agent1)  (best_value=0.0000)
[DEBUG d>=2] k=8 (idx=6 in order) at (3, 7) — 4 candidates, lookahead=1
  * left(agent8)                                        value=0.0000
    right(agent8)                                       value=0.0000
    wait(agent8)                                        value=0.0000
    down(agent8)                                        value=0.0000
        chosen: left(agent8)  (best_value=0.0000)
[DEBUG d>=2] k=5 (idx=7 in order) at (2, 11) — 5 candidates, lookahead=1
  * left(agent5)                                        value=0.0000
    right(agent5)                                       value=0.0000
    wait(agent5)                                        value=0.0000
    up(agent5)                                          value=0.0000
    down(agent5)                                        value=0.0000
        chosen: left(agent5)  (best_value=0.0000)
[DEBUG d>=2] k=6 (idx=8 in order) at (3, 6) — 4 candidates, lookahead=1
  * left(agent6)                                        value=-1.0000
    right(agent6)                                       value=-3.0000
    wait(agent6)                                        value=-3.0000
    up(agent6)                                          value=-2.0000
        chosen: left(agent6)  (best_value=-1.0000)
[DEBUG d>=2] k=7 (idx=1 in order) at (2, 10) — 2 candidates, lookahead=1
  * wait(agent7)                                        value=0.0000
    down(agent7)                                        value=0.0000
        chosen: wait(agent7)  (best_value=0.0000)
[DEBUG d>=2] k=4 (idx=2 in order) at (2, 8) — 2 candidates, lookahead=1
  * right(agent4)                                       value=0.0000
    wait(agent4)                                        value=0.0000
        chosen: right(agent4)  (best_value=0.0000)
[DEBUG d>=2] k=2 (idx=3 in order) at (2, 9) — 3 candidates, lookahead=1
  * right(agent2)                                       value=0.0000
    wait(agent2)                                        value=0.0000
    down(agent2)                                        value=0.0000
        chosen: right(agent2)  (best_value=0.0000)
[DEBUG d>=2] k=3 (idx=4 in order) at (2, 6) — 2 candidates, lookahead=1
  * wait(agent3)                                        value=0.0000
    up(agent3)                                          value=0.0000
        chosen: wait(agent3)  (best_value=0.0000)
[DEBUG d>=2] k=1 (idx=5 in order) at (3, 10) — 5 candidates, lookahead=1
  * left(agent1)                                        value=0.0000
    right(agent1)                                       value=0.0000
    wait(agent1)                                        value=0.0000
    up(agent1)                                          value=0.0000
    down(agent1)                                        value=0.0000
        chosen: left(agent1)  (best_value=0.0000)
[DEBUG d>=2] k=8 (idx=6 in order) at (2, 7) — 4 candidates, lookahead=1
  * right(agent8)                                       value=0.0000
    wait(agent8)                                        value=0.0000
    up(agent8)                                          value=0.0000
    down(agent8)                                        value=0.0000
        chosen: right(agent8)  (best_value=0.0000)
[DEBUG d>=2] k=5 (idx=7 in order) at (1, 11) — 3 candidates, lookahead=1
  * right(agent5)                                       value=0.0000
    wait(agent5)                                        value=0.0000
    down(agent5)                                        value=0.0000
        chosen: right(agent5)  (best_value=0.0000)
[DEBUG d>=2] k=6 (idx=8 in order) at (3, 6) — 3 candidates, lookahead=1
    right(agent6)                                       value=-4.0000
    wait(agent6)                                        value=-3.0000
  * up(agent6)                                          value=-2.0000
        chosen: up(agent6)  (best_value=-2.0000)
[DEBUG d>=2] k=7 (idx=1 in order) at (2, 10) — 2 candidates, lookahead=1
  * wait(agent7)                                        value=0.0000
    up(agent7)                                          value=0.0000
        chosen: wait(agent7)  (best_value=0.0000)
[DEBUG d>=2] k=4 (idx=2 in order) at (3, 8) — 3 candidates, lookahead=1
  * left(agent4)                                        value=0.0000
    right(agent4)                                       value=0.0000
    wait(agent4)                                        value=0.0000
        chosen: left(agent4)  (best_value=0.0000)
[DEBUG d>=2] k=2 (idx=3 in order) at (3, 9) — 2 candidates, lookahead=1
  * right(agent2)                                       value=0.0000
    wait(agent2)                                        value=0.0000
        chosen: right(agent2)  (best_value=0.0000)
[DEBUG d>=2] k=3 (idx=4 in order) at (2, 6) — 4 candidates, lookahead=1
  * right(agent3)                                       value=0.0000
    wait(agent3)                                        value=0.0000
    up(agent3)                                          value=0.0000
    down(agent3)                                        value=0.0000
        chosen: right(agent3)  (best_value=0.0000)
[DEBUG d>=2] k=1 (idx=5 in order) at (3, 10) — 3 candidates, lookahead=1
  * right(agent1)                                       value=0.0000
    wait(agent1)                                        value=0.0000
    down(agent1)                                        value=0.0000
        chosen: right(agent1)  (best_value=0.0000)
[DEBUG d>=2] k=8 (idx=6 in order) at (3, 7) — 5 candidates, lookahead=1
  * left(agent8)                                        value=0.0000
    right(agent8)                                       value=0.0000
    wait(agent8)                                        value=0.0000
    up(agent8)                                          value=0.0000
    down(agent8)                                        value=0.0000
        chosen: left(agent8)  (best_value=0.0000)
[DEBUG d>=2] k=5 (idx=7 in order) at (2, 11) — 5 candidates, lookahead=1
  * left(agent5)                                        value=0.0000
    right(agent5)                                       value=0.0000
    wait(agent5)                                        value=0.0000
    up(agent5)                                          value=0.0000
    down(agent5)                                        value=0.0000
        chosen: left(agent5)  (best_value=0.0000)
[DEBUG d>=2] k=6 (idx=8 in order) at (3, 5) — 3 candidates, lookahead=1
    right(agent6)                                       value=-4.0000
  * wait(agent6)                                        value=-2.0000
    up(agent6)                                          value=-3.0000
        chosen: wait(agent6)  (best_value=-2.0000)
[DEBUG d>=2] k=7 (idx=1 in order) at (2, 10) — 4 candidates, lookahead=1
  * right(agent7)                                       value=0.0000
    wait(agent7)                                        value=0.0000
    up(agent7)                                          value=0.0000
    down(agent7)                                        value=0.0000
        chosen: right(agent7)  (best_value=0.0000)
[DEBUG d>=2] k=4 (idx=2 in order) at (2, 8) — 3 candidates, lookahead=1
  * right(agent4)                                       value=0.0000
    wait(agent4)                                        value=0.0000
    down(agent4)                                        value=0.0000
        chosen: right(agent4)  (best_value=0.0000)
[DEBUG d>=2] k=2 (idx=3 in order) at (4, 9) — 4 candidates, lookahead=1
  * left(agent2)                                        value=0.0000
    right(agent2)                                       value=0.0000
    wait(agent2)                                        value=0.0000
    up(agent2)                                          value=0.0000
        chosen: left(agent2)  (best_value=0.0000)
[DEBUG d>=2] k=3 (idx=4 in order) at (3, 6) — 4 candidates, lookahead=1
  * left(agent3)                                        value=0.0000
    right(agent3)                                       value=0.0000
    wait(agent3)                                        value=0.0000
    down(agent3)                                        value=0.0000
        chosen: left(agent3)  (best_value=0.0000)
[DEBUG d>=2] k=1 (idx=5 in order) at (4, 10) — 5 candidates, lookahead=1
  * left(agent1)                                        value=0.0000
    right(agent1)                                       value=0.0000
    wait(agent1)                                        value=0.0000
    up(agent1)                                          value=0.0000
    down(agent1)                                        value=0.0000
        chosen: left(agent1)  (best_value=0.0000)
[DEBUG d>=2] k=8 (idx=6 in order) at (2, 7) — 3 candidates, lookahead=1
  * wait(agent8)                                        value=0.0000
    up(agent8)                                          value=0.0000
    down(agent8)                                        value=0.0000
        chosen: wait(agent8)  (best_value=0.0000)
[DEBUG d>=2] k=5 (idx=7 in order) at (1, 11) — 3 candidates, lookahead=1
  * right(agent5)                                       value=0.0000
    wait(agent5)                                        value=0.0000
    down(agent5)                                        value=0.0000
        chosen: right(agent5)  (best_value=0.0000)
[DEBUG d>=2] k=6 (idx=8 in order) at (3, 5) — 4 candidates, lookahead=1
  * left(agent6)                                        value=-1.0000
    right(agent6)                                       value=-3.0000
    wait(agent6)                                        value=-2.0000
    up(agent6)                                          value=-3.0000
        chosen: left(agent6)  (best_value=-1.0000)
[DEBUG d>=2] k=7 (idx=1 in order) at (3, 10) — 3 candidates, lookahead=1
  * left(agent7)                                        value=0.0000
    wait(agent7)                                        value=0.0000
    down(agent7)                                        value=0.0000
        chosen: left(agent7)  (best_value=0.0000)
[DEBUG d>=2] k=4 (idx=2 in order) at (3, 8) — 4 candidates, lookahead=1
  * left(agent4)                                        value=0.0000
    right(agent4)                                       value=0.0000
    wait(agent4)                                        value=0.0000
    up(agent4)                                          value=0.0000
        chosen: left(agent4)  (best_value=0.0000)
[DEBUG d>=2] k=2 (idx=3 in order) at (3, 9) — 3 candidates, lookahead=1
  * left(agent2)                                        value=0.0000
    right(agent2)                                       value=0.0000
    wait(agent2)                                        value=0.0000
        chosen: left(agent2)  (best_value=0.0000)
[DEBUG d>=2] k=3 (idx=4 in order) at (2, 6) — 2 candidates, lookahead=1
  * right(agent3)                                       value=0.0000
    wait(agent3)                                        value=0.0000
        chosen: right(agent3)  (best_value=0.0000)
[DEBUG d>=2] k=1 (idx=5 in order) at (4, 10) — 5 candidates, lookahead=1
  * left(agent1)                                        value=0.0000
    right(agent1)                                       value=0.0000
    wait(agent1)                                        value=0.0000
    up(agent1)                                          value=0.0000
    down(agent1)                                        value=0.0000
        chosen: left(agent1)  (best_value=0.0000)
[DEBUG d>=2] k=8 (idx=6 in order) at (2, 7) — 4 candidates, lookahead=1
  * right(agent8)                                       value=0.0000
    wait(agent8)                                        value=0.0000
    up(agent8)                                          value=0.0000
    down(agent8)                                        value=0.0000
        chosen: right(agent8)  (best_value=0.0000)
[DEBUG d>=2] k=5 (idx=7 in order) at (2, 11) — 4 candidates, lookahead=1
  * left(agent5)                                        value=0.0000
    right(agent5)                                       value=0.0000
    wait(agent5)                                        value=0.0000
    down(agent5)                                        value=0.0000
        chosen: left(agent5)  (best_value=0.0000)
[DEBUG d>=2] k=6 (idx=8 in order) at (2, 5) — 5 candidates, lookahead=1
    right(agent6)                                       value=-2.0000
    wait(agent6)                                        value=-1.0000
  * fill(agent6, tank1)                                 value=0.0000
    up(agent6)                                          value=-2.0000
    down(agent6)                                        value=-1.0000
        chosen: fill(agent6, tank1)  (best_value=0.0000)
Finished map yes_line_E → wrote yes_line_E.csv

[depth>=2 stats] fallbacks: 442 / 1821 decisions (24.27%)
