Starting simulations (main3 — LEVEL×DEPTH):
  level = 0
  depth = 2
  maps = 2
  runs per map = 1
  threads = 2
  output dir = /Users/lie-panis/Library/CloudStorage/Dropbox/1. Research projects/2. Ongoing/Cutting the line/line_modeling-worktrees/proj2-nerfed/src/../data/simulations/debug_buggy_yesline_20260428_110001_2026-04-28_110012/raw
  save trajectories = true

Starting map yes_line_9 (thread 2)
Starting map yes_line_8 (thread 1)
[1] map=yes_line_8.pddl run=1
[2] map=yes_line_9.pddl run=1
[DEBUG d>=2] k=6 (idx=1 in order) at (4, 9) — 3 candidates, lookahead=1
    left(agent6)                                        value=17.0000
  * right(agent6)                                       value=19.0000
    wait(agent6)                                        value=18.0000
        chosen: right(agent6)  (best_value=19.0000)
[DEBUG d>=2] k=7 (idx=1 in order) at (5, 10) — 2 candidates, lookahead=1
  * wait(agent7)                                        value=Inf
    up(agent7)                                          value=Inf
        chosen: wait(agent7)  (best_value=Inf)
[DEBUG d>=2] k=2 (idx=2 in order) at (7, 10) — 2 candidates, lookahead=1
    wait(agent2)                                        value=22.0000
  * down(agent2)                                        value=23.0000
        chosen: down(agent2)  (best_value=23.0000)
[DEBUG d>=2] k=4 (idx=3 in order) at (5, 10) — 3 candidates, lookahead=1
    wait(agent4)                                        value=20.0000
    up(agent4)                                          value=19.0000
  * down(agent4)                                        value=21.0000
        chosen: down(agent4)  (best_value=21.0000)
[DEBUG d>=2] k=4 (idx=2 in order) at (8, 10) — 3 candidates, lookahead=1
  * right(agent4)                                       value=Inf
    wait(agent4)                                        value=Inf
    up(agent4)                                          value=Inf
        chosen: right(agent4)  (best_value=Inf)
[DEBUG d>=2] k=2 (idx=3 in order) at (8, 12) — 2 candidates, lookahead=1
  * right(agent2)                                       value=Inf
    wait(agent2)                                        value=Inf
        chosen: right(agent2)  (best_value=Inf)
[DEBUG d>=2] k=3 (idx=4 in order) at (6, 10) — 5 candidates, lookahead=1
    left(agent3)                                        value=20.0000
  * right(agent3)                                       value=22.0000
    wait(agent3)                                        value=21.0000
    up(agent3)                                          value=20.0000
    down(agent3)                                        value=22.0000
        chosen: right(agent3)  (best_value=22.0000)
[DEBUG d>=2] k=5 (idx=5 in order) at (4, 10) — 5 candidates, lookahead=1
  * left(agent5)                                        value=20.0000
    right(agent5)                                       value=20.0000
    wait(agent5)                                        value=19.0000
    up(agent5)                                          value=18.0000
    down(agent5)                                        value=20.0000
        chosen: left(agent5)  (best_value=20.0000)
[DEBUG d>=2] k=3 (idx=4 in order) at (8, 11) — 4 candidates, lookahead=1
  * right(agent3)                                       value=Inf
    wait(agent3)                                        value=Inf
    up(agent3)                                          value=Inf
    down(agent3)                                        value=Inf
        chosen: right(agent3)  (best_value=Inf)
[DEBUG d>=2] k=8 (idx=6 in order) at (4, 7) — 4 candidates, lookahead=1
    left(agent8)                                        value=15.0000
  * right(agent8)                                       value=19.0000
    wait(agent8)                                        value=14.0000
    up(agent8)                                          value=13.0000
        chosen: right(agent8)  (best_value=19.0000)
[DEBUG d>=2] k=7 (idx=7 in order) at (4, 8) — 5 candidates, lookahead=1
    left(agent7)                                        value=16.0000
  * right(agent7)                                       value=18.0000
    wait(agent7)                                        value=17.0000
    up(agent7)                                          value=16.0000
    down(agent7)                                        value=18.0000
        chosen: right(agent7)  (best_value=18.0000)
[DEBUG d>=2] k=1 (idx=8 in order) at (8, 10) — 5 candidates, lookahead=1
  * left(agent1)                                        value=16.0000
    right(agent1)                                       value=16.0000
    wait(agent1)                                        value=15.0000
    up(agent1)                                          value=14.0000
    down(agent1)                                        value=16.0000
        chosen: left(agent1)  (best_value=16.0000)
[DEBUG d>=2] k=1 (idx=5 in order) at (8, 13) — 4 candidates, lookahead=1
  * right(agent1)                                       value=30.0000
    wait(agent1)                                        value=29.0000
    up(agent1)                                          value=30.0000
    down(agent1)                                        value=24.0000
        chosen: right(agent1)  (best_value=30.0000)
[DEBUG d>=2] k=8 (idx=6 in order) at (4, 10) — 4 candidates, lookahead=1
  * left(agent8)                                        value=Inf
    right(agent8)                                       value=Inf
    wait(agent8)                                        value=Inf
    up(agent8)                                          value=Inf
        chosen: left(agent8)  (best_value=Inf)
[DEBUG d>=2] k=5 (idx=7 in order) at (7, 10) — 3 candidates, lookahead=1
  * right(agent5)                                       value=Inf
    wait(agent5)                                        value=Inf
    up(agent5)                                          value=Inf
        chosen: right(agent5)  (best_value=Inf)
[DEBUG d>=2] k=6 (idx=8 in order) at (6, 10) — 4 candidates, lookahead=1
  * left(agent6)                                        value=Inf
    right(agent6)                                       value=Inf
    wait(agent6)                                        value=Inf
    up(agent6)                                          value=Inf
        chosen: left(agent6)  (best_value=Inf)
[DEBUG d>=2] k=6 (idx=1 in order) at (5, 9) — 4 candidates, lookahead=1
  * left(agent6)                                        value=22.0000
    right(agent6)                                       value=20.0000
    wait(agent6)                                        value=19.0000
    down(agent6)                                        value=22.0000
        chosen: left(agent6)  (best_value=22.0000)
[DEBUG d>=2] k=2 (idx=2 in order) at (7, 11) — 4 candidates, lookahead=1
    left(agent2)                                        value=24.0000
  * right(agent2)                                       value=26.0000
    wait(agent2)                                        value=25.0000
    down(agent2)                                        value=26.0000
        chosen: right(agent2)  (best_value=26.0000)
[DEBUG d>=2] k=4 (idx=3 in order) at (5, 11) — 5 candidates, lookahead=1
    left(agent4)                                        value=22.0000
  * right(agent4)                                       value=24.0000
    wait(agent4)                                        value=23.0000
    up(agent4)                                          value=22.0000
    down(agent4)                                        value=24.0000
        chosen: right(agent4)  (best_value=24.0000)
[DEBUG d>=2] k=7 (idx=1 in order) at (5, 10) — 3 candidates, lookahead=1
    left(agent7)                                        value=38.0000
  * wait(agent7)                                        value=40.0000
    up(agent7)                                          value=35.0000
        chosen: wait(agent7)  (best_value=40.0000)
[DEBUG d>=2] k=3 (idx=4 in order) at (7, 10) — 3 candidates, lookahead=1
    left(agent3)                                        value=23.0000
    wait(agent3)                                        value=24.0000
  * down(agent3)                                        value=25.0000
        chosen: down(agent3)  (best_value=25.0000)
[DEBUG d>=2] k=5 (idx=5 in order) at (3, 10) — 5 candidates, lookahead=1
  * left(agent5)                                        value=19.0000
    right(agent5)                                       value=19.0000
    wait(agent5)                                        value=18.0000
    up(agent5)                                          value=17.0000
    down(agent5)                                        value=19.0000
        chosen: left(agent5)  (best_value=19.0000)
[DEBUG d>=2] k=8 (idx=6 in order) at (5, 7) — 2 candidates, lookahead=1
    left(agent8)                                        value=14.0000
  * wait(agent8)                                        value=15.0000
        chosen: wait(agent8)  (best_value=15.0000)
[DEBUG d>=2] k=7 (idx=7 in order) at (5, 8) — 4 candidates, lookahead=1
    left(agent7)                                        value=17.0000
    wait(agent7)                                        value=18.0000
  * up(agent7)                                          value=19.0000
    down(agent7)                                        value=19.0000
        chosen: up(agent7)  (best_value=19.0000)
[DEBUG d>=2] k=1 (idx=8 in order) at (8, 10) — 5 candidates, lookahead=1
  * left(agent1)                                        value=16.0000
    right(agent1)                                       value=16.0000
    wait(agent1)                                        value=15.0000
    up(agent1)                                          value=14.0000
    down(agent1)                                        value=16.0000
        chosen: left(agent1)  (best_value=16.0000)
[DEBUG d>=2] k=4 (idx=2 in order) at (9, 10) — 3 candidates, lookahead=1
  * right(agent4)                                       value=34.0000
    wait(agent4)                                        value=33.0000
    up(agent4)                                          value=34.0000
        chosen: right(agent4)  (best_value=34.0000)
[DEBUG d>=2] k=6 (idx=1 in order) at (4, 9) — 5 candidates, lookahead=1
    left(agent6)                                        value=17.0000
  * right(agent6)                                       value=19.0000
    wait(agent6)                                        value=18.0000
    up(agent6)                                          value=17.0000
    down(agent6)                                        value=19.0000
        chosen: right(agent6)  (best_value=19.0000)
[DEBUG d>=2] k=2 (idx=2 in order) at (8, 11) — 4 candidates, lookahead=1
  * right(agent2)                                       value=27.0000
    wait(agent2)                                        value=24.0000
    up(agent2)                                          value=15.0000
    down(agent2)                                        value=25.0000
        chosen: right(agent2)  (best_value=27.0000)
[DEBUG d>=2] k=2 (idx=3 in order) at (9, 12) — 3 candidates, lookahead=1
  * left(agent2)                                        value=36.0000
    right(agent2)                                       value=32.0000
    wait(agent2)                                        value=33.0000
        chosen: left(agent2)  (best_value=36.0000)
[DEBUG d>=2] k=4 (idx=3 in order) at (6, 11) — 4 candidates, lookahead=1
    left(agent4)                                        value=21.0000
    wait(agent4)                                        value=22.0000
    up(agent4)                                          value=21.0000
  * down(agent4)                                        value=23.0000
        chosen: down(agent4)  (best_value=23.0000)
[DEBUG d>=2] k=3 (idx=4 in order) at (7, 11) — 4 candidates, lookahead=1
    left(agent3)                                        value=22.0000
  * right(agent3)                                       value=26.0000
    wait(agent3)                                        value=23.0000
    down(agent3)                                        value=24.0000
        chosen: right(agent3)  (best_value=26.0000)
[DEBUG d>=2] k=5 (idx=5 in order) at (2, 10) — 4 candidates, lookahead=1
    right(agent5)                                       value=18.0000
    wait(agent5)                                        value=19.0000
    up(agent5)                                          value=18.0000
  * down(agent5)                                        value=20.0000
        chosen: down(agent5)  (best_value=20.0000)
[DEBUG d>=2] k=8 (idx=6 in order) at (5, 7) — 2 candidates, lookahead=1
    left(agent8)                                        value=14.0000
  * wait(agent8)                                        value=15.0000
        chosen: wait(agent8)  (best_value=15.0000)
[DEBUG d>=2] k=7 (idx=7 in order) at (5, 8) — 3 candidates, lookahead=1
    wait(agent7)                                        value=20.0000
  * up(agent7)                                          value=21.0000
    down(agent7)                                        value=19.0000
        chosen: up(agent7)  (best_value=21.0000)
[DEBUG d>=2] k=1 (idx=8 in order) at (7, 10) — 2 candidates, lookahead=1
  * wait(agent1)                                        value=26.0000
    down(agent1)                                        value=25.0000
        chosen: wait(agent1)  (best_value=26.0000)
[DEBUG d>=2] k=3 (idx=4 in order) at (9, 11) — 5 candidates, lookahead=1
    left(agent3)                                        value=29.0000
  * right(agent3)                                       value=31.0000
    wait(agent3)                                        value=28.0000
    up(agent3)                                          value=31.0000
    down(agent3)                                        value=29.0000
        chosen: right(agent3)  (best_value=31.0000)
[DEBUG d>=2] k=6 (idx=1 in order) at (5, 9) — 4 candidates, lookahead=1
    left(agent6)                                        value=18.0000
  * right(agent6)                                       value=20.0000
    wait(agent6)                                        value=19.0000
    down(agent6)                                        value=20.0000
        chosen: right(agent6)  (best_value=20.0000)
[DEBUG d>=2] k=2 (idx=2 in order) at (9, 11) — 4 candidates, lookahead=1
    right(agent2)                                       value=26.0000
    wait(agent2)                                        value=25.0000
  * up(agent2)                                          value=28.0000
    down(agent2)                                        value=26.0000
        chosen: up(agent2)  (best_value=28.0000)
[DEBUG d>=2] k=1 (idx=5 in order) at (9, 13) — 5 candidates, lookahead=1
    left(agent1)                                        value=27.0000
  * right(agent1)                                       value=31.0000
    wait(agent1)                                        value=30.0000
    up(agent1)                                          value=29.0000
    down(agent1)                                        value=29.0000
        chosen: right(agent1)  (best_value=31.0000)
[DEBUG d>=2] k=4 (idx=3 in order) at (6, 12) — 5 candidates, lookahead=1
    left(agent4)                                        value=22.0000
  * right(agent4)                                       value=24.0000
    wait(agent4)                                        value=23.0000
    up(agent4)                                          value=22.0000
    down(agent4)                                        value=24.0000
        chosen: right(agent4)  (best_value=24.0000)
[DEBUG d>=2] k=3 (idx=4 in order) at (8, 11) — 5 candidates, lookahead=1
    left(agent3)                                        value=23.0000
  * right(agent3)                                       value=25.0000
    wait(agent3)                                        value=24.0000
    up(agent3)                                          value=15.0000
    down(agent3)                                        value=25.0000
        chosen: right(agent3)  (best_value=25.0000)
[DEBUG d>=2] k=8 (idx=6 in order) at (3, 10) — 4 candidates, lookahead=1
  * left(agent8)                                        value=44.0000
    right(agent8)                                       value=42.0000
    wait(agent8)                                        value=39.0000
    up(agent8)                                          value=40.0000
        chosen: left(agent8)  (best_value=44.0000)
[DEBUG d>=2] k=5 (idx=5 in order) at (2, 11) — 5 candidates, lookahead=1
  * left(agent5)                                        value=21.0000
    right(agent5)                                       value=19.0000
    wait(agent5)                                        value=20.0000
    up(agent5)                                          value=19.0000
    down(agent5)                                        value=21.0000
        chosen: left(agent5)  (best_value=21.0000)
[DEBUG d>=2] k=8 (idx=6 in order) at (5, 7) — 2 candidates, lookahead=1
    left(agent8)                                        value=14.0000
  * wait(agent8)                                        value=15.0000
        chosen: wait(agent8)  (best_value=15.0000)
[DEBUG d>=2] k=7 (idx=7 in order) at (5, 8) — 4 candidates, lookahead=1
    left(agent7)                                        value=17.0000
    wait(agent7)                                        value=18.0000
  * up(agent7)                                          value=19.0000
    down(agent7)                                        value=19.0000
        chosen: up(agent7)  (best_value=19.0000)
[DEBUG d>=2] k=1 (idx=8 in order) at (7, 10) — 3 candidates, lookahead=1
    left(agent1)                                        value=21.0000
    wait(agent1)                                        value=22.0000
  * down(agent1)                                        value=23.0000
        chosen: down(agent1)  (best_value=23.0000)
[DEBUG d>=2] k=5 (idx=7 in order) at (8, 10) — 5 candidates, lookahead=1
    left(agent5)                                        value=31.0000
    right(agent5)                                       value=31.0000
    wait(agent5)                                        value=36.0000
  * up(agent5)                                          value=37.0000
    down(agent5)                                        value=31.0000
        chosen: up(agent5)  (best_value=37.0000)
[DEBUG d>=2] k=6 (idx=8 in order) at (6, 10) — 4 candidates, lookahead=1
  * left(agent6)                                        value=39.0000
    right(agent6)                                       value=33.0000
    wait(agent6)                                        value=38.0000
    up(agent6)                                          value=39.0000
        chosen: left(agent6)  (best_value=39.0000)
[DEBUG d>=2] k=6 (idx=1 in order) at (6, 9) — 3 candidates, lookahead=1
    left(agent6)                                        value=19.0000
    wait(agent6)                                        value=20.0000
  * down(agent6)                                        value=21.0000
        chosen: down(agent6)  (best_value=21.0000)
[DEBUG d>=2] k=2 (idx=2 in order) at (9, 10) — 3 candidates, lookahead=1
    left(agent2)                                        value=15.0000
  * right(agent2)                                       value=25.0000
    wait(agent2)                                        value=16.0000
        chosen: right(agent2)  (best_value=25.0000)
[DEBUG d>=2] k=4 (idx=3 in order) at (7, 12) — 4 candidates, lookahead=1
    left(agent4)                                        value=23.0000
  * right(agent4)                                       value=25.0000
    wait(agent4)                                        value=24.0000
    down(agent4)                                        value=25.0000
        chosen: right(agent4)  (best_value=25.0000)
[DEBUG d>=2] k=7 (idx=1 in order) at (5, 10) — 3 candidates, lookahead=1
    left(agent7)                                        value=41.0000
    wait(agent7)                                        value=41.0000
  * up(agent7)                                          value=42.0000
        chosen: up(agent7)  (best_value=42.0000)
[DEBUG d>=2] k=3 (idx=4 in order) at (9, 11) — 5 candidates, lookahead=1
    left(agent3)                                        value=28.0000
    right(agent3)                                       value=26.0000
  * wait(agent3)                                        value=29.0000
    up(agent3)                                          value=26.0000
    down(agent3)                                        value=26.0000
        chosen: wait(agent3)  (best_value=29.0000)
[DEBUG d>=2] k=5 (idx=5 in order) at (1, 11) — 3 candidates, lookahead=1
    right(agent5)                                       value=20.0000
    wait(agent5)                                        value=21.0000
  * down(agent5)                                        value=22.0000
        chosen: down(agent5)  (best_value=22.0000)
[DEBUG d>=2] k=8 (idx=6 in order) at (5, 7) — 2 candidates, lookahead=1
    left(agent8)                                        value=14.0000
  * wait(agent8)                                        value=15.0000
        chosen: wait(agent8)  (best_value=15.0000)
[DEBUG d>=2] k=7 (idx=7 in order) at (5, 8) — 3 candidates, lookahead=1
    left(agent7)                                        value=17.0000
    wait(agent7)                                        value=18.0000
  * up(agent7)                                          value=19.0000
        chosen: up(agent7)  (best_value=19.0000)
[DEBUG d>=2] k=1 (idx=8 in order) at (7, 11) — 4 candidates, lookahead=1
    left(agent1)                                        value=22.0000
    wait(agent1)                                        value=23.0000
  * up(agent1)                                          value=24.0000
    down(agent1)                                        value=24.0000
        chosen: up(agent1)  (best_value=24.0000)
[DEBUG d>=2] k=6 (idx=1 in order) at (6, 10) — 4 candidates, lookahead=1
    left(agent6)                                        value=20.0000
    wait(agent6)                                        value=21.0000
    up(agent6)                                          value=20.0000
  * down(agent6)                                        value=22.0000
        chosen: down(agent6)  (best_value=22.0000)
[DEBUG d>=2] k=4 (idx=2 in order) at (10, 10) — 4 candidates, lookahead=1
  * left(agent4)                                        value=39.0000
    right(agent4)                                       value=35.0000
    wait(agent4)                                        value=32.0000
    up(agent4)                                          value=33.0000
        chosen: left(agent4)  (best_value=39.0000)
[DEBUG d>=2] k=2 (idx=2 in order) at (10, 10) — 5 candidates, lookahead=1
  * left(agent2)                                        value=30.0000
    right(agent2)                                       value=30.0000
    wait(agent2)                                        value=29.0000
    up(agent2)                                          value=28.0000
    down(agent2)                                        value=28.0000
        chosen: left(agent2)  (best_value=30.0000)
[DEBUG d>=2] k=4 (idx=3 in order) at (8, 12) — 5 candidates, lookahead=1
    left(agent4)                                        value=24.0000
  * right(agent4)                                       value=26.0000
    wait(agent4)                                        value=25.0000
    up(agent4)                                          value=24.0000
    down(agent4)                                        value=26.0000
        chosen: right(agent4)  (best_value=26.0000)
[DEBUG d>=2] k=3 (idx=4 in order) at (9, 11) — 3 candidates, lookahead=1
  * right(agent3)                                       value=28.0000
    wait(agent3)                                        value=27.0000
    down(agent3)                                        value=26.0000
        chosen: right(agent3)  (best_value=28.0000)
[DEBUG d>=2] k=5 (idx=5 in order) at (1, 12) — 4 candidates, lookahead=1
    right(agent5)                                       value=21.0000
    wait(agent5)                                        value=22.0000
    up(agent5)                                          value=21.0000
  * down(agent5)                                        value=23.0000
        chosen: down(agent5)  (best_value=23.0000)
[DEBUG d>=2] k=8 (idx=6 in order) at (5, 7) — 2 candidates, lookahead=1
    left(agent8)                                        value=14.0000
  * wait(agent8)                                        value=15.0000
        chosen: wait(agent8)  (best_value=15.0000)
[DEBUG d>=2] k=7 (idx=7 in order) at (5, 8) — 4 candidates, lookahead=1
    left(agent7)                                        value=17.0000
    wait(agent7)                                        value=18.0000
  * up(agent7)                                          value=19.0000
    down(agent7)                                        value=19.0000
        chosen: up(agent7)  (best_value=19.0000)
[DEBUG d>=2] k=1 (idx=8 in order) at (7, 10) — 4 candidates, lookahead=1
  * left(agent1)                                        value=17.0000
    right(agent1)                                       value=15.0000
    wait(agent1)                                        value=16.0000
    down(agent1)                                        value=17.0000
        chosen: left(agent1)  (best_value=17.0000)
[DEBUG d>=2] k=2 (idx=3 in order) at (8, 12) — 4 candidates, lookahead=1
  * right(agent2)                                       value=31.0000
    wait(agent2)                                        value=25.0000
    up(agent2)                                          value=27.0000
    down(agent2)                                        value=29.0000
        chosen: right(agent2)  (best_value=31.0000)
[DEBUG d>=2] k=6 (idx=1 in order) at (6, 11) — 4 candidates, lookahead=1
    left(agent6)                                        value=21.0000
  * right(agent6)                                       value=23.0000
    wait(agent6)                                        value=22.0000
    down(agent6)                                        value=23.0000
        chosen: right(agent6)  (best_value=23.0000)
[DEBUG d>=2] k=3 (idx=4 in order) at (10, 11) — 5 candidates, lookahead=1
  * left(agent3)                                        value=34.0000
    right(agent3)                                       value=34.0000
    wait(agent3)                                        value=33.0000
    up(agent3)                                          value=34.0000
    down(agent3)                                        value=32.0000
        chosen: left(agent3)  (best_value=34.0000)
[DEBUG d>=2] k=2 (idx=2 in order) at (9, 10) — 4 candidates, lookahead=1
    left(agent2)                                        value=15.0000
  * right(agent2)                                       value=17.0000
    wait(agent2)                                        value=16.0000
    down(agent2)                                        value=17.0000
        chosen: right(agent2)  (best_value=17.0000)
[DEBUG d>=2] k=1 (idx=5 in order) at (10, 13) — 4 candidates, lookahead=1
    left(agent1)                                        value=28.0000
  * right(agent1)                                       value=32.0000
    wait(agent1)                                        value=31.0000
    down(agent1)                                        value=30.0000
        chosen: right(agent1)  (best_value=32.0000)
[DEBUG d>=2] k=4 (idx=3 in order) at (9, 12) — 5 candidates, lookahead=1
    left(agent4)                                        value=25.0000
  * right(agent4)                                       value=27.0000
    wait(agent4)                                        value=26.0000
    up(agent4)                                          value=27.0000
    down(agent4)                                        value=27.0000
        chosen: right(agent4)  (best_value=27.0000)
[DEBUG d>=2] k=3 (idx=4 in order) at (10, 11) — 5 candidates, lookahead=1
    left(agent3)                                        value=29.0000
  * right(agent3)                                       value=31.0000
    wait(agent3)                                        value=30.0000
    up(agent3)                                          value=29.0000
    down(agent3)                                        value=29.0000
        chosen: right(agent3)  (best_value=31.0000)
[DEBUG d>=2] k=8 (idx=6 in order) at (2, 10) — 3 candidates, lookahead=1
    right(agent8)                                       value=43.0000
    wait(agent8)                                        value=44.0000
  * up(agent8)                                          value=49.0000
        chosen: up(agent8)  (best_value=49.0000)
[DEBUG d>=2] k=5 (idx=5 in order) at (1, 13) — 4 candidates, lookahead=1
    right(agent5)                                       value=22.0000
    wait(agent5)                                        value=23.0000
    up(agent5)                                          value=22.0000
  * down(agent5)                                        value=24.0000
        chosen: down(agent5)  (best_value=24.0000)
[DEBUG d>=2] k=8 (idx=6 in order) at (5, 7) — 2 candidates, lookahead=1
    left(agent8)                                        value=14.0000
  * wait(agent8)                                        value=15.0000
        chosen: wait(agent8)  (best_value=15.0000)
[DEBUG d>=2] k=7 (idx=7 in order) at (5, 8) — 4 candidates, lookahead=1
    left(agent7)                                        value=17.0000
    wait(agent7)                                        value=18.0000
  * up(agent7)                                          value=19.0000
    down(agent7)                                        value=19.0000
        chosen: up(agent7)  (best_value=19.0000)
[DEBUG d>=2] k=1 (idx=8 in order) at (6, 10) — 5 candidates, lookahead=1
    left(agent1)                                        value=20.0000
  * right(agent1)                                       value=22.0000
    wait(agent1)                                        value=21.0000
    up(agent1)                                          value=20.0000
    down(agent1)                                        value=22.0000
        chosen: right(agent1)  (best_value=22.0000)
[DEBUG d>=2] k=5 (idx=7 in order) at (8, 9) — 5 candidates, lookahead=1
  * left(agent5)                                        value=42.0000
    right(agent5)                                       value=34.0000
    wait(agent5)                                        value=33.0000
    up(agent5)                                          value=34.0000
    down(agent5)                                        value=31.0000
        chosen: left(agent5)  (best_value=42.0000)
[DEBUG d>=2] k=6 (idx=8 in order) at (6, 10) — 4 candidates, lookahead=1
  * left(agent6)                                        value=41.0000
    right(agent6)                                       value=39.0000
    wait(agent6)                                        value=40.0000
    up(agent6)                                          value=39.0000
        chosen: left(agent6)  (best_value=41.0000)
[DEBUG d>=2] k=6 (idx=1 in order) at (7, 11) — 4 candidates, lookahead=1
    left(agent6)                                        value=22.0000
  * right(agent6)                                       value=24.0000
    wait(agent6)                                        value=23.0000
    down(agent6)                                        value=24.0000
        chosen: right(agent6)  (best_value=24.0000)
[DEBUG d>=2] k=2 (idx=2 in order) at (10, 10) — 5 candidates, lookahead=1
  * left(agent2)                                        value=30.0000
    right(agent2)                                       value=30.0000
    wait(agent2)                                        value=29.0000
    up(agent2)                                          value=28.0000
    down(agent2)                                        value=30.0000
        chosen: left(agent2)  (best_value=30.0000)
[DEBUG d>=2] k=4 (idx=3 in order) at (10, 12) — 5 candidates, lookahead=1
    left(agent4)                                        value=26.0000
  * right(agent4)                                       value=28.0000
    wait(agent4)                                        value=27.0000
    up(agent4)                                          value=28.0000
    down(agent4)                                        value=28.0000
        chosen: right(agent4)  (best_value=28.0000)
[DEBUG d>=2] k=3 (idx=4 in order) at (11, 11) — 5 candidates, lookahead=1
    left(agent3)                                        value=30.0000
  * right(agent3)                                       value=32.0000
    wait(agent3)                                        value=31.0000
    up(agent3)                                          value=30.0000
    down(agent3)                                        value=30.0000
        chosen: right(agent3)  (best_value=32.0000)
[DEBUG d>=2] k=5 (idx=5 in order) at (1, 14) — 3 candidates, lookahead=1
    right(agent5)                                       value=23.0000
  * wait(agent5)                                        value=24.0000
    up(agent5)                                          value=23.0000
        chosen: wait(agent5)  (best_value=24.0000)
[DEBUG d>=2] k=8 (idx=6 in order) at (5, 7) — 2 candidates, lookahead=1
    left(agent8)                                        value=14.0000
  * wait(agent8)                                        value=15.0000
        chosen: wait(agent8)  (best_value=15.0000)
[DEBUG d>=2] k=7 (idx=1 in order) at (5, 9) — 4 candidates, lookahead=1
    left(agent7)                                        value=39.0000
  * right(agent7)                                       value=46.0000
    wait(agent7)                                        value=43.0000
    up(agent7)                                          value=41.0000
        chosen: right(agent7)  (best_value=46.0000)
[DEBUG d>=2] k=7 (idx=7 in order) at (5, 8) — 4 candidates, lookahead=1
    left(agent7)                                        value=17.0000
    wait(agent7)                                        value=18.0000
  * up(agent7)                                          value=19.0000
    down(agent7)                                        value=19.0000
        chosen: up(agent7)  (best_value=19.0000)
[DEBUG d>=2] k=1 (idx=8 in order) at (7, 10) — 4 candidates, lookahead=1
  * left(agent1)                                        value=17.0000
    right(agent1)                                       value=15.0000
    wait(agent1)                                        value=16.0000
    down(agent1)                                        value=17.0000
        chosen: left(agent1)  (best_value=17.0000)
[DEBUG d>=2] k=6 (idx=1 in order) at (8, 11) — 5 candidates, lookahead=1
    left(agent6)                                        value=23.0000
  * right(agent6)                                       value=25.0000
    wait(agent6)                                        value=24.0000
    up(agent6)                                          value=15.0000
    down(agent6)                                        value=25.0000
        chosen: right(agent6)  (best_value=25.0000)
[DEBUG d>=2] k=2 (idx=2 in order) at (9, 10) — 3 candidates, lookahead=1
  * right(agent2)                                       value=27.0000
    wait(agent2)                                        value=26.0000
    down(agent2)                                        value=25.0000
        chosen: right(agent2)  (best_value=27.0000)
[DEBUG d>=2] k=4 (idx=2 in order) at (9, 10) — 4 candidates, lookahead=1
    left(agent4)                                        value=34.0000
    right(agent4)                                       value=35.0000
    wait(agent4)                                        value=29.0000
  * up(agent4)                                          value=40.0000
        chosen: up(agent4)  (best_value=40.0000)
[DEBUG d>=2] k=4 (idx=3 in order) at (11, 12) — 5 candidates, lookahead=1
    left(agent4)                                        value=27.0000
  * right(agent4)                                       value=29.0000
    wait(agent4)                                        value=28.0000
    up(agent4)                                          value=29.0000
    down(agent4)                                        value=29.0000
        chosen: right(agent4)  (best_value=29.0000)
[DEBUG d>=2] k=3 (idx=4 in order) at (12, 11) — 5 candidates, lookahead=1
    left(agent3)                                        value=31.0000
  * right(agent3)                                       value=33.0000
    wait(agent3)                                        value=32.0000
    up(agent3)                                          value=31.0000
    down(agent3)                                        value=31.0000
        chosen: right(agent3)  (best_value=33.0000)
[DEBUG d>=2] k=5 (idx=5 in order) at (1, 14) — 3 candidates, lookahead=1
    right(agent5)                                       value=23.0000
  * wait(agent5)                                        value=24.0000
    up(agent5)                                          value=23.0000
        chosen: wait(agent5)  (best_value=24.0000)
[DEBUG d>=2] k=8 (idx=6 in order) at (5, 7) — 2 candidates, lookahead=1
    left(agent8)                                        value=14.0000
  * wait(agent8)                                        value=15.0000
        chosen: wait(agent8)  (best_value=15.0000)
[DEBUG d>=2] k=7 (idx=7 in order) at (5, 8) — 4 candidates, lookahead=1
    left(agent7)                                        value=17.0000
    wait(agent7)                                        value=18.0000
  * up(agent7)                                          value=19.0000
    down(agent7)                                        value=19.0000
        chosen: up(agent7)  (best_value=19.0000)
[DEBUG d>=2] k=1 (idx=8 in order) at (6, 10) — 5 candidates, lookahead=1
    left(agent1)                                        value=20.0000
  * right(agent1)                                       value=22.0000
    wait(agent1)                                        value=21.0000
    up(agent1)                                          value=20.0000
    down(agent1)                                        value=22.0000
        chosen: right(agent1)  (best_value=22.0000)
[DEBUG d>=2] k=2 (idx=3 in order) at (9, 12) — 4 candidates, lookahead=1
    left(agent2)                                        value=28.0000
  * right(agent2)                                       value=31.0000
    wait(agent2)                                        value=30.0000
    down(agent2)                                        value=29.0000
        chosen: right(agent2)  (best_value=31.0000)
[DEBUG d>=2] k=6 (idx=1 in order) at (9, 11) — 5 candidates, lookahead=1
    left(agent6)                                        value=24.0000
  * right(agent6)                                       value=26.0000
    wait(agent6)                                        value=25.0000
    up(agent6)                                          value=26.0000
    down(agent6)                                        value=26.0000
        chosen: right(agent6)  (best_value=26.0000)
[DEBUG d>=2] k=2 (idx=2 in order) at (10, 10) — 5 candidates, lookahead=1
    left(agent2)                                        value=28.0000
  * right(agent2)                                       value=30.0000
    wait(agent2)                                        value=27.0000
    up(agent2)                                          value=28.0000
    down(agent2)                                        value=28.0000
        chosen: right(agent2)  (best_value=30.0000)
[DEBUG d>=2] k=3 (idx=4 in order) at (9, 11) — 5 candidates, lookahead=1
  * left(agent3)                                        value=32.0000
    right(agent3)                                       value=31.0000
    wait(agent3)                                        value=30.0000
    up(agent3)                                          value=31.0000
    down(agent3)                                        value=30.0000
        chosen: left(agent3)  (best_value=32.0000)
[DEBUG d>=2] k=4 (idx=3 in order) at (12, 12) — 5 candidates, lookahead=1
    left(agent4)                                        value=28.0000
  * right(agent4)                                       value=30.0000
    wait(agent4)                                        value=29.0000
    up(agent4)                                          value=30.0000
    down(agent4)                                        value=30.0000
        chosen: right(agent4)  (best_value=30.0000)
[DEBUG d>=2] k=3 (idx=4 in order) at (13, 11) — 5 candidates, lookahead=1
    left(agent3)                                        value=30.0000
    right(agent3)                                       value=32.0000
  * wait(agent3)                                        value=33.0000
    up(agent3)                                          value=32.0000
    down(agent3)                                        value=32.0000
        chosen: wait(agent3)  (best_value=33.0000)
[DEBUG d>=2] k=5 (idx=5 in order) at (1, 14) — 3 candidates, lookahead=1
    right(agent5)                                       value=23.0000
  * wait(agent5)                                        value=24.0000
    up(agent5)                                          value=23.0000
        chosen: wait(agent5)  (best_value=24.0000)
[DEBUG d>=2] k=8 (idx=6 in order) at (5, 7) — 2 candidates, lookahead=1
    left(agent8)                                        value=14.0000
  * wait(agent8)                                        value=15.0000
        chosen: wait(agent8)  (best_value=15.0000)
[DEBUG d>=2] k=1 (idx=5 in order) at (11, 13) — 5 candidates, lookahead=1
    left(agent1)                                        value=32.0000
  * right(agent1)                                       value=34.0000
    wait(agent1)                                        value=32.0000
    up(agent1)                                          value=34.0000
    down(agent1)                                        value=29.0000
        chosen: right(agent1)  (best_value=34.0000)
[DEBUG d>=2] k=7 (idx=7 in order) at (5, 8) — 4 candidates, lookahead=1
    left(agent7)                                        value=17.0000
    wait(agent7)                                        value=18.0000
  * up(agent7)                                          value=19.0000
    down(agent7)                                        value=19.0000
        chosen: up(agent7)  (best_value=19.0000)
[DEBUG d>=2] k=1 (idx=8 in order) at (7, 10) — 4 candidates, lookahead=1
  * left(agent1)                                        value=17.0000
    right(agent1)                                       value=15.0000
    wait(agent1)                                        value=16.0000
    down(agent1)                                        value=17.0000
        chosen: left(agent1)  (best_value=17.0000)
[DEBUG d>=2] k=8 (idx=6 in order) at (2, 9) — 4 candidates, lookahead=1
    right(agent8)                                       value=44.0000
    wait(agent8)                                        value=45.0000
    up(agent8)                                          value=40.0000
  * down(agent8)                                        value=50.0000
        chosen: down(agent8)  (best_value=50.0000)
[DEBUG d>=2] k=5 (idx=7 in order) at (7, 9) — 4 candidates, lookahead=1
    right(agent5)                                       value=38.0000
    wait(agent5)                                        value=34.0000
  * up(agent5)                                          value=40.0000
    down(agent5)                                        value=39.0000
        chosen: up(agent5)  (best_value=40.0000)
[DEBUG d>=2] k=6 (idx=1 in order) at (10, 11) — 5 candidates, lookahead=1
    left(agent6)                                        value=17.0000
  * right(agent6)                                       value=19.0000
    wait(agent6)                                        value=18.0000
    up(agent6)                                          value=17.0000
    down(agent6)                                        value=19.0000
        chosen: right(agent6)  (best_value=19.0000)
[DEBUG d>=2] k=6 (idx=8 in order) at (5, 10) — 4 candidates, lookahead=1
  * left(agent6)                                        value=40.0000
    right(agent6)                                       value=38.0000
    wait(agent6)                                        value=40.0000
    up(agent6)                                          value=38.0000
        chosen: left(agent6)  (best_value=40.0000)
[DEBUG d>=2] k=2 (idx=2 in order) at (11, 10) — 4 candidates, lookahead=1
  * right(agent2)                                       value=21.0000
    wait(agent2)                                        value=18.0000
    up(agent2)                                          value=21.0000
    down(agent2)                                        value=19.0000
        chosen: right(agent2)  (best_value=21.0000)
[DEBUG d>=2] k=4 (idx=3 in order) at (13, 12) — 4 candidates, lookahead=1
    left(agent4)                                        value=21.0000
  * right(agent4)                                       value=25.0000
    wait(agent4)                                        value=22.0000
    down(agent4)                                        value=23.0000
        chosen: right(agent4)  (best_value=25.0000)
[DEBUG d>=2] k=3 (idx=4 in order) at (13, 11) — 5 candidates, lookahead=1
  * left(agent3)                                        value=26.0000
    right(agent3)                                       value=26.0000
    wait(agent3)                                        value=25.0000
    up(agent3)                                          value=26.0000
    down(agent3)                                        value=24.0000
        chosen: left(agent3)  (best_value=26.0000)
[DEBUG d>=2] k=5 (idx=5 in order) at (1, 14) — 3 candidates, lookahead=1
    right(agent5)                                       value=23.0000
  * wait(agent5)                                        value=24.0000
    up(agent5)                                          value=23.0000
        chosen: wait(agent5)  (best_value=24.0000)
[DEBUG d>=2] k=8 (idx=6 in order) at (5, 7) — 2 candidates, lookahead=1
    left(agent8)                                        value=14.0000
  * wait(agent8)                                        value=15.0000
        chosen: wait(agent8)  (best_value=15.0000)
[DEBUG d>=2] k=7 (idx=7 in order) at (5, 8) — 4 candidates, lookahead=1
    left(agent7)                                        value=17.0000
    wait(agent7)                                        value=18.0000
  * up(agent7)                                          value=19.0000
    down(agent7)                                        value=19.0000
        chosen: up(agent7)  (best_value=19.0000)
[DEBUG d>=2] k=1 (idx=8 in order) at (6, 10) — 5 candidates, lookahead=1
  * left(agent1)                                        value=18.0000
    right(agent1)                                       value=16.0000
    wait(agent1)                                        value=17.0000
    up(agent1)                                          value=18.0000
    down(agent1)                                        value=18.0000
        chosen: left(agent1)  (best_value=18.0000)
[DEBUG d>=2] k=6 (idx=1 in order) at (11, 11) — 4 candidates, lookahead=1
    left(agent6)                                        value=18.0000
    wait(agent6)                                        value=19.0000
    up(agent6)                                          value=18.0000
  * down(agent6)                                        value=20.0000
        chosen: down(agent6)  (best_value=20.0000)
[DEBUG d>=2] k=7 (idx=1 in order) at (6, 9) — 5 candidates, lookahead=1
  * left(agent7)                                        value=36.0000
    right(agent7)                                       value=33.0000
    wait(agent7)                                        value=35.0000
    up(agent7)                                          value=35.0000
    down(agent7)                                        value=33.0000
        chosen: left(agent7)  (best_value=36.0000)
[DEBUG d>=2] k=2 (idx=2 in order) at (12, 10) — 4 candidates, lookahead=1
    left(agent2)                                        value=18.0000
  * right(agent2)                                       value=22.0000
    wait(agent2)                                        value=21.0000
    up(agent2)                                          value=20.0000
        chosen: right(agent2)  (best_value=22.0000)
[DEBUG d>=2] k=4 (idx=3 in order) at (14, 12) — 4 candidates, lookahead=1
    left(agent4)                                        value=22.0000
    wait(agent4)                                        value=23.0000
  * up(agent4)                                          value=24.0000
    down(agent4)                                        value=24.0000
        chosen: up(agent4)  (best_value=24.0000)
[DEBUG d>=2] k=3 (idx=4 in order) at (12, 11) — 5 candidates, lookahead=1
    left(agent3)                                        value=19.0000
  * right(agent3)                                       value=21.0000
    wait(agent3)                                        value=20.0000
    up(agent3)                                          value=21.0000
    down(agent3)                                        value=21.0000
        chosen: right(agent3)  (best_value=21.0000)
[DEBUG d>=2] k=5 (idx=5 in order) at (1, 14) — 3 candidates, lookahead=1
    right(agent5)                                       value=23.0000
  * wait(agent5)                                        value=24.0000
    up(agent5)                                          value=23.0000
        chosen: wait(agent5)  (best_value=24.0000)
[DEBUG d>=2] k=8 (idx=6 in order) at (5, 7) — 2 candidates, lookahead=1
    left(agent8)                                        value=14.0000
  * wait(agent8)                                        value=15.0000
        chosen: wait(agent8)  (best_value=15.0000)
[DEBUG d>=2] k=7 (idx=7 in order) at (5, 8) — 4 candidates, lookahead=1
    left(agent7)                                        value=17.0000
    wait(agent7)                                        value=18.0000
  * up(agent7)                                          value=19.0000
    down(agent7)                                        value=19.0000
        chosen: up(agent7)  (best_value=19.0000)
[DEBUG d>=2] k=1 (idx=8 in order) at (5, 10) — 5 candidates, lookahead=1
  * left(agent1)                                        value=19.0000
    right(agent1)                                       value=17.0000
    wait(agent1)                                        value=18.0000
    up(agent1)                                          value=19.0000
    down(agent1)                                        value=19.0000
        chosen: left(agent1)  (best_value=19.0000)
[DEBUG d>=2] k=4 (idx=2 in order) at (9, 9) — 5 candidates, lookahead=1
  * left(agent4)                                        value=37.0000
    right(agent4)                                       value=33.0000
    wait(agent4)                                        value=32.0000
    up(agent4)                                          value=33.0000
    down(agent4)                                        value=34.0000
        chosen: left(agent4)  (best_value=37.0000)
[DEBUG d>=2] k=6 (idx=1 in order) at (11, 12) — 5 candidates, lookahead=1
    left(agent6)                                        value=19.0000
  * right(agent6)                                       value=21.0000
    wait(agent6)                                        value=20.0000
    up(agent6)                                          value=19.0000
    down(agent6)                                        value=21.0000
        chosen: right(agent6)  (best_value=21.0000)
[DEBUG d>=2] k=2 (idx=3 in order) at (10, 12) — 5 candidates, lookahead=1
    left(agent2)                                        value=28.0000
  * right(agent2)                                       value=31.0000
    wait(agent2)                                        value=30.0000
    up(agent2)                                          value=31.0000
    down(agent2)                                        value=29.0000
        chosen: right(agent2)  (best_value=31.0000)
[DEBUG d>=2] k=2 (idx=2 in order) at (13, 10) — 4 candidates, lookahead=1
    left(agent2)                                        value=19.0000
  * right(agent2)                                       value=21.0000
    wait(agent2)                                        value=20.0000
    up(agent2)                                          value=21.0000
        chosen: right(agent2)  (best_value=21.0000)
[DEBUG d>=2] k=4 (idx=3 in order) at (14, 11) — 3 candidates, lookahead=1
    wait(agent4)                                        value=24.0000
    up(agent4)                                          value=23.0000
  * down(agent4)                                        value=25.0000
        chosen: down(agent4)  (best_value=25.0000)
[DEBUG d>=2] k=3 (idx=4 in order) at (13, 11) — 5 candidates, lookahead=1
    left(agent3)                                        value=20.0000
  * right(agent3)                                       value=22.0000
    wait(agent3)                                        value=21.0000
    up(agent3)                                          value=22.0000
    down(agent3)                                        value=22.0000
        chosen: right(agent3)  (best_value=22.0000)
[DEBUG d>=2] k=5 (idx=5 in order) at (1, 14) — 3 candidates, lookahead=1
    right(agent5)                                       value=23.0000
  * wait(agent5)                                        value=24.0000
    up(agent5)                                          value=23.0000
        chosen: wait(agent5)  (best_value=24.0000)
[DEBUG d>=2] k=3 (idx=4 in order) at (8, 11) — 4 candidates, lookahead=1
  * right(agent3)                                       value=28.0000
    wait(agent3)                                        value=27.0000
    up(agent3)                                          value=28.0000
    down(agent3)                                        value=26.0000
        chosen: right(agent3)  (best_value=28.0000)
[DEBUG d>=2] k=8 (idx=6 in order) at (5, 7) — 2 candidates, lookahead=1
    left(agent8)                                        value=14.0000
  * wait(agent8)                                        value=15.0000
        chosen: wait(agent8)  (best_value=15.0000)
[DEBUG d>=2] k=7 (idx=7 in order) at (5, 8) — 4 candidates, lookahead=1
    left(agent7)                                        value=17.0000
    wait(agent7)                                        value=18.0000
  * up(agent7)                                          value=19.0000
    down(agent7)                                        value=19.0000
        chosen: up(agent7)  (best_value=19.0000)
[DEBUG d>=2] k=1 (idx=8 in order) at (4, 10) — 5 candidates, lookahead=1
    left(agent1)                                        value=18.0000
    right(agent1)                                       value=18.0000
    wait(agent1)                                        value=19.0000
    up(agent1)                                          value=18.0000
  * down(agent1)                                        value=20.0000
        chosen: down(agent1)  (best_value=20.0000)
[DEBUG d>=2] k=1 (idx=5 in order) at (12, 13) — 5 candidates, lookahead=1
    left(agent1)                                        value=32.0000
  * right(agent1)                                       value=34.0000
    wait(agent1)                                        value=31.0000
    up(agent1)                                          value=34.0000
    down(agent1)                                        value=32.0000
        chosen: right(agent1)  (best_value=34.0000)
[DEBUG d>=2] k=8 (idx=6 in order) at (2, 10) — 3 candidates, lookahead=1
  * right(agent8)                                       value=45.0000
    wait(agent8)                                        value=44.0000
    up(agent8)                                          value=41.0000
        chosen: right(agent8)  (best_value=45.0000)
[DEBUG d>=2] k=6 (idx=1 in order) at (12, 12) — 5 candidates, lookahead=1
    left(agent6)                                        value=20.0000
  * right(agent6)                                       value=22.0000
    wait(agent6)                                        value=21.0000
    up(agent6)                                          value=20.0000
    down(agent6)                                        value=22.0000
        chosen: right(agent6)  (best_value=22.0000)
[DEBUG d>=2] k=5 (idx=7 in order) at (7, 8) — 4 candidates, lookahead=1
  * left(agent5)                                        value=39.0000
    right(agent5)                                       value=38.0000
    wait(agent5)                                        value=35.0000
    up(agent5)                                          value=35.0000
        chosen: left(agent5)  (best_value=39.0000)
[DEBUG d>=2] k=6 (idx=8 in order) at (4, 10) — 3 candidates, lookahead=1
  * right(agent6)                                       value=43.0000
    wait(agent6)                                        value=38.0000
    up(agent6)                                          value=40.0000
        chosen: right(agent6)  (best_value=43.0000)
[DEBUG d>=2] k=2 (idx=2 in order) at (14, 10) — 3 candidates, lookahead=1
    left(agent2)                                        value=20.0000
    wait(agent2)                                        value=21.0000
  * up(agent2)                                          value=22.0000
        chosen: up(agent2)  (best_value=22.0000)
[DEBUG d>=2] k=4 (idx=3 in order) at (14, 12) — 3 candidates, lookahead=1
    left(agent4)                                        value=22.0000
    wait(agent4)                                        value=23.0000
  * down(agent4)                                        value=24.0000
        chosen: down(agent4)  (best_value=24.0000)
[DEBUG d>=2] k=3 (idx=4 in order) at (14, 11) — 4 candidates, lookahead=1
    left(agent3)                                        value=21.0000
  * wait(agent3)                                        value=24.0000
    up(agent3)                                          value=23.0000
    down(agent3)                                        value=23.0000
        chosen: wait(agent3)  (best_value=24.0000)
[DEBUG d>=2] k=5 (idx=5 in order) at (1, 14) — 3 candidates, lookahead=1
    right(agent5)                                       value=23.0000
  * wait(agent5)                                        value=24.0000
    up(agent5)                                          value=23.0000
        chosen: wait(agent5)  (best_value=24.0000)
[DEBUG d>=2] k=8 (idx=6 in order) at (5, 7) — 2 candidates, lookahead=1
    left(agent8)                                        value=14.0000
  * wait(agent8)                                        value=15.0000
        chosen: wait(agent8)  (best_value=15.0000)
[DEBUG d>=2] k=7 (idx=7 in order) at (5, 8) — 4 candidates, lookahead=1
    left(agent7)                                        value=17.0000
    wait(agent7)                                        value=18.0000
  * up(agent7)                                          value=19.0000
    down(agent7)                                        value=19.0000
        chosen: up(agent7)  (best_value=19.0000)
[DEBUG d>=2] k=1 (idx=8 in order) at (4, 11) — 5 candidates, lookahead=1
    left(agent1)                                        value=19.0000
    right(agent1)                                       value=19.0000
    wait(agent1)                                        value=20.0000
    up(agent1)                                          value=19.0000
  * down(agent1)                                        value=21.0000
        chosen: down(agent1)  (best_value=21.0000)
[DEBUG d>=2] k=6 (idx=1 in order) at (13, 12) — 5 candidates, lookahead=1
    left(agent6)                                        value=21.0000
  * right(agent6)                                       value=23.0000
    wait(agent6)                                        value=22.0000
    up(agent6)                                          value=21.0000
    down(agent6)                                        value=23.0000
        chosen: right(agent6)  (best_value=23.0000)
[DEBUG d>=2] k=7 (idx=1 in order) at (5, 9) — 4 candidates, lookahead=1
  * left(agent7)                                        value=39.0000
    right(agent7)                                       value=34.0000
    wait(agent7)                                        value=36.0000
    up(agent7)                                          value=37.0000
        chosen: left(agent7)  (best_value=39.0000)
[DEBUG d>=2] k=2 (idx=2 in order) at (14, 9) — 4 candidates, lookahead=1
    left(agent2)                                        value=21.0000
    wait(agent2)                                        value=22.0000
  * up(agent2)                                          value=23.0000
    down(agent2)                                        value=21.0000
        chosen: up(agent2)  (best_value=23.0000)
[DEBUG d>=2] k=4 (idx=3 in order) at (14, 13) — 4 candidates, lookahead=1
    left(agent4)                                        value=23.0000
    wait(agent4)                                        value=24.0000
    up(agent4)                                          value=23.0000
  * down(agent4)                                        value=25.0000
        chosen: down(agent4)  (best_value=25.0000)
[DEBUG d>=2] k=3 (idx=4 in order) at (14, 11) — 2 candidates, lookahead=1
  * wait(agent3)                                        value=22.0000
    down(agent3)                                        value=22.0000
        chosen: wait(agent3)  (best_value=22.0000)
[DEBUG d>=2] k=5 (idx=5 in order) at (1, 14) — 3 candidates, lookahead=1
    right(agent5)                                       value=23.0000
  * wait(agent5)                                        value=24.0000
    up(agent5)                                          value=23.0000
        chosen: wait(agent5)  (best_value=24.0000)
[DEBUG d>=2] k=8 (idx=6 in order) at (5, 7) — 2 candidates, lookahead=1
    left(agent8)                                        value=14.0000
  * wait(agent8)                                        value=15.0000
        chosen: wait(agent8)  (best_value=15.0000)
[DEBUG d>=2] k=7 (idx=7 in order) at (5, 8) — 4 candidates, lookahead=1
    left(agent7)                                        value=17.0000
    wait(agent7)                                        value=18.0000
  * up(agent7)                                          value=19.0000
    down(agent7)                                        value=19.0000
        chosen: up(agent7)  (best_value=19.0000)
[DEBUG d>=2] k=1 (idx=8 in order) at (4, 12) — 5 candidates, lookahead=1
    left(agent1)                                        value=20.0000
    right(agent1)                                       value=20.0000
    wait(agent1)                                        value=21.0000
    up(agent1)                                          value=20.0000
  * down(agent1)                                        value=22.0000
        chosen: down(agent1)  (best_value=22.0000)
[DEBUG d>=2] k=4 (idx=2 in order) at (8, 9) — 5 candidates, lookahead=1
    left(agent4)                                        value=31.0000
    right(agent4)                                       value=31.0000
    wait(agent4)                                        value=34.0000
  * up(agent4)                                          value=35.0000
    down(agent4)                                        value=33.0000
        chosen: up(agent4)  (best_value=35.0000)
[DEBUG d>=2] k=6 (idx=1 in order) at (14, 12) — 3 candidates, lookahead=1
    left(agent6)                                        value=22.0000
    wait(agent6)                                        value=23.0000
  * down(agent6)                                        value=24.0000
        chosen: down(agent6)  (best_value=24.0000)
[DEBUG d>=2] k=2 (idx=2 in order) at (14, 8) — 4 candidates, lookahead=1
    left(agent2)                                        value=22.0000
    wait(agent2)                                        value=23.0000
  * up(agent2)                                          value=24.0000
    down(agent2)                                        value=22.0000
        chosen: up(agent2)  (best_value=24.0000)
[DEBUG d>=2] k=4 (idx=3 in order) at (14, 14) — 3 candidates, lookahead=1
    left(agent4)                                        value=24.0000
  * wait(agent4)                                        value=25.0000
    up(agent4)                                          value=24.0000
        chosen: wait(agent4)  (best_value=25.0000)
[DEBUG d>=2] k=2 (idx=3 in order) at (11, 12) — 5 candidates, lookahead=1
    left(agent2)                                        value=31.0000
  * right(agent2)                                       value=33.0000
    wait(agent2)                                        value=32.0000
    up(agent2)                                          value=33.0000
    down(agent2)                                        value=31.0000
        chosen: right(agent2)  (best_value=33.0000)
[DEBUG d>=2] k=3 (idx=4 in order) at (14, 11) — 4 candidates, lookahead=1
    left(agent3)                                        value=21.0000
    wait(agent3)                                        value=22.0000
    up(agent3)                                          value=21.0000
  * down(agent3)                                        value=23.0000
        chosen: down(agent3)  (best_value=23.0000)
[DEBUG d>=2] k=5 (idx=5 in order) at (1, 14) — 3 candidates, lookahead=1
    right(agent5)                                       value=23.0000
  * wait(agent5)                                        value=24.0000
    up(agent5)                                          value=23.0000
        chosen: wait(agent5)  (best_value=24.0000)
[DEBUG d>=2] k=8 (idx=6 in order) at (5, 7) — 2 candidates, lookahead=1
    left(agent8)                                        value=14.0000
  * wait(agent8)                                        value=15.0000
        chosen: wait(agent8)  (best_value=15.0000)
[DEBUG d>=2] k=7 (idx=7 in order) at (5, 8) — 4 candidates, lookahead=1
    left(agent7)                                        value=17.0000
    wait(agent7)                                        value=18.0000
  * up(agent7)                                          value=19.0000
    down(agent7)                                        value=19.0000
        chosen: up(agent7)  (best_value=19.0000)
[DEBUG d>=2] k=1 (idx=8 in order) at (4, 13) — 5 candidates, lookahead=1
    left(agent1)                                        value=21.0000
    right(agent1)                                       value=21.0000
    wait(agent1)                                        value=22.0000
    up(agent1)                                          value=21.0000
  * down(agent1)                                        value=23.0000
        chosen: down(agent1)  (best_value=23.0000)
[DEBUG d>=2] k=3 (idx=4 in order) at (9, 11) — 5 candidates, lookahead=1
    left(agent3)                                        value=30.0000
  * right(agent3)                                       value=32.0000
    wait(agent3)                                        value=31.0000
    up(agent3)                                          value=32.0000
    down(agent3)                                        value=30.0000
        chosen: right(agent3)  (best_value=32.0000)
[DEBUG d>=2] k=6 (idx=1 in order) at (14, 13) — 2 candidates, lookahead=1
    left(agent6)                                        value=23.0000
  * wait(agent6)                                        value=24.0000
        chosen: wait(agent6)  (best_value=24.0000)
[DEBUG d>=2] k=2 (idx=2 in order) at (14, 7) — 4 candidates, lookahead=1
    left(agent2)                                        value=23.0000
    wait(agent2)                                        value=24.0000
  * up(agent2)                                          value=25.0000
    down(agent2)                                        value=23.0000
        chosen: up(agent2)  (best_value=25.0000)
[DEBUG d>=2] k=4 (idx=3 in order) at (14, 14) — 3 candidates, lookahead=1
    left(agent4)                                        value=24.0000
  * wait(agent4)                                        value=25.0000
    up(agent4)                                          value=24.0000
        chosen: wait(agent4)  (best_value=25.0000)
[DEBUG d>=2] k=1 (idx=5 in order) at (13, 13) — 5 candidates, lookahead=1
    left(agent1)                                        value=32.0000
  * right(agent1)                                       value=34.0000
    wait(agent1)                                        value=33.0000
    up(agent1)                                          value=34.0000
    down(agent1)                                        value=32.0000
        chosen: right(agent1)  (best_value=34.0000)
[DEBUG d>=2] k=3 (idx=4 in order) at (14, 12) — 4 candidates, lookahead=1
    left(agent3)                                        value=22.0000
    wait(agent3)                                        value=23.0000
    up(agent3)                                          value=22.0000
  * down(agent3)                                        value=24.0000
        chosen: down(agent3)  (best_value=24.0000)
[DEBUG d>=2] k=5 (idx=5 in order) at (1, 14) — 3 candidates, lookahead=1
    right(agent5)                                       value=23.0000
  * wait(agent5)                                        value=24.0000
    up(agent5)                                          value=23.0000
        chosen: wait(agent5)  (best_value=24.0000)
[DEBUG d>=2] k=8 (idx=6 in order) at (5, 7) — 2 candidates, lookahead=1
    left(agent8)                                        value=14.0000
  * wait(agent8)                                        value=15.0000
        chosen: wait(agent8)  (best_value=15.0000)
[DEBUG d>=2] k=7 (idx=7 in order) at (5, 8) — 4 candidates, lookahead=1
    left(agent7)                                        value=17.0000
    wait(agent7)                                        value=18.0000
  * up(agent7)                                          value=19.0000
    down(agent7)                                        value=19.0000
        chosen: up(agent7)  (best_value=19.0000)
[DEBUG d>=2] k=1 (idx=8 in order) at (4, 14) — 4 candidates, lookahead=1
    left(agent1)                                        value=22.0000
    right(agent1)                                       value=22.0000
  * wait(agent1)                                        value=23.0000
    up(agent1)                                          value=22.0000
        chosen: wait(agent1)  (best_value=23.0000)
[DEBUG d>=2] k=8 (idx=6 in order) at (3, 10) — 4 candidates, lookahead=1
  * left(agent8)                                        value=45.0000
    right(agent8)                                       value=43.0000
    wait(agent8)                                        value=44.0000
    up(agent8)                                          value=43.0000
        chosen: left(agent8)  (best_value=45.0000)
[DEBUG d>=2] k=6 (idx=1 in order) at (14, 13) — 2 candidates, lookahead=1
    left(agent6)                                        value=23.0000
  * wait(agent6)                                        value=24.0000
        chosen: wait(agent6)  (best_value=24.0000)
[DEBUG d>=2] k=5 (idx=7 in order) at (6, 8) — 4 candidates, lookahead=1
  * left(agent5)                                        value=37.0000
    right(agent5)                                       value=35.0000
    wait(agent5)                                        value=36.0000
    up(agent5)                                          value=37.0000
        chosen: left(agent5)  (best_value=37.0000)
[DEBUG d>=2] k=6 (idx=8 in order) at (5, 10) — 3 candidates, lookahead=1
    right(agent6)                                       value=36.0000
    wait(agent6)                                        value=37.0000
  * up(agent6)                                          value=38.0000
        chosen: up(agent6)  (best_value=38.0000)
[DEBUG d>=2] k=2 (idx=2 in order) at (14, 6) — 4 candidates, lookahead=1
    left(agent2)                                        value=24.0000
    wait(agent2)                                        value=25.0000
  * up(agent2)                                          value=26.0000
    down(agent2)                                        value=24.0000
        chosen: up(agent2)  (best_value=26.0000)
[DEBUG d>=2] k=4 (idx=3 in order) at (14, 14) — 3 candidates, lookahead=1
    left(agent4)                                        value=24.0000
  * wait(agent4)                                        value=25.0000
    up(agent4)                                          value=24.0000
        chosen: wait(agent4)  (best_value=25.0000)
[DEBUG d>=2] k=3 (idx=4 in order) at (14, 12) — 4 candidates, lookahead=1
    left(agent3)                                        value=22.0000
    wait(agent3)                                        value=23.0000
    up(agent3)                                          value=22.0000
  * down(agent3)                                        value=24.0000
        chosen: down(agent3)  (best_value=24.0000)
[DEBUG d>=2] k=5 (idx=5 in order) at (1, 14) — 3 candidates, lookahead=1
    right(agent5)                                       value=23.0000
  * wait(agent5)                                        value=24.0000
    up(agent5)                                          value=23.0000
        chosen: wait(agent5)  (best_value=24.0000)
[DEBUG d>=2] k=8 (idx=6 in order) at (5, 7) — 2 candidates, lookahead=1
    left(agent8)                                        value=14.0000
  * wait(agent8)                                        value=15.0000
        chosen: wait(agent8)  (best_value=15.0000)
[DEBUG d>=2] k=7 (idx=7 in order) at (5, 8) — 4 candidates, lookahead=1
    left(agent7)                                        value=17.0000
    wait(agent7)                                        value=18.0000
  * up(agent7)                                          value=19.0000
    down(agent7)                                        value=19.0000
        chosen: up(agent7)  (best_value=19.0000)
[DEBUG d>=2] k=1 (idx=8 in order) at (4, 14) — 4 candidates, lookahead=1
    left(agent1)                                        value=22.0000
    right(agent1)                                       value=22.0000
  * wait(agent1)                                        value=23.0000
    up(agent1)                                          value=22.0000
        chosen: wait(agent1)  (best_value=23.0000)
[DEBUG d>=2] k=6 (idx=1 in order) at (14, 13) — 2 candidates, lookahead=1
    left(agent6)                                        value=23.0000
  * wait(agent6)                                        value=24.0000
        chosen: wait(agent6)  (best_value=24.0000)
[DEBUG d>=2] k=2 (idx=2 in order) at (14, 5) — 4 candidates, lookahead=1
    left(agent2)                                        value=25.0000
    wait(agent2)                                        value=26.0000
  * up(agent2)                                          value=27.0000
    down(agent2)                                        value=25.0000
        chosen: up(agent2)  (best_value=27.0000)
[DEBUG d>=2] k=7 (idx=1 in order) at (4, 9) — 4 candidates, lookahead=1
  * left(agent7)                                        value=33.0000
    wait(agent7)                                        value=32.0000
    up(agent7)                                          value=33.0000
    down(agent7)                                        value=33.0000
        chosen: left(agent7)  (best_value=33.0000)
[DEBUG d>=2] k=4 (idx=3 in order) at (14, 14) — 3 candidates, lookahead=1
    left(agent4)                                        value=24.0000
  * wait(agent4)                                        value=25.0000
    up(agent4)                                          value=24.0000
        chosen: wait(agent4)  (best_value=25.0000)
[DEBUG d>=2] k=3 (idx=4 in order) at (14, 12) — 4 candidates, lookahead=1
    left(agent3)                                        value=22.0000
    wait(agent3)                                        value=23.0000
    up(agent3)                                          value=22.0000
  * down(agent3)                                        value=24.0000
        chosen: down(agent3)  (best_value=24.0000)
[DEBUG d>=2] k=5 (idx=5 in order) at (1, 14) — 3 candidates, lookahead=1
    right(agent5)                                       value=23.0000
  * wait(agent5)                                        value=24.0000
    up(agent5)                                          value=23.0000
        chosen: wait(agent5)  (best_value=24.0000)
[DEBUG d>=2] k=8 (idx=6 in order) at (5, 7) — 2 candidates, lookahead=1
    left(agent8)                                        value=14.0000
  * wait(agent8)                                        value=15.0000
        chosen: wait(agent8)  (best_value=15.0000)
[DEBUG d>=2] k=7 (idx=7 in order) at (5, 8) — 4 candidates, lookahead=1
    left(agent7)                                        value=17.0000
    wait(agent7)                                        value=18.0000
  * up(agent7)                                          value=19.0000
    down(agent7)                                        value=19.0000
        chosen: up(agent7)  (best_value=19.0000)
[DEBUG d>=2] k=1 (idx=8 in order) at (4, 14) — 4 candidates, lookahead=1
    left(agent1)                                        value=22.0000
    right(agent1)                                       value=22.0000
  * wait(agent1)                                        value=23.0000
    up(agent1)                                          value=22.0000
        chosen: wait(agent1)  (best_value=23.0000)
[DEBUG d>=2] k=6 (idx=1 in order) at (14, 13) — 2 candidates, lookahead=1
    left(agent6)                                        value=23.0000
  * wait(agent6)                                        value=24.0000
        chosen: wait(agent6)  (best_value=24.0000)
[DEBUG d>=2] k=2 (idx=2 in order) at (14, 4) — 4 candidates, lookahead=1
    left(agent2)                                        value=26.0000
  * wait(agent2)                                        value=27.0000
    up(agent2)                                          value=26.0000
    down(agent2)                                        value=26.0000
        chosen: wait(agent2)  (best_value=27.0000)
[DEBUG d>=2] k=4 (idx=2 in order) at (8, 8) — 5 candidates, lookahead=1
    left(agent4)                                        value=30.0000
  * right(agent4)                                       value=31.0000
    wait(agent4)                                        value=30.0000
    up(agent4)                                          value=30.0000
    down(agent4)                                        value=29.0000
        chosen: right(agent4)  (best_value=31.0000)
[DEBUG d>=2] k=4 (idx=3 in order) at (14, 14) — 3 candidates, lookahead=1
    left(agent4)                                        value=24.0000
  * wait(agent4)                                        value=25.0000
    up(agent4)                                          value=24.0000
        chosen: wait(agent4)  (best_value=25.0000)
[DEBUG d>=2] k=3 (idx=4 in order) at (14, 12) — 4 candidates, lookahead=1
    left(agent3)                                        value=22.0000
    wait(agent3)                                        value=23.0000
    up(agent3)                                          value=22.0000
  * down(agent3)                                        value=24.0000
        chosen: down(agent3)  (best_value=24.0000)
[DEBUG d>=2] k=5 (idx=5 in order) at (1, 14) — 3 candidates, lookahead=1
    right(agent5)                                       value=23.0000
  * wait(agent5)                                        value=24.0000
    up(agent5)                                          value=23.0000
        chosen: wait(agent5)  (best_value=24.0000)
[DEBUG d>=2] k=8 (idx=6 in order) at (5, 7) — 2 candidates, lookahead=1
    left(agent8)                                        value=14.0000
  * wait(agent8)                                        value=15.0000
        chosen: wait(agent8)  (best_value=15.0000)
[DEBUG d>=2] k=7 (idx=7 in order) at (5, 8) — 4 candidates, lookahead=1
    left(agent7)                                        value=17.0000
    wait(agent7)                                        value=18.0000
  * up(agent7)                                          value=19.0000
    down(agent7)                                        value=19.0000
        chosen: up(agent7)  (best_value=19.0000)
[DEBUG d>=2] k=1 (idx=8 in order) at (4, 14) — 4 candidates, lookahead=1
    left(agent1)                                        value=22.0000
    right(agent1)                                       value=22.0000
  * wait(agent1)                                        value=23.0000
    up(agent1)                                          value=22.0000
        chosen: wait(agent1)  (best_value=23.0000)
[DEBUG d>=2] k=6 (idx=1 in order) at (14, 13) — 2 candidates, lookahead=1
    left(agent6)                                        value=23.0000
  * wait(agent6)                                        value=24.0000
        chosen: wait(agent6)  (best_value=24.0000)
[DEBUG d>=2] k=2 (idx=2 in order) at (14, 4) — 4 candidates, lookahead=1
    left(agent2)                                        value=26.0000
  * wait(agent2)                                        value=27.0000
    up(agent2)                                          value=26.0000
    down(agent2)                                        value=26.0000
        chosen: wait(agent2)  (best_value=27.0000)
[DEBUG d>=2] k=4 (idx=3 in order) at (14, 14) — 3 candidates, lookahead=1
    left(agent4)                                        value=24.0000
  * wait(agent4)                                        value=25.0000
    up(agent4)                                          value=24.0000
        chosen: wait(agent4)  (best_value=25.0000)
[DEBUG d>=2] k=3 (idx=4 in order) at (14, 12) — 4 candidates, lookahead=1
    left(agent3)                                        value=22.0000
    wait(agent3)                                        value=23.0000
    up(agent3)                                          value=22.0000
  * down(agent3)                                        value=24.0000
        chosen: down(agent3)  (best_value=24.0000)
[DEBUG d>=2] k=5 (idx=5 in order) at (1, 14) — 3 candidates, lookahead=1
    right(agent5)                                       value=23.0000
  * wait(agent5)                                        value=24.0000
    up(agent5)                                          value=23.0000
        chosen: wait(agent5)  (best_value=24.0000)
[DEBUG d>=2] k=8 (idx=6 in order) at (5, 7) — 2 candidates, lookahead=1
    left(agent8)                                        value=14.0000
  * wait(agent8)                                        value=15.0000
        chosen: wait(agent8)  (best_value=15.0000)
[DEBUG d>=2] k=7 (idx=7 in order) at (5, 8) — 4 candidates, lookahead=1
    left(agent7)                                        value=17.0000
    wait(agent7)                                        value=18.0000
  * up(agent7)                                          value=19.0000
    down(agent7)                                        value=19.0000
        chosen: up(agent7)  (best_value=19.0000)
[DEBUG d>=2] k=2 (idx=3 in order) at (12, 12) — 5 candidates, lookahead=1
    left(agent2)                                        value=28.0000
    right(agent2)                                       value=30.0000
    wait(agent2)                                        value=30.0000
  * up(agent2)                                          value=31.0000
    down(agent2)                                        value=28.0000
        chosen: up(agent2)  (best_value=31.0000)
[DEBUG d>=2] k=1 (idx=8 in order) at (4, 14) — 4 candidates, lookahead=1
    left(agent1)                                        value=22.0000
    right(agent1)                                       value=22.0000
  * wait(agent1)                                        value=23.0000
    up(agent1)                                          value=22.0000
        chosen: wait(agent1)  (best_value=23.0000)
Finished map yes_line_9 → wrote yes_line_9.csv
[DEBUG d>=2] k=3 (idx=4 in order) at (10, 11) — 5 candidates, lookahead=1
    left(agent3)                                        value=28.0000
  * right(agent3)                                       value=30.0000
    wait(agent3)                                        value=29.0000
    up(agent3)                                          value=29.0000
    down(agent3)                                        value=28.0000
        chosen: right(agent3)  (best_value=30.0000)
[DEBUG d>=2] k=1 (idx=5 in order) at (14, 13) — 4 candidates, lookahead=1
    left(agent1)                                        value=29.0000
  * wait(agent1)                                        value=31.0000
    up(agent1)                                          value=31.0000
    down(agent1)                                        value=29.0000
        chosen: wait(agent1)  (best_value=31.0000)
[DEBUG d>=2] k=8 (idx=6 in order) at (2, 10) — 3 candidates, lookahead=1
    right(agent8)                                       value=34.0000
  * wait(agent8)                                        value=35.0000
    up(agent8)                                          value=34.0000
        chosen: wait(agent8)  (best_value=35.0000)
[DEBUG d>=2] k=5 (idx=7 in order) at (5, 8) — 4 candidates, lookahead=1
  * left(agent5)                                        value=34.0000
    right(agent5)                                       value=31.0000
    wait(agent5)                                        value=33.0000
    up(agent5)                                          value=34.0000
        chosen: left(agent5)  (best_value=34.0000)
[DEBUG d>=2] k=6 (idx=8 in order) at (5, 9) — 5 candidates, lookahead=1
  * left(agent6)                                        value=32.0000
    right(agent6)                                       value=31.0000
    wait(agent6)                                        value=31.0000
    up(agent6)                                          value=32.0000
    down(agent6)                                        value=30.0000
        chosen: left(agent6)  (best_value=32.0000)
[DEBUG d>=2] k=7 (idx=1 in order) at (3, 9) — 4 candidates, lookahead=1
    left(agent7)                                        value=34.0000
    wait(agent7)                                        value=33.0000
    up(agent7)                                          value=34.0000
  * down(agent7)                                        value=35.0000
        chosen: down(agent7)  (best_value=35.0000)
[DEBUG d>=2] k=4 (idx=2 in order) at (9, 8) — 5 candidates, lookahead=1
    left(agent4)                                        value=30.0000
  * right(agent4)                                       value=32.0000
    wait(agent4)                                        value=31.0000
    up(agent4)                                          value=32.0000
    down(agent4)                                        value=30.0000
        chosen: right(agent4)  (best_value=32.0000)
[DEBUG d>=2] k=2 (idx=3 in order) at (12, 11) — 4 candidates, lookahead=1
  * right(agent2)                                       value=32.0000
    wait(agent2)                                        value=31.0000
    up(agent2)                                          value=32.0000
    down(agent2)                                        value=30.0000
        chosen: right(agent2)  (best_value=32.0000)
[DEBUG d>=2] k=3 (idx=4 in order) at (11, 11) — 5 candidates, lookahead=1
    left(agent3)                                        value=29.0000
  * right(agent3)                                       value=31.0000
    wait(agent3)                                        value=30.0000
    up(agent3)                                          value=31.0000
    down(agent3)                                        value=29.0000
        chosen: right(agent3)  (best_value=31.0000)
[DEBUG d>=2] k=1 (idx=5 in order) at (14, 13) — 4 candidates, lookahead=1
    left(agent1)                                        value=30.0000
    wait(agent1)                                        value=31.0000
  * up(agent1)                                          value=32.0000
    down(agent1)                                        value=30.0000
        chosen: up(agent1)  (best_value=32.0000)
[DEBUG d>=2] k=8 (idx=6 in order) at (2, 10) — 2 candidates, lookahead=1
  * wait(agent8)                                        value=35.0000
    up(agent8)                                          value=34.0000
        chosen: wait(agent8)  (best_value=35.0000)
[DEBUG d>=2] k=5 (idx=7 in order) at (4, 8) — 4 candidates, lookahead=1
  * left(agent5)                                        value=35.0000
    right(agent5)                                       value=33.0000
    wait(agent5)                                        value=34.0000
    up(agent5)                                          value=35.0000
        chosen: left(agent5)  (best_value=35.0000)
[DEBUG d>=2] k=6 (idx=8 in order) at (4, 9) — 5 candidates, lookahead=1
  * left(agent6)                                        value=34.0000
    right(agent6)                                       value=32.0000
    wait(agent6)                                        value=33.0000
    up(agent6)                                          value=34.0000
    down(agent6)                                        value=32.0000
        chosen: left(agent6)  (best_value=34.0000)
[DEBUG d>=2] k=7 (idx=1 in order) at (3, 10) — 2 candidates, lookahead=1
    right(agent7)                                       value=30.0000
  * wait(agent7)                                        value=31.0000
        chosen: wait(agent7)  (best_value=31.0000)
[DEBUG d>=2] k=4 (idx=2 in order) at (10, 8) — 5 candidates, lookahead=1
    left(agent4)                                        value=32.0000
  * right(agent4)                                       value=34.0000
    wait(agent4)                                        value=33.0000
    up(agent4)                                          value=34.0000
    down(agent4)                                        value=32.0000
        chosen: right(agent4)  (best_value=34.0000)
[DEBUG d>=2] k=2 (idx=3 in order) at (13, 11) — 4 candidates, lookahead=1
  * right(agent2)                                       value=34.0000
    wait(agent2)                                        value=33.0000
    up(agent2)                                          value=34.0000
    down(agent2)                                        value=32.0000
        chosen: right(agent2)  (best_value=34.0000)
[DEBUG d>=2] k=3 (idx=4 in order) at (12, 11) — 5 candidates, lookahead=1
    left(agent3)                                        value=31.0000
  * right(agent3)                                       value=33.0000
    wait(agent3)                                        value=32.0000
    up(agent3)                                          value=33.0000
    down(agent3)                                        value=31.0000
        chosen: right(agent3)  (best_value=33.0000)
[DEBUG d>=2] k=1 (idx=5 in order) at (14, 12) — 3 candidates, lookahead=1
    wait(agent1)                                        value=33.0000
  * up(agent1)                                          value=34.0000
    down(agent1)                                        value=32.0000
        chosen: up(agent1)  (best_value=34.0000)
[DEBUG d>=2] k=8 (idx=6 in order) at (2, 10) — 3 candidates, lookahead=1
    right(agent8)                                       value=40.0000
  * wait(agent8)                                        value=41.0000
    up(agent8)                                          value=40.0000
        chosen: wait(agent8)  (best_value=41.0000)
[DEBUG d>=2] k=5 (idx=7 in order) at (3, 8) — 4 candidates, lookahead=1
  * left(agent5)                                        value=36.0000
    right(agent5)                                       value=34.0000
    wait(agent5)                                        value=35.0000
    up(agent5)                                          value=36.0000
        chosen: left(agent5)  (best_value=36.0000)
[DEBUG d>=2] k=6 (idx=8 in order) at (3, 9) — 4 candidates, lookahead=1
    right(agent6)                                       value=33.0000
    wait(agent6)                                        value=34.0000
  * up(agent6)                                          value=35.0000
    down(agent6)                                        value=35.0000
        chosen: up(agent6)  (best_value=35.0000)
[DEBUG d>=2] k=7 (idx=1 in order) at (3, 10) — 3 candidates, lookahead=1
    right(agent7)                                       value=30.0000
    wait(agent7)                                        value=31.0000
  * up(agent7)                                          value=33.0000
        chosen: up(agent7)  (best_value=33.0000)
[DEBUG d>=2] k=4 (idx=2 in order) at (11, 8) — 5 candidates, lookahead=1
    left(agent4)                                        value=32.0000
  * right(agent4)                                       value=34.0000
    wait(agent4)                                        value=33.0000
    up(agent4)                                          value=34.0000
    down(agent4)                                        value=32.0000
        chosen: right(agent4)  (best_value=34.0000)
[DEBUG d>=2] k=2 (idx=3 in order) at (14, 11) — 2 candidates, lookahead=1
    wait(agent2)                                        value=33.0000
  * up(agent2)                                          value=34.0000
        chosen: up(agent2)  (best_value=34.0000)
[DEBUG d>=2] k=3 (idx=4 in order) at (13, 11) — 5 candidates, lookahead=1
    left(agent3)                                        value=31.0000
  * right(agent3)                                       value=33.0000
    wait(agent3)                                        value=32.0000
    up(agent3)                                          value=33.0000
    down(agent3)                                        value=31.0000
        chosen: right(agent3)  (best_value=33.0000)
[DEBUG d>=2] k=1 (idx=5 in order) at (14, 12) — 3 candidates, lookahead=1
    wait(agent1)                                        value=32.0000
  * up(agent1)                                          value=33.0000
    down(agent1)                                        value=31.0000
        chosen: up(agent1)  (best_value=33.0000)
[DEBUG d>=2] k=8 (idx=6 in order) at (2, 10) — 3 candidates, lookahead=1
  * right(agent8)                                       value=Inf
    wait(agent8)                                        value=36.0000
    up(agent8)                                          value=37.0000
        chosen: right(agent8)  (best_value=Inf)
[DEBUG d>=2] k=5 (idx=7 in order) at (2, 8) — 3 candidates, lookahead=1
    wait(agent5)                                        value=36.0000
  * up(agent5)                                          value=37.0000
    down(agent5)                                        value=36.0000
        chosen: up(agent5)  (best_value=37.0000)
[DEBUG d>=2] k=6 (idx=8 in order) at (3, 8) — 5 candidates, lookahead=1
  * left(agent6)                                        value=36.0000
    right(agent6)                                       value=34.0000
    wait(agent6)                                        value=35.0000
    up(agent6)                                          value=36.0000
    down(agent6)                                        value=34.0000
        chosen: left(agent6)  (best_value=36.0000)
[DEBUG d>=2] k=7 (idx=1 in order) at (3, 9) — 4 candidates, lookahead=1
    left(agent7)                                        value=34.0000
    right(agent7)                                       value=32.0000
    wait(agent7)                                        value=33.0000
  * up(agent7)                                          value=35.0000
        chosen: up(agent7)  (best_value=35.0000)
[DEBUG d>=2] k=4 (idx=2 in order) at (12, 8) — 5 candidates, lookahead=1
    left(agent4)                                        value=35.0000
  * right(agent4)                                       value=37.0000
    wait(agent4)                                        value=36.0000
    up(agent4)                                          value=37.0000
    down(agent4)                                        value=35.0000
        chosen: right(agent4)  (best_value=37.0000)
[DEBUG d>=2] k=2 (idx=3 in order) at (14, 10) — 3 candidates, lookahead=1
    left(agent2)                                        value=35.0000
    wait(agent2)                                        value=36.0000
  * up(agent2)                                          value=37.0000
        chosen: up(agent2)  (best_value=37.0000)
[DEBUG d>=2] k=3 (idx=4 in order) at (14, 11) — 3 candidates, lookahead=1
    left(agent3)                                        value=34.0000
    wait(agent3)                                        value=35.0000
  * up(agent3)                                          value=36.0000
        chosen: up(agent3)  (best_value=36.0000)
[DEBUG d>=2] k=1 (idx=5 in order) at (14, 12) — 4 candidates, lookahead=1
    left(agent1)                                        value=33.0000
    wait(agent1)                                        value=34.0000
  * up(agent1)                                          value=35.0000
    down(agent1)                                        value=33.0000
        chosen: up(agent1)  (best_value=35.0000)
[DEBUG d>=2] k=8 (idx=6 in order) at (3, 10) — 4 candidates, lookahead=1
  * left(agent8)                                        value=32.0000
    right(agent8)                                       value=30.0000
    wait(agent8)                                        value=31.0000
    up(agent8)                                          value=32.0000
        chosen: left(agent8)  (best_value=32.0000)
[DEBUG d>=2] k=5 (idx=7 in order) at (2, 7) — 3 candidates, lookahead=1
    right(agent5)                                       value=37.0000
    wait(agent5)                                        value=38.0000
  * up(agent5)                                          value=39.0000
        chosen: up(agent5)  (best_value=39.0000)
[DEBUG d>=2] k=6 (idx=8 in order) at (2, 8) — 4 candidates, lookahead=1
    right(agent6)                                       value=35.0000
    wait(agent6)                                        value=36.0000
  * up(agent6)                                          value=37.0000
    down(agent6)                                        value=37.0000
        chosen: up(agent6)  (best_value=37.0000)
[DEBUG d>=2] k=7 (idx=1 in order) at (3, 8) — 5 candidates, lookahead=1
  * left(agent7)                                        value=35.0000
    right(agent7)                                       value=33.0000
    wait(agent7)                                        value=34.0000
    up(agent7)                                          value=35.0000
    down(agent7)                                        value=33.0000
        chosen: left(agent7)  (best_value=35.0000)
[DEBUG d>=2] k=4 (idx=2 in order) at (13, 8) — 5 candidates, lookahead=1
    left(agent4)                                        value=33.0000
  * right(agent4)                                       value=36.0000
    wait(agent4)                                        value=34.0000
    up(agent4)                                          value=35.0000
    down(agent4)                                        value=33.0000
        chosen: right(agent4)  (best_value=36.0000)
[DEBUG d>=2] k=2 (idx=3 in order) at (14, 9) — 2 candidates, lookahead=1
    wait(agent2)                                        value=34.0000
  * up(agent2)                                          value=35.0000
        chosen: up(agent2)  (best_value=35.0000)
[DEBUG d>=2] k=3 (idx=4 in order) at (14, 10) — 3 candidates, lookahead=1
    left(agent3)                                        value=33.0000
    wait(agent3)                                        value=33.0000
  * up(agent3)                                          value=35.0000
        chosen: up(agent3)  (best_value=35.0000)
[DEBUG d>=2] k=1 (idx=5 in order) at (14, 11) — 4 candidates, lookahead=1
    left(agent1)                                        value=31.0000
    wait(agent1)                                        value=32.0000
  * up(agent1)                                          value=33.0000
    down(agent1)                                        value=32.0000
        chosen: up(agent1)  (best_value=33.0000)
[DEBUG d>=2] k=8 (idx=6 in order) at (2, 10) — 3 candidates, lookahead=1
    right(agent8)                                       value=31.0000
    wait(agent8)                                        value=32.0000
  * up(agent8)                                          value=33.0000
        chosen: up(agent8)  (best_value=33.0000)
[DEBUG d>=2] k=5 (idx=7 in order) at (2, 6) — 3 candidates, lookahead=1
    right(agent5)                                       value=36.0000
    wait(agent5)                                        value=37.0000
  * up(agent5)                                          value=38.0000
        chosen: up(agent5)  (best_value=38.0000)
[DEBUG d>=2] k=6 (idx=8 in order) at (2, 7) — 4 candidates, lookahead=1
    right(agent6)                                       value=36.0000
    wait(agent6)                                        value=36.0000
  * up(agent6)                                          value=37.0000
    down(agent6)                                        value=35.0000
        chosen: up(agent6)  (best_value=37.0000)
[DEBUG d>=2] k=7 (idx=1 in order) at (2, 8) — 3 candidates, lookahead=1
    right(agent7)                                       value=34.0000
    wait(agent7)                                        value=34.0000
  * up(agent7)                                          value=35.0000
        chosen: up(agent7)  (best_value=35.0000)
[DEBUG d>=2] k=4 (idx=2 in order) at (14, 8) — 3 candidates, lookahead=1
    left(agent4)                                        value=33.0000
    wait(agent4)                                        value=34.0000
  * up(agent4)                                          value=35.0000
        chosen: up(agent4)  (best_value=35.0000)
[DEBUG d>=2] k=2 (idx=3 in order) at (14, 9) — 3 candidates, lookahead=1
    left(agent2)                                        value=33.0000
    wait(agent2)                                        value=34.0000
  * up(agent2)                                          value=35.0000
        chosen: up(agent2)  (best_value=35.0000)
[DEBUG d>=2] k=3 (idx=4 in order) at (14, 10) — 3 candidates, lookahead=1
    left(agent3)                                        value=31.0000
    wait(agent3)                                        value=32.0000
  * up(agent3)                                          value=34.0000
        chosen: up(agent3)  (best_value=34.0000)
[DEBUG d>=2] k=1 (idx=5 in order) at (14, 11) — 4 candidates, lookahead=1
    left(agent1)                                        value=31.0000
  * wait(agent1)                                        value=32.0000
    up(agent1)                                          value=32.0000
    down(agent1)                                        value=31.0000
        chosen: wait(agent1)  (best_value=32.0000)
[DEBUG d>=2] k=8 (idx=6 in order) at (2, 9) — 4 candidates, lookahead=1
    right(agent8)                                       value=32.0000
    wait(agent8)                                        value=33.0000
  * up(agent8)                                          value=34.0000
    down(agent8)                                        value=32.0000
        chosen: up(agent8)  (best_value=34.0000)
[DEBUG d>=2] k=5 (idx=7 in order) at (2, 5) — 3 candidates, lookahead=1
    right(agent5)                                       value=37.0000
  * wait(agent5)                                        value=38.0000
    up(agent5)                                          value=38.0000
        chosen: wait(agent5)  (best_value=38.0000)
[DEBUG d>=2] k=6 (idx=8 in order) at (2, 6) — 4 candidates, lookahead=1
    right(agent6)                                       value=35.0000
    wait(agent6)                                        value=37.0000
  * up(agent6)                                          value=38.0000
    down(agent6)                                        value=35.0000
        chosen: up(agent6)  (best_value=38.0000)
[DEBUG d>=2] k=7 (idx=1 in order) at (2, 7) — 2 candidates, lookahead=1
    right(agent7)                                       value=34.0000
  * wait(agent7)                                        value=35.0000
        chosen: wait(agent7)  (best_value=35.0000)
[DEBUG d>=2] k=4 (idx=2 in order) at (14, 7) — 3 candidates, lookahead=1
    left(agent4)                                        value=34.0000
    wait(agent4)                                        value=35.0000
  * up(agent4)                                          value=36.0000
        chosen: up(agent4)  (best_value=36.0000)
[DEBUG d>=2] k=2 (idx=3 in order) at (14, 8) — 3 candidates, lookahead=1
    left(agent2)                                        value=33.0000
    wait(agent2)                                        value=34.0000
  * up(agent2)                                          value=35.0000
        chosen: up(agent2)  (best_value=35.0000)
[DEBUG d>=2] k=3 (idx=4 in order) at (14, 9) — 4 candidates, lookahead=1
    left(agent3)                                        value=32.0000
    wait(agent3)                                        value=33.0000
  * up(agent3)                                          value=34.0000
    down(agent3)                                        value=32.0000
        chosen: up(agent3)  (best_value=34.0000)
[DEBUG d>=2] k=1 (idx=5 in order) at (14, 11) — 4 candidates, lookahead=1
    left(agent1)                                        value=30.0000
  * wait(agent1)                                        value=31.0000
    up(agent1)                                          value=31.0000
    down(agent1)                                        value=30.0000
        chosen: wait(agent1)  (best_value=31.0000)
[DEBUG d>=2] k=8 (idx=6 in order) at (2, 8) — 4 candidates, lookahead=1
    right(agent8)                                       value=33.0000
    wait(agent8)                                        value=34.0000
  * up(agent8)                                          value=35.0000
    down(agent8)                                        value=33.0000
        chosen: up(agent8)  (best_value=35.0000)
[DEBUG d>=2] k=5 (idx=7 in order) at (2, 5) — 3 candidates, lookahead=1
    right(agent5)                                       value=36.0000
    wait(agent5)                                        value=37.0000
  * up(agent5)                                          value=38.0000
        chosen: up(agent5)  (best_value=38.0000)
[DEBUG d>=2] k=6 (idx=8 in order) at (2, 6) — 4 candidates, lookahead=1
    right(agent6)                                       value=35.0000
    wait(agent6)                                        value=36.0000
  * up(agent6)                                          value=37.0000
    down(agent6)                                        value=35.0000
        chosen: up(agent6)  (best_value=37.0000)
[DEBUG d>=2] k=7 (idx=1 in order) at (2, 7) — 3 candidates, lookahead=1
    right(agent7)                                       value=34.0000
    wait(agent7)                                        value=35.0000
  * up(agent7)                                          value=36.0000
        chosen: up(agent7)  (best_value=36.0000)
[DEBUG d>=2] k=4 (idx=2 in order) at (14, 6) — 3 candidates, lookahead=1
    left(agent4)                                        value=35.0000
    wait(agent4)                                        value=36.0000
  * up(agent4)                                          value=37.0000
        chosen: up(agent4)  (best_value=37.0000)
[DEBUG d>=2] k=2 (idx=3 in order) at (14, 7) — 3 candidates, lookahead=1
    left(agent2)                                        value=34.0000
    wait(agent2)                                        value=35.0000
  * up(agent2)                                          value=36.0000
        chosen: up(agent2)  (best_value=36.0000)
[DEBUG d>=2] k=3 (idx=4 in order) at (14, 8) — 4 candidates, lookahead=1
    left(agent3)                                        value=33.0000
    wait(agent3)                                        value=34.0000
  * up(agent3)                                          value=35.0000
    down(agent3)                                        value=33.0000
        chosen: up(agent3)  (best_value=35.0000)
[DEBUG d>=2] k=1 (idx=5 in order) at (14, 11) — 4 candidates, lookahead=1
    left(agent1)                                        value=30.0000
    wait(agent1)                                        value=31.0000
  * up(agent1)                                          value=32.0000
    down(agent1)                                        value=30.0000
        chosen: up(agent1)  (best_value=32.0000)
[DEBUG d>=2] k=8 (idx=6 in order) at (2, 8) — 4 candidates, lookahead=1
    right(agent8)                                       value=33.0000
    wait(agent8)                                        value=34.0000
  * up(agent8)                                          value=35.0000
    down(agent8)                                        value=33.0000
        chosen: up(agent8)  (best_value=35.0000)
[DEBUG d>=2] k=5 (idx=7 in order) at (2, 4) — 4 candidates, lookahead=1
  * left(agent5)                                        value=39.0000
    right(agent5)                                       value=37.0000
    wait(agent5)                                        value=38.0000
    up(agent5)                                          value=39.0000
        chosen: left(agent5)  (best_value=39.0000)
[DEBUG d>=2] k=6 (idx=8 in order) at (2, 5) — 4 candidates, lookahead=1
    right(agent6)                                       value=36.0000
    wait(agent6)                                        value=37.0000
  * up(agent6)                                          value=38.0000
    down(agent6)                                        value=36.0000
        chosen: up(agent6)  (best_value=38.0000)
[DEBUG d>=2] k=7 (idx=1 in order) at (2, 6) — 3 candidates, lookahead=1
    right(agent7)                                       value=35.0000
    wait(agent7)                                        value=36.0000
  * up(agent7)                                          value=37.0000
        chosen: up(agent7)  (best_value=37.0000)
[DEBUG d>=2] k=4 (idx=2 in order) at (14, 5) — 3 candidates, lookahead=1
    left(agent4)                                        value=36.0000
    wait(agent4)                                        value=37.0000
  * up(agent4)                                          value=38.0000
        chosen: up(agent4)  (best_value=38.0000)
[DEBUG d>=2] k=2 (idx=3 in order) at (14, 6) — 3 candidates, lookahead=1
    left(agent2)                                        value=35.0000
    wait(agent2)                                        value=36.0000
  * up(agent2)                                          value=37.0000
        chosen: up(agent2)  (best_value=37.0000)
[DEBUG d>=2] k=3 (idx=4 in order) at (14, 7) — 4 candidates, lookahead=1
    left(agent3)                                        value=34.0000
    wait(agent3)                                        value=35.0000
  * up(agent3)                                          value=36.0000
    down(agent3)                                        value=34.0000
        chosen: up(agent3)  (best_value=36.0000)
[DEBUG d>=2] k=1 (idx=5 in order) at (14, 10) — 4 candidates, lookahead=1
    left(agent1)                                        value=31.0000
    wait(agent1)                                        value=32.0000
  * up(agent1)                                          value=33.0000
    down(agent1)                                        value=31.0000
        chosen: up(agent1)  (best_value=33.0000)
[DEBUG d>=2] k=8 (idx=6 in order) at (2, 7) — 4 candidates, lookahead=1
    right(agent8)                                       value=34.0000
    wait(agent8)                                        value=35.0000
  * up(agent8)                                          value=36.0000
    down(agent8)                                        value=34.0000
        chosen: up(agent8)  (best_value=36.0000)
[DEBUG d>=2] k=5 (idx=7 in order) at (1, 4) — 2 candidates, lookahead=1
    wait(agent5)                                        value=39.0000
  * up(agent5)                                          value=40.0000
        chosen: up(agent5)  (best_value=40.0000)
[DEBUG d>=2] k=6 (idx=8 in order) at (2, 4) — 5 candidates, lookahead=1
  * left(agent6)                                        value=39.0000
    right(agent6)                                       value=37.0000
    wait(agent6)                                        value=38.0000
    up(agent6)                                          value=39.0000
    down(agent6)                                        value=37.0000
        chosen: left(agent6)  (best_value=39.0000)
[DEBUG d>=2] k=7 (idx=1 in order) at (2, 5) — 3 candidates, lookahead=1
    right(agent7)                                       value=36.0000
    wait(agent7)                                        value=37.0000
  * up(agent7)                                          value=38.0000
        chosen: up(agent7)  (best_value=38.0000)
[DEBUG d>=2] k=4 (idx=2 in order) at (14, 4) — 3 candidates, lookahead=1
    left(agent4)                                        value=37.0000
    wait(agent4)                                        value=38.0000
  * up(agent4)                                          value=39.0000
        chosen: up(agent4)  (best_value=39.0000)
[DEBUG d>=2] k=2 (idx=3 in order) at (14, 5) — 3 candidates, lookahead=1
    left(agent2)                                        value=36.0000
    wait(agent2)                                        value=37.0000
  * up(agent2)                                          value=38.0000
        chosen: up(agent2)  (best_value=38.0000)
[DEBUG d>=2] k=3 (idx=4 in order) at (14, 6) — 4 candidates, lookahead=1
    left(agent3)                                        value=35.0000
    wait(agent3)                                        value=36.0000
  * up(agent3)                                          value=37.0000
    down(agent3)                                        value=35.0000
        chosen: up(agent3)  (best_value=37.0000)
[DEBUG d>=2] k=1 (idx=5 in order) at (14, 9) — 4 candidates, lookahead=1
    left(agent1)                                        value=32.0000
    wait(agent1)                                        value=33.0000
  * up(agent1)                                          value=34.0000
    down(agent1)                                        value=32.0000
        chosen: up(agent1)  (best_value=34.0000)
[DEBUG d>=2] k=8 (idx=6 in order) at (2, 6) — 4 candidates, lookahead=1
    right(agent8)                                       value=35.0000
    wait(agent8)                                        value=36.0000
  * up(agent8)                                          value=37.0000
    down(agent8)                                        value=35.0000
        chosen: up(agent8)  (best_value=37.0000)
[DEBUG d>=2] k=5 (idx=7 in order) at (1, 3) — 3 candidates, lookahead=1
    right(agent5)                                       value=39.0000
    wait(agent5)                                        value=40.0000
  * up(agent5)                                          value=41.0000
        chosen: up(agent5)  (best_value=41.0000)
[DEBUG d>=2] k=6 (idx=8 in order) at (1, 4) — 3 candidates, lookahead=1
    right(agent6)                                       value=38.0000
    wait(agent6)                                        value=39.0000
  * up(agent6)                                          value=40.0000
        chosen: up(agent6)  (best_value=40.0000)
[DEBUG d>=2] k=7 (idx=1 in order) at (2, 4) — 4 candidates, lookahead=1
  * left(agent7)                                        value=39.0000
    right(agent7)                                       value=37.0000
    wait(agent7)                                        value=38.0000
    up(agent7)                                          value=39.0000
        chosen: left(agent7)  (best_value=39.0000)
[DEBUG d>=2] k=4 (idx=2 in order) at (14, 3) — 3 candidates, lookahead=1
    left(agent4)                                        value=38.0000
    wait(agent4)                                        value=39.0000
  * up(agent4)                                          value=40.0000
        chosen: up(agent4)  (best_value=40.0000)
[DEBUG d>=2] k=2 (idx=3 in order) at (14, 4) — 3 candidates, lookahead=1
    left(agent2)                                        value=37.0000
    wait(agent2)                                        value=38.0000
  * up(agent2)                                          value=39.0000
        chosen: up(agent2)  (best_value=39.0000)
[DEBUG d>=2] k=3 (idx=4 in order) at (14, 5) — 4 candidates, lookahead=1
    left(agent3)                                        value=36.0000
    wait(agent3)                                        value=37.0000
  * up(agent3)                                          value=38.0000
    down(agent3)                                        value=36.0000
        chosen: up(agent3)  (best_value=38.0000)
[DEBUG d>=2] k=1 (idx=5 in order) at (14, 8) — 4 candidates, lookahead=1
    left(agent1)                                        value=33.0000
    wait(agent1)                                        value=34.0000
  * up(agent1)                                          value=35.0000
    down(agent1)                                        value=33.0000
        chosen: up(agent1)  (best_value=35.0000)
[DEBUG d>=2] k=8 (idx=6 in order) at (2, 5) — 4 candidates, lookahead=1
    right(agent8)                                       value=36.0000
    wait(agent8)                                        value=37.0000
  * up(agent8)                                          value=38.0000
    down(agent8)                                        value=36.0000
        chosen: up(agent8)  (best_value=38.0000)
[DEBUG d>=2] k=5 (idx=7 in order) at (1, 2) — 3 candidates, lookahead=1
    right(agent5)                                       value=40.0000
    wait(agent5)                                        value=41.0000
  * up(agent5)                                          value=42.0000
        chosen: up(agent5)  (best_value=42.0000)
[DEBUG d>=2] k=6 (idx=8 in order) at (1, 3) — 4 candidates, lookahead=1
    right(agent6)                                       value=39.0000
    wait(agent6)                                        value=40.0000
  * up(agent6)                                          value=41.0000
    down(agent6)                                        value=39.0000
        chosen: up(agent6)  (best_value=41.0000)
[DEBUG d>=2] k=7 (idx=1 in order) at (1, 4) — 2 candidates, lookahead=1
    wait(agent7)                                        value=39.0000
  * up(agent7)                                          value=40.0000
        chosen: up(agent7)  (best_value=40.0000)
[DEBUG d>=2] k=4 (idx=2 in order) at (14, 2) — 3 candidates, lookahead=1
    left(agent4)                                        value=39.0000
    wait(agent4)                                        value=40.0000
  * up(agent4)                                          value=41.0000
        chosen: up(agent4)  (best_value=41.0000)
[DEBUG d>=2] k=2 (idx=3 in order) at (14, 3) — 3 candidates, lookahead=1
    left(agent2)                                        value=38.0000
    wait(agent2)                                        value=39.0000
  * up(agent2)                                          value=40.0000
        chosen: up(agent2)  (best_value=40.0000)
[DEBUG d>=2] k=3 (idx=4 in order) at (14, 4) — 4 candidates, lookahead=1
    left(agent3)                                        value=37.0000
    wait(agent3)                                        value=38.0000
  * up(agent3)                                          value=39.0000
    down(agent3)                                        value=37.0000
        chosen: up(agent3)  (best_value=39.0000)
[DEBUG d>=2] k=1 (idx=5 in order) at (14, 7) — 4 candidates, lookahead=1
    left(agent1)                                        value=34.0000
    wait(agent1)                                        value=35.0000
  * up(agent1)                                          value=36.0000
    down(agent1)                                        value=34.0000
        chosen: up(agent1)  (best_value=36.0000)
[DEBUG d>=2] k=8 (idx=6 in order) at (2, 4) — 5 candidates, lookahead=1
  * left(agent8)                                        value=39.0000
    right(agent8)                                       value=37.0000
    wait(agent8)                                        value=38.0000
    up(agent8)                                          value=39.0000
    down(agent8)                                        value=37.0000
        chosen: left(agent8)  (best_value=39.0000)
[DEBUG d>=2] k=5 (idx=7 in order) at (1, 1) — 2 candidates, lookahead=1
    right(agent5)                                       value=41.0000
  * wait(agent5)                                        value=42.0000
        chosen: wait(agent5)  (best_value=42.0000)
[DEBUG d>=2] k=6 (idx=8 in order) at (1, 2) — 3 candidates, lookahead=1
    right(agent6)                                       value=40.0000
    wait(agent6)                                        value=41.0000
  * up(agent6)                                          value=42.0000
        chosen: up(agent6)  (best_value=42.0000)
[DEBUG d>=2] k=7 (idx=1 in order) at (1, 3) — 2 candidates, lookahead=1
    right(agent7)                                       value=39.0000
  * wait(agent7)                                        value=40.0000
        chosen: wait(agent7)  (best_value=40.0000)
[DEBUG d>=2] k=4 (idx=2 in order) at (14, 1) — 2 candidates, lookahead=1
    left(agent4)                                        value=40.0000
  * wait(agent4)                                        value=41.0000
        chosen: wait(agent4)  (best_value=41.0000)
[DEBUG d>=2] k=2 (idx=3 in order) at (14, 2) — 3 candidates, lookahead=1
    left(agent2)                                        value=39.0000
    wait(agent2)                                        value=40.0000
  * up(agent2)                                          value=41.0000
        chosen: up(agent2)  (best_value=41.0000)
[DEBUG d>=2] k=3 (idx=4 in order) at (14, 3) — 4 candidates, lookahead=1
    left(agent3)                                        value=38.0000
    wait(agent3)                                        value=39.0000
  * up(agent3)                                          value=40.0000
    down(agent3)                                        value=38.0000
        chosen: up(agent3)  (best_value=40.0000)
[DEBUG d>=2] k=1 (idx=5 in order) at (14, 6) — 4 candidates, lookahead=1
    left(agent1)                                        value=35.0000
    wait(agent1)                                        value=36.0000
  * up(agent1)                                          value=37.0000
    down(agent1)                                        value=35.0000
        chosen: up(agent1)  (best_value=37.0000)
[DEBUG d>=2] k=8 (idx=6 in order) at (1, 4) — 3 candidates, lookahead=1
    right(agent8)                                       value=38.0000
    wait(agent8)                                        value=39.0000
  * up(agent8)                                          value=40.0000
        chosen: up(agent8)  (best_value=40.0000)
[DEBUG d>=2] k=5 (idx=7 in order) at (1, 1) — 2 candidates, lookahead=1
    right(agent5)                                       value=41.0000
  * wait(agent5)                                        value=42.0000
        chosen: wait(agent5)  (best_value=42.0000)
[DEBUG d>=2] k=6 (idx=8 in order) at (1, 2) — 4 candidates, lookahead=1
    right(agent6)                                       value=40.0000
    wait(agent6)                                        value=41.0000
  * up(agent6)                                          value=42.0000
    down(agent6)                                        value=42.0000
        chosen: up(agent6)  (best_value=42.0000)
[DEBUG d>=2] k=7 (idx=1 in order) at (1, 3) — 2 candidates, lookahead=1
    right(agent7)                                       value=39.0000
  * wait(agent7)                                        value=40.0000
        chosen: wait(agent7)  (best_value=40.0000)
[DEBUG d>=2] k=4 (idx=2 in order) at (14, 1) — 2 candidates, lookahead=1
    left(agent4)                                        value=40.0000
  * wait(agent4)                                        value=41.0000
        chosen: wait(agent4)  (best_value=41.0000)
[DEBUG d>=2] k=2 (idx=3 in order) at (14, 2) — 3 candidates, lookahead=1
    left(agent2)                                        value=39.0000
    wait(agent2)                                        value=40.0000
  * up(agent2)                                          value=41.0000
        chosen: up(agent2)  (best_value=41.0000)
[DEBUG d>=2] k=3 (idx=4 in order) at (14, 3) — 4 candidates, lookahead=1
    left(agent3)                                        value=38.0000
    wait(agent3)                                        value=39.0000
  * up(agent3)                                          value=40.0000
    down(agent3)                                        value=38.0000
        chosen: up(agent3)  (best_value=40.0000)
[DEBUG d>=2] k=1 (idx=5 in order) at (14, 5) — 4 candidates, lookahead=1
    left(agent1)                                        value=36.0000
  * wait(agent1)                                        value=37.0000
    up(agent1)                                          value=37.0000
    down(agent1)                                        value=36.0000
        chosen: wait(agent1)  (best_value=37.0000)
[DEBUG d>=2] k=8 (idx=6 in order) at (1, 4) — 3 candidates, lookahead=1
    right(agent8)                                       value=38.0000
    wait(agent8)                                        value=39.0000
  * up(agent8)                                          value=40.0000
        chosen: up(agent8)  (best_value=40.0000)
[DEBUG d>=2] k=5 (idx=7 in order) at (1, 1) — 2 candidates, lookahead=1
    right(agent5)                                       value=41.0000
  * wait(agent5)                                        value=42.0000
        chosen: wait(agent5)  (best_value=42.0000)
[DEBUG d>=2] k=6 (idx=8 in order) at (1, 2) — 4 candidates, lookahead=1
    right(agent6)                                       value=40.0000
    wait(agent6)                                        value=41.0000
  * up(agent6)                                          value=42.0000
    down(agent6)                                        value=42.0000
        chosen: up(agent6)  (best_value=42.0000)
[DEBUG d>=2] k=7 (idx=1 in order) at (1, 3) — 2 candidates, lookahead=1
    right(agent7)                                       value=39.0000
  * wait(agent7)                                        value=40.0000
        chosen: wait(agent7)  (best_value=40.0000)
[DEBUG d>=2] k=4 (idx=2 in order) at (14, 1) — 2 candidates, lookahead=1
    left(agent4)                                        value=40.0000
  * wait(agent4)                                        value=41.0000
        chosen: wait(agent4)  (best_value=41.0000)
[DEBUG d>=2] k=2 (idx=3 in order) at (14, 2) — 3 candidates, lookahead=1
    left(agent2)                                        value=39.0000
    wait(agent2)                                        value=40.0000
  * up(agent2)                                          value=41.0000
        chosen: up(agent2)  (best_value=41.0000)
[DEBUG d>=2] k=3 (idx=4 in order) at (14, 3) — 4 candidates, lookahead=1
    left(agent3)                                        value=38.0000
    wait(agent3)                                        value=39.0000
  * up(agent3)                                          value=40.0000
    down(agent3)                                        value=38.0000
        chosen: up(agent3)  (best_value=40.0000)
[DEBUG d>=2] k=1 (idx=5 in order) at (14, 5) — 3 candidates, lookahead=1
    left(agent1)                                        value=36.0000
  * wait(agent1)                                        value=37.0000
    down(agent1)                                        value=36.0000
        chosen: wait(agent1)  (best_value=37.0000)
[DEBUG d>=2] k=8 (idx=6 in order) at (1, 4) — 3 candidates, lookahead=1
    right(agent8)                                       value=38.0000
    wait(agent8)                                        value=39.0000
  * up(agent8)                                          value=40.0000
        chosen: up(agent8)  (best_value=40.0000)
[DEBUG d>=2] k=5 (idx=7 in order) at (1, 1) — 2 candidates, lookahead=1
    right(agent5)                                       value=41.0000
  * wait(agent5)                                        value=42.0000
        chosen: wait(agent5)  (best_value=42.0000)
[DEBUG d>=2] k=6 (idx=8 in order) at (1, 2) — 4 candidates, lookahead=1
    right(agent6)                                       value=40.0000
    wait(agent6)                                        value=41.0000
  * up(agent6)                                          value=42.0000
    down(agent6)                                        value=42.0000
        chosen: up(agent6)  (best_value=42.0000)
Finished map yes_line_8 → wrote yes_line_8.csv

[depth>=2 stats] fallbacks: 0 / 344 decisions (0.0%)
