source,run,condition,noise,agent_1,agent_2,agent_3,agent_4,agent_5,agent_6,agent_7,agent_8,first,last,gap,average,total,aggregate_welfare,gap_normalized,gini
simulation,1,,0.0001,16,27,33,45,62,80,40,53,16,80,64.0,44.5,356,-2.6363636363636362,0.8181818181818182,0.2415730337078652
simulation,2,,0.0001,16,26,38,54,48,31,66,82,16,82,66.0,45.125,361,-2.75,0.8636363636363636,0.256578947368421
simulation,3,,0.0001,16,29,23,56,42,37,63,47,16,63,47.0,39.125,313,-1.6590909090909092,0.4318181818181818,0.22084664536741205
simulation,4,,0.0001,16,59,29,35,42,29,46,81,16,81,65.0,42.125,337,-2.2045454545454546,0.8409090909090909,0.24591988130563802
simulation,5,,0.0001,16,24,32,27,58,39,50,62,16,62,46.0,38.5,308,-1.5454545454545454,0.4090909090909091,0.23051948051948057
experimental,,line,,16,20,24,28,32,36,40,44,16,44,28.0,30.0,240,0.0,0.0,0.17500000000000004
experimental,,1cut,,16,20,24,32,36,28,40,44,16,44,28.0,30.0,240,0.0,0.0,0.17500000000000004
