run,noise,agent_1,agent_2,agent_3,agent_4,agent_5,agent_6,agent_7,agent_8,aggregate_welfare,ordinal_harm_blind,cardinal_harm,inequality,gini
1,0.01,15,24,35,38,47,19,17,17,0.46511627906976744,12.0,1.0232558139534884,0.09302325581395349,0.04773910214703969
2,0.01,15,24,33,42,57,19,17,17,0.18604651162790697,12.0,1.302325581395349,0.32558139534883723,0.08235837438423643
3,0.01,15,24,33,42,51,21,17,17,0.27906976744186046,12.0,1.1627906976744187,0.18604651162790697,0.06214733542319739
4,0.01,15,24,33,42,51,19,17,17,0.32558139534883723,12.0,1.1627906976744187,0.18604651162790697,0.06552515026890227
5,0.01,15,24,33,42,51,19,17,17,0.32558139534883723,12.0,1.1627906976744187,0.18604651162790697,0.06552515026890227
