source,run,condition,noise,agent_1,agent_2,agent_3,agent_4,agent_5,agent_6,agent_7,agent_8,first,last,gap,average,total,aggregate_welfare,gap_normalized,gini
simulation,1,,0.0001,16,23,20,36,29,33,26,40,16,40,24.0,27.875,223,0.38636363636363635,-0.09090909090909091,0.15751121076233177
simulation,2,,0.0001,16,21,22,29,31,34,40,35,16,40,24.0,28.5,228,0.2727272727272727,-0.09090909090909091,0.1513157894736843
simulation,3,,0.0001,16,27,34,23,32,27,35,33,16,35,19.0,28.375,227,0.29545454545454547,-0.20454545454545456,0.11618942731277526
simulation,4,,0.0001,16,23,22,31,27,36,32,42,16,42,26.0,28.625,229,0.25,-0.045454545454545456,0.15447598253275108
simulation,5,,0.0001,17,27,24,31,38,31,26,36,17,38,21.0,28.75,230,0.22727272727272727,-0.1590909090909091,0.12282608695652164
experimental,,line,,16,20,24,28,32,36,40,44,16,44,28.0,30.0,240,0.0,0.0,0.17500000000000004
experimental,,1cut,,16,20,24,28,32,36,29,40,16,40,24.0,28.125,225,0.3409090909090909,-0.09090909090909091,0.15166666666666662
